T_K,T_C,J_MA_cm2,L_um,MTTF_hours
443.0,169.85,0.5,5.0,
443.0,169.85,0.5,15.0,
443.0,169.85,0.5,25.0,
443.0,169.85,0.5,35.0,
443.0,169.85,0.5,40.0,
443.0,169.85,0.5,50.0,
443.0,169.85,0.5,65.0,220916.88927619415
443.0,169.85,0.5,90.0,41668.452906476465
443.0,169.85,0.5,130.0,33741.76989155097
443.0,169.85,0.5,200.0,26706.027690780793
443.0,169.85,0.5,350.0,14621.990555250408
443.0,169.85,0.5,600.0,14837.581227098257
443.0,169.85,1.0,5.0,
443.0,169.85,1.0,15.0,
443.0,169.85,1.0,25.0,
443.0,169.85,1.0,35.0,32737.58529464658
443.0,169.85,1.0,40.0,17501.65727684401
443.0,169.85,1.0,50.0,11441.05456501475
443.0,169.85,1.0,65.0,7497.1295827195945
443.0,169.85,1.0,90.0,7852.346544945381
443.0,169.85,1.0,130.0,6702.433440249452
443.0,169.85,1.0,200.0,5451.33830915694
443.0,169.85,1.0,350.0,5942.535804822209
443.0,169.85,1.0,600.0,5180.270637024982
443.0,169.85,2.0,5.0,
443.0,169.85,2.0,15.0,
443.0,169.85,2.0,25.0,3102.4107538830344
443.0,169.85,2.0,35.0,2610.941841145752
443.0,169.85,2.0,40.0,1956.1022562466821
443.0,169.85,2.0,50.0,2300.726858637954
443.0,169.85,2.0,65.0,1821.4957189747045
443.0,169.85,2.0,90.0,1647.690831481939
443.0,169.85,2.0,130.0,1440.867697465462
443.0,169.85,2.0,200.0,1833.3141715618167
443.0,169.85,2.0,350.0,1441.0987013611004
443.0,169.85,2.0,600.0,1357.7803135959289
443.0,169.85,4.0,5.0,
443.0,169.85,4.0,15.0,920.5988722232105
443.0,169.85,4.0,25.0,750.8595223368756
443.0,169.85,4.0,35.0,652.4117785848077
443.0,169.85,4.0,40.0,635.3947853142572
443.0,169.85,4.0,50.0,609.0128321241016
443.0,169.85,4.0,65.0,756.3821369088428
443.0,169.85,4.0,90.0,498.0728656472756
443.0,169.85,4.0,130.0,476.88924323939546
443.0,169.85,4.0,200.0,446.2380535295172
443.0,169.85,4.0,350.0,543.8947035759271
443.0,169.85,4.0,600.0,582.0881428529606
443.0,169.85,8.0,5.0,737.2471713721898
443.0,169.85,8.0,15.0,220.38578292112282
443.0,169.85,8.0,25.0,194.9158088083676
443.0,169.85,8.0,35.0,231.5135890883012
443.0,169.85,8.0,40.0,231.28464166824932
443.0,169.85,8.0,50.0,219.89620733890615
443.0,169.85,8.0,65.0,180.06500649122475
443.0,169.85,8.0,90.0,202.5739046840395
443.0,169.85,8.0,130.0,196.46694968181487
443.0,169.85,8.0,200.0,197.44346059399967
443.0,169.85,8.0,350.0,215.9846590321011
443.0,169.85,8.0,600.0,195.10344670391362
455.0,181.85,0.5,5.0,
455.0,181.85,0.5,15.0,
455.0,181.85,0.5,25.0,
455.0,181.85,0.5,35.0,
455.0,181.85,0.5,40.0,
455.0,181.85,0.5,50.0,
455.0,181.85,0.5,65.0,124452.77262522858
455.0,181.85,0.5,90.0,26203.39715494549
455.0,181.85,0.5,130.0,16769.25304808816
455.0,181.85,0.5,200.0,13578.777466055373
455.0,181.85,0.5,350.0,8386.462294754645
455.0,181.85,0.5,600.0,9157.28510535598
455.0,181.85,1.0,5.0,
455.0,181.85,1.0,15.0,
455.0,181.85,1.0,25.0,
455.0,181.85,1.0,35.0,15939.52904681662
455.0,181.85,1.0,40.0,8880.968004053793
455.0,181.85,1.0,50.0,5861.861825768416
455.0,181.85,1.0,65.0,5678.7337794972855
455.0,181.85,1.0,90.0,3218.8955936941466
455.0,181.85,1.0,130.0,3673.1657569145655
455.0,181.85,1.0,200.0,2233.425131186686
455.0,181.85,1.0,350.0,2541.6850862211295
455.0,181.85,1.0,600.0,2635.7140468320913
455.0,181.85,2.0,5.0,
455.0,181.85,2.0,15.0,
455.0,181.85,2.0,25.0,2052.4146168258203
455.0,181.85,2.0,35.0,1463.8832355316129
455.0,181.85,2.0,40.0,1354.9961253796805
455.0,181.85,2.0,50.0,1019.3437760146027
455.0,181.85,2.0,65.0,911.9267372213441
455.0,181.85,2.0,90.0,1026.1468029248663
455.0,181.85,2.0,130.0,825.8844169245971
455.0,181.85,2.0,200.0,671.2601402687673
455.0,181.85,2.0,350.0,662.723394219467
455.0,181.85,2.0,600.0,671.7915670761469
455.0,181.85,4.0,5.0,
455.0,181.85,4.0,15.0,556.9240200920563
455.0,181.85,4.0,25.0,377.1889794611645
455.0,181.85,4.0,35.0,364.83397577493065
455.0,181.85,4.0,40.0,298.3475246432559
455.0,181.85,4.0,50.0,311.3779390392702
455.0,181.85,4.0,65.0,320.90605298708306
455.0,181.85,4.0,90.0,269.1629411262363
455.0,181.85,4.0,130.0,293.725963400493
455.0,181.85,4.0,200.0,243.14059370406005
455.0,181.85,4.0,350.0,250.11253312441374
455.0,181.85,4.0,600.0,247.15746098744086
455.0,181.85,8.0,5.0,333.835932992411
455.0,181.85,8.0,15.0,143.23106766905116
455.0,181.85,8.0,25.0,109.4907223083756
455.0,181.85,8.0,35.0,112.04874978572803
455.0,181.85,8.0,40.0,118.42541001903025
455.0,181.85,8.0,50.0,115.43094325967353
455.0,181.85,8.0,65.0,117.0922898787238
455.0,181.85,8.0,90.0,102.66980183207119
455.0,181.85,8.0,130.0,96.49651318707267
455.0,181.85,8.0,200.0,100.55466577435716
455.0,181.85,8.0,350.0,78.36701966482107
455.0,181.85,8.0,600.0,80.87736390980538
456.42,183.27,0.5,5.0,
456.42,183.27,0.5,15.0,
456.42,183.27,0.5,25.0,
456.42,183.27,0.5,35.0,
456.42,183.27,0.5,40.0,
456.42,183.27,0.5,50.0,
456.42,183.27,0.5,65.0,85649.64269174972
456.42,183.27,0.5,90.0,20754.14326064123
456.42,183.27,0.5,130.0,15842.971759082937
456.42,183.27,0.5,200.0,10019.906087048306
456.42,183.27,0.5,350.0,9161.853320856902
456.42,183.27,0.5,600.0,10847.833664071488
456.42,183.27,1.0,5.0,
456.42,183.27,1.0,15.0,
456.42,183.27,1.0,25.0,
456.42,183.27,1.0,35.0,15066.88292952421
456.42,183.27,1.0,40.0,10144.688771519575
456.42,183.27,1.0,50.0,4934.624980838071
456.42,183.27,1.0,65.0,4088.8026358645448
456.42,183.27,1.0,90.0,2953.498495212423
456.42,183.27,1.0,130.0,2805.3769121563446
456.42,183.27,1.0,200.0,3030.094322324595
456.42,183.27,1.0,350.0,1916.5806629140354
456.42,183.27,1.0,600.0,2551.000000408671
456.42,183.27,2.0,5.0,
456.42,183.27,2.0,15.0,
456.42,183.27,2.0,25.0,1809.9960705034275
456.42,183.27,2.0,35.0,1118.3639927323875
456.42,183.27,2.0,40.0,899.8461750707979
456.42,183.27,2.0,50.0,1008.9074091087506
456.42,183.27,2.0,65.0,838.8813173149637
456.42,183.27,2.0,90.0,868.1390255663981
456.42,183.27,2.0,130.0,792.3546048132218
456.42,183.27,2.0,200.0,960.4070991702027
456.42,183.27,2.0,350.0,704.1758835751593
456.42,183.27,2.0,600.0,614.5695260822208
456.42,183.27,4.0,5.0,
456.42,183.27,4.0,15.0,493.4032430043812
456.42,183.27,4.0,25.0,354.5901791109864
456.42,183.27,4.0,35.0,374.77597375821836
456.42,183.27,4.0,40.0,335.0213639259726
456.42,183.27,4.0,50.0,298.07282606277204
456.42,183.27,4.0,65.0,338.1149771815708
456.42,183.27,4.0,90.0,219.20013476571873
456.42,183.27,4.0,130.0,231.53914256736834
456.42,183.27,4.0,200.0,217.13582353580162
456.42,183.27,4.0,350.0,231.476481679292
456.42,183.27,4.0,600.0,197.82130260968177
456.42,183.27,8.0,5.0,408.24968665559436
456.42,183.27,8.0,15.0,119.6607468126693
456.42,183.27,8.0,25.0,87.5499901740934
456.42,183.27,8.0,35.0,89.23771680052334
456.42,183.27,8.0,40.0,107.3161457305343
456.42,183.27,8.0,50.0,113.74879766889352
456.42,183.27,8.0,65.0,132.8532340329892
456.42,183.27,8.0,90.0,149.89738282714038
456.42,183.27,8.0,130.0,101.67116760348621
456.42,183.27,8.0,200.0,81.51680970743081
456.42,183.27,8.0,350.0,68.12042644992331
456.42,183.27,8.0,600.0,97.19684902889182
457.31,184.16,0.5,5.0,
457.31,184.16,0.5,15.0,
457.31,184.16,0.5,25.0,
457.31,184.16,0.5,35.0,
457.31,184.16,0.5,40.0,
457.31,184.16,0.5,50.0,
457.31,184.16,0.5,65.0,88326.66577185175
457.31,184.16,0.5,90.0,21635.653071860575
457.31,184.16,0.5,130.0,13004.020098760324
457.31,184.16,0.5,200.0,10735.866769461705
457.31,184.16,0.5,350.0,10869.743736945577
457.31,184.16,0.5,600.0,8731.62646667833
457.31,184.16,1.0,5.0,
457.31,184.16,1.0,15.0,
457.31,184.16,1.0,25.0,
457.31,184.16,1.0,35.0,14827.102320178205
457.31,184.16,1.0,40.0,7428.233801124367
457.31,184.16,1.0,50.0,4218.291172517664
457.31,184.16,1.0,65.0,3745.049529917222
457.31,184.16,1.0,90.0,3227.602320457318
457.31,184.16,1.0,130.0,3676.258679882741
457.31,184.16,1.0,200.0,2602.3162873179463
457.31,184.16,1.0,350.0,2749.3510603912127
457.31,184.16,1.0,600.0,2118.5688184098335
457.31,184.16,2.0,5.0,
457.31,184.16,2.0,15.0,
457.31,184.16,2.0,25.0,1396.8727541044138
457.31,184.16,2.0,35.0,1010.5907872424362
457.31,184.16,2.0,40.0,957.8218713693656
457.31,184.16,2.0,50.0,1312.1043572045155
457.31,184.16,2.0,65.0,767.0855745958759
457.31,184.16,2.0,90.0,908.2657758420268
457.31,184.16,2.0,130.0,658.922120005742
457.31,184.16,2.0,200.0,829.7625673972602
457.31,184.16,2.0,350.0,738.7705389709251
457.31,184.16,2.0,600.0,668.6523216275991
457.31,184.16,4.0,5.0,
457.31,184.16,4.0,15.0,456.06451270015157
457.31,184.16,4.0,25.0,297.0968745967752
457.31,184.16,4.0,35.0,312.20947605243805
457.31,184.16,4.0,40.0,263.74779269196483
457.31,184.16,4.0,50.0,224.5906783312722
457.31,184.16,4.0,65.0,214.11497969575626
457.31,184.16,4.0,90.0,256.8522553641308
457.31,184.16,4.0,130.0,308.5514431697887
457.31,184.16,4.0,200.0,244.15943351230396
457.31,184.16,4.0,350.0,230.3194413937172
457.31,184.16,4.0,600.0,242.5127233041898
457.31,184.16,8.0,5.0,431.30685856461105
457.31,184.16,8.0,15.0,122.14570444825733
457.31,184.16,8.0,25.0,98.05269400547263
457.31,184.16,8.0,35.0,117.20179292744639
457.31,184.16,8.0,40.0,104.31119822839861
457.31,184.16,8.0,50.0,120.65679657770244
457.31,184.16,8.0,65.0,96.69229977814341
457.31,184.16,8.0,90.0,76.97759787894924
457.31,184.16,8.0,130.0,74.34167421288092
457.31,184.16,8.0,200.0,115.72218745708072
457.31,184.16,8.0,350.0,116.04141326810576
457.31,184.16,8.0,600.0,86.83127903045616
459.62,186.47,0.5,5.0,
459.62,186.47,0.5,15.0,
459.62,186.47,0.5,25.0,
459.62,186.47,0.5,35.0,
459.62,186.47,0.5,40.0,
459.62,186.47,0.5,50.0,
459.62,186.47,0.5,65.0,83682.33710294709
459.62,186.47,0.5,90.0,25467.05362761141
459.62,186.47,0.5,130.0,10724.587749343718
459.62,186.47,0.5,200.0,8516.645654370332
459.62,186.47,0.5,350.0,9062.16378940328
459.62,186.47,0.5,600.0,7140.097394286756
459.62,186.47,1.0,5.0,
459.62,186.47,1.0,15.0,
459.62,186.47,1.0,25.0,
459.62,186.47,1.0,35.0,13477.296105324198
459.62,186.47,1.0,40.0,7520.5746931233825
459.62,186.47,1.0,50.0,5067.2159518249755
459.62,186.47,1.0,65.0,4419.498014508417
459.62,186.47,1.0,90.0,2929.7511122659525
459.62,186.47,1.0,130.0,2758.865967951986
459.62,186.47,1.0,200.0,1666.7202029190762
459.62,186.47,1.0,350.0,2092.101428593329
459.62,186.47,1.0,600.0,1787.2415263769053
459.62,186.47,2.0,5.0,
459.62,186.47,2.0,15.0,
459.62,186.47,2.0,25.0,1234.515279901398
459.62,186.47,2.0,35.0,909.4662110990744
459.62,186.47,2.0,40.0,902.212451767858
459.62,186.47,2.0,50.0,971.678743076164
459.62,186.47,2.0,65.0,631.6719987498764
459.62,186.47,2.0,90.0,714.7130932496149
459.62,186.47,2.0,130.0,623.2463215815903
459.62,186.47,2.0,200.0,610.1931159648728
459.62,186.47,2.0,350.0,719.9496001389575
459.62,186.47,2.0,600.0,659.1822402300799
459.62,186.47,4.0,5.0,
459.62,186.47,4.0,15.0,498.14000894627395
459.62,186.47,4.0,25.0,284.4687413644512
459.62,186.47,4.0,35.0,233.66651478276566
459.62,186.47,4.0,40.0,242.54440949370263
459.62,186.47,4.0,50.0,248.64290023014058
459.62,186.47,4.0,65.0,236.5625391572898
459.62,186.47,4.0,90.0,188.94905896647379
459.62,186.47,4.0,130.0,219.22994825941657
459.62,186.47,4.0,200.0,219.111283729592
459.62,186.47,4.0,350.0,303.811330598514
459.62,186.47,4.0,600.0,273.48034572025443
459.62,186.47,8.0,5.0,277.1214483984869
459.62,186.47,8.0,15.0,100.55678186731593
459.62,186.47,8.0,25.0,74.37728772033432
459.62,186.47,8.0,35.0,80.71065724936433
459.62,186.47,8.0,40.0,91.09735927897393
459.62,186.47,8.0,50.0,102.00150601604513
459.62,186.47,8.0,65.0,74.90411569742075
459.62,186.47,8.0,90.0,74.48409717372378
459.62,186.47,8.0,130.0,58.751989793415554
459.62,186.47,8.0,200.0,78.31006315519615
459.62,186.47,8.0,350.0,67.86754436684714
459.62,186.47,8.0,600.0,73.18582043832915
461.92,188.77,0.5,5.0,
461.92,188.77,0.5,15.0,
461.92,188.77,0.5,25.0,
461.92,188.77,0.5,35.0,
461.92,188.77,0.5,40.0,
461.92,188.77,0.5,50.0,
461.92,188.77,0.5,65.0,69069.80082738448
461.92,188.77,0.5,90.0,17924.531765154563
461.92,188.77,0.5,130.0,8645.831596437703
461.92,188.77,0.5,200.0,6947.038932107504
461.92,188.77,0.5,350.0,10065.730724805791
461.92,188.77,0.5,600.0,5550.81346447038
461.92,188.77,1.0,5.0,
461.92,188.77,1.0,15.0,
461.92,188.77,1.0,25.0,
461.92,188.77,1.0,35.0,10169.546651084036
461.92,188.77,1.0,40.0,9023.539925894323
461.92,188.77,1.0,50.0,6619.740216502561
461.92,188.77,1.0,65.0,2667.947722993384
461.92,188.77,1.0,90.0,2430.83078143825
461.92,188.77,1.0,130.0,2343.4001184710523
461.92,188.77,1.0,200.0,2611.249639565331
461.92,188.77,1.0,350.0,1615.4101974028993
461.92,188.77,1.0,600.0,1737.603625397239
461.92,188.77,2.0,5.0,
461.92,188.77,2.0,15.0,
461.92,188.77,2.0,25.0,1480.2954432039778
461.92,188.77,2.0,35.0,984.3054853314673
461.92,188.77,2.0,40.0,796.8654316234914
461.92,188.77,2.0,50.0,737.8253191022296
461.92,188.77,2.0,65.0,557.3734575244499
461.92,188.77,2.0,90.0,610.1477235095473
461.92,188.77,2.0,130.0,572.3494897877157
461.92,188.77,2.0,200.0,589.8643689002718
461.92,188.77,2.0,350.0,506.5429623850551
461.92,188.77,2.0,600.0,580.0731340059477
461.92,188.77,4.0,5.0,
461.92,188.77,4.0,15.0,421.71069647944427
461.92,188.77,4.0,25.0,264.87401965658825
461.92,188.77,4.0,35.0,243.0313604624028
461.92,188.77,4.0,40.0,224.72504647159417
461.92,188.77,4.0,50.0,213.10746325380606
461.92,188.77,4.0,65.0,183.76055698066492
461.92,188.77,4.0,90.0,207.21367113257892
461.92,188.77,4.0,130.0,189.44436689823044
461.92,188.77,4.0,200.0,257.6137658078493
461.92,188.77,4.0,350.0,234.37671276379103
461.92,188.77,4.0,600.0,194.36167692399593
461.92,188.77,8.0,5.0,249.6661092345757
461.92,188.77,8.0,15.0,78.97323788537147
461.92,188.77,8.0,25.0,98.44313333736893
461.92,188.77,8.0,35.0,81.53478602320813
461.92,188.77,8.0,40.0,82.99250195278519
461.92,188.77,8.0,50.0,58.239413060866
461.92,188.77,8.0,65.0,85.35575499797065
461.92,188.77,8.0,90.0,78.1798035543727
461.92,188.77,8.0,130.0,61.00735691796201
461.92,188.77,8.0,200.0,66.45253751375759
461.92,188.77,8.0,350.0,73.59803743625464
461.92,188.77,8.0,600.0,70.9821413586663
464.23,191.08,0.5,5.0,
464.23,191.08,0.5,15.0,
464.23,191.08,0.5,25.0,
464.23,191.08,0.5,35.0,
464.23,191.08,0.5,40.0,
464.23,191.08,0.5,50.0,
464.23,191.08,0.5,65.0,67058.77873353733
464.23,191.08,0.5,90.0,15919.342800534238
464.23,191.08,0.5,130.0,9637.757445332521
464.23,191.08,0.5,200.0,7877.457271273858
464.23,191.08,0.5,350.0,8111.005775813929
464.23,191.08,0.5,600.0,4074.7426822973953
464.23,191.08,1.0,5.0,
464.23,191.08,1.0,15.0,
464.23,191.08,1.0,25.0,
464.23,191.08,1.0,35.0,10289.62823146284
464.23,191.08,1.0,40.0,6255.900103661024
464.23,191.08,1.0,50.0,3980.6441026218217
464.23,191.08,1.0,65.0,2675.1510121986294
464.23,191.08,1.0,90.0,1755.4244006954414
464.23,191.08,1.0,130.0,2079.8949710056295
464.23,191.08,1.0,200.0,2321.8755187146
464.23,191.08,1.0,350.0,1323.5092856716933
464.23,191.08,1.0,600.0,1825.0754107636762
464.23,191.08,2.0,5.0,
464.23,191.08,2.0,15.0,
464.23,191.08,2.0,25.0,1115.2858756520895
464.23,191.08,2.0,35.0,812.6262034024963
464.23,191.08,2.0,40.0,640.2911187553212
464.23,191.08,2.0,50.0,636.7394921651401
464.23,191.08,2.0,65.0,740.4255193018967
464.23,191.08,2.0,90.0,613.7415654934815
464.23,191.08,2.0,130.0,686.9786099194495
464.23,191.08,2.0,200.0,604.5155649310014
464.23,191.08,2.0,350.0,522.9677077230157
464.23,191.08,2.0,600.0,624.3818249880301
464.23,191.08,4.0,5.0,
464.23,191.08,4.0,15.0,344.12660164817606
464.23,191.08,4.0,25.0,260.5739332542362
464.23,191.08,4.0,35.0,196.11277514046665
464.23,191.08,4.0,40.0,200.2636404037235
464.23,191.08,4.0,50.0,170.70191006624998
464.23,191.08,4.0,65.0,211.25234687131416
464.23,191.08,4.0,90.0,147.2717171971135
464.23,191.08,4.0,130.0,192.24862095565388
464.23,191.08,4.0,200.0,162.65591481283843
464.23,191.08,4.0,350.0,196.24463606680098
464.23,191.08,4.0,600.0,182.58623717145397
464.23,191.08,8.0,5.0,327.15316582399424
464.23,191.08,8.0,15.0,92.60428821568257
464.23,191.08,8.0,25.0,57.844019255068766
464.23,191.08,8.0,35.0,69.0149317151233
464.23,191.08,8.0,40.0,57.608848022469076
464.23,191.08,8.0,50.0,62.25611345260819
464.23,191.08,8.0,65.0,82.85937211374511
464.23,191.08,8.0,90.0,71.4663607190139
464.23,191.08,8.0,130.0,57.71216547982249
464.23,191.08,8.0,200.0,54.48402712303222
464.23,191.08,8.0,350.0,63.22669393673132
464.23,191.08,8.0,600.0,52.18644381278594
466.54,193.39,0.5,5.0,
466.54,193.39,0.5,15.0,
466.54,193.39,0.5,25.0,
466.54,193.39,0.5,35.0,
466.54,193.39,0.5,40.0,
466.54,193.39,0.5,50.0,
466.54,193.39,0.5,65.0,56377.56318497636
466.54,193.39,0.5,90.0,15077.5465999628
466.54,193.39,0.5,130.0,10592.317365018744
466.54,193.39,0.5,200.0,7506.596087832473
466.54,193.39,0.5,350.0,4104.778376794106
466.54,193.39,0.5,600.0,5577.87830855629
466.54,193.39,1.0,5.0,
466.54,193.39,1.0,15.0,
466.54,193.39,1.0,25.0,
466.54,193.39,1.0,35.0,9590.913057018563
466.54,193.39,1.0,40.0,5768.884951459996
466.54,193.39,1.0,50.0,4318.132826463483
466.54,193.39,1.0,65.0,1847.1693301453397
466.54,193.39,1.0,90.0,1860.6027659377237
466.54,193.39,1.0,130.0,1925.3372005031158
466.54,193.39,1.0,200.0,1257.8207728113389
466.54,193.39,1.0,350.0,1849.851608965594
466.54,193.39,1.0,600.0,1507.7940594344807
466.54,193.39,2.0,5.0,
466.54,193.39,2.0,15.0,
466.54,193.39,2.0,25.0,1183.7936533574236
466.54,193.39,2.0,35.0,669.9314742751753
466.54,193.39,2.0,40.0,753.9072682107611
466.54,193.39,2.0,50.0,699.3468783587476
466.54,193.39,2.0,65.0,561.4356471159158
466.54,193.39,2.0,90.0,518.3666870828154
466.54,193.39,2.0,130.0,490.9562398252597
466.54,193.39,2.0,200.0,396.09771782766126
466.54,193.39,2.0,350.0,426.1854208866126
466.54,193.39,2.0,600.0,418.06654539456736
466.54,193.39,4.0,5.0,
466.54,193.39,4.0,15.0,303.6928477687822
466.54,193.39,4.0,25.0,237.93776365325584
466.54,193.39,4.0,35.0,155.67059523915879
466.54,193.39,4.0,40.0,173.16563625944616
466.54,193.39,4.0,50.0,210.62890118700898
466.54,193.39,4.0,65.0,144.95518838204345
466.54,193.39,4.0,90.0,138.24596250064397
466.54,193.39,4.0,130.0,156.8249022207838
466.54,193.39,4.0,200.0,169.05761139126426
466.54,193.39,4.0,350.0,146.75080825010897
466.54,193.39,4.0,600.0,177.20077859122696
466.54,193.39,8.0,5.0,251.94170462255278
466.54,193.39,8.0,15.0,83.79215219412148
466.54,193.39,8.0,25.0,70.81144754222036
466.54,193.39,8.0,35.0,87.95813140243834
466.54,193.39,8.0,40.0,59.26684781279623
466.54,193.39,8.0,50.0,44.336908051441945
466.54,193.39,8.0,65.0,74.77217666631933
466.54,193.39,8.0,90.0,53.96247896953531
466.54,193.39,8.0,130.0,57.9648458255797
466.54,193.39,8.0,200.0,68.69970354425969
466.54,193.39,8.0,350.0,44.027632017472314
466.54,193.39,8.0,600.0,46.19662771677802
468.85,195.7,0.5,5.0,
468.85,195.7,0.5,15.0,
468.85,195.7,0.5,25.0,
468.85,195.7,0.5,35.0,
468.85,195.7,0.5,40.0,
468.85,195.7,0.5,50.0,
468.85,195.7,0.5,65.0,43662.42860142145
468.85,195.7,0.5,90.0,11372.772860279005
468.85,195.7,0.5,130.0,8471.562847688056
468.85,195.7,0.5,200.0,6599.760947895375
468.85,195.7,0.5,350.0,5372.125640414678
468.85,195.7,0.5,600.0,3838.861894671207
468.85,195.7,1.0,5.0,
468.85,195.7,1.0,15.0,
468.85,195.7,1.0,25.0,
468.85,195.7,1.0,35.0,5974.096676464188
468.85,195.7,1.0,40.0,4867.038629773178
468.85,195.7,1.0,50.0,2811.062696895667
468.85,195.7,1.0,65.0,2401.2401741902195
468.85,195.7,1.0,90.0,2011.330455006681
468.85,195.7,1.0,130.0,1601.8172215909265
468.85,195.7,1.0,200.0,1591.3411659398098
468.85,195.7,1.0,350.0,1366.1985934482257
468.85,195.7,1.0,600.0,1375.532968128248
468.85,195.7,2.0,5.0,
468.85,195.7,2.0,15.0,
468.85,195.7,2.0,25.0,835.2476720108641
468.85,195.7,2.0,35.0,632.5837528910712
468.85,195.7,2.0,40.0,611.9549051224976
468.85,195.7,2.0,50.0,599.9778673970504
468.85,195.7,2.0,65.0,455.0656254217244
468.85,195.7,2.0,90.0,481.8511248653581
468.85,195.7,2.0,130.0,403.37435643415586
468.85,195.7,2.0,200.0,394.44068258659007
468.85,195.7,2.0,350.0,439.38192812398256
468.85,195.7,2.0,600.0,282.4488024619189
468.85,195.7,4.0,5.0,
468.85,195.7,4.0,15.0,210.18209057055404
468.85,195.7,4.0,25.0,146.0056115047546
468.85,195.7,4.0,35.0,114.48199485461315
468.85,195.7,4.0,40.0,141.91064803633532
468.85,195.7,4.0,50.0,168.04502275155278
468.85,195.7,4.0,65.0,138.26437782739384
468.85,195.7,4.0,90.0,143.44874746677675
468.85,195.7,4.0,130.0,159.509577363591
468.85,195.7,4.0,200.0,161.85033566099727
468.85,195.7,4.0,350.0,129.10018465588448
468.85,195.7,4.0,600.0,158.36691494287714
468.85,195.7,8.0,5.0,200.02352640090447
468.85,195.7,8.0,15.0,57.997155754421534
468.85,195.7,8.0,25.0,53.0736466487059
468.85,195.7,8.0,35.0,44.23736704439884
468.85,195.7,8.0,40.0,47.63375394871485
468.85,195.7,8.0,50.0,50.530679668653256
468.85,195.7,8.0,65.0,59.04399270524952
468.85,195.7,8.0,90.0,66.61945958592231
468.85,195.7,8.0,130.0,41.275321819821684
468.85,195.7,8.0,200.0,53.312656558893416
468.85,195.7,8.0,350.0,42.649354451075396
468.85,195.7,8.0,600.0,53.292510642903075
469.84,196.69,0.5,5.0,
469.84,196.69,0.5,15.0,
469.84,196.69,0.5,25.0,
469.84,196.69,0.5,35.0,
469.84,196.69,0.5,40.0,
469.84,196.69,0.5,50.0,
469.84,196.69,0.5,65.0,51785.33011818867
469.84,196.69,0.5,90.0,9260.86041508304
469.84,196.69,0.5,130.0,8672.042140735386
469.84,196.69,0.5,200.0,5300.204389989991
469.84,196.69,0.5,350.0,4525.7700645910645
469.84,196.69,0.5,600.0,3844.786985029674
469.84,196.69,1.0,5.0,
469.84,196.69,1.0,15.0,
469.84,196.69,1.0,25.0,
469.84,196.69,1.0,35.0,7285.573540200728
469.84,196.69,1.0,40.0,4896.919995536624
469.84,196.69,1.0,50.0,2789.974870078164
469.84,196.69,1.0,65.0,2239.980177880197
469.84,196.69,1.0,90.0,1818.2634443057543
469.84,196.69,1.0,130.0,1819.5551001072458
469.84,196.69,1.0,200.0,1283.0364751220202
469.84,196.69,1.0,350.0,1006.2313285310624
469.84,196.69,1.0,600.0,1418.3655177166927
469.84,196.69,2.0,5.0,
469.84,196.69,2.0,15.0,
469.84,196.69,2.0,25.0,840.3313653580129
469.84,196.69,2.0,35.0,730.7222621258522
469.84,196.69,2.0,40.0,598.6870375973378
469.84,196.69,2.0,50.0,494.83932057161917
469.84,196.69,2.0,65.0,483.91508114023515
469.84,196.69,2.0,90.0,568.0459034404254
469.84,196.69,2.0,130.0,545.3229522022561
469.84,196.69,2.0,200.0,385.9074223774803
469.84,196.69,2.0,350.0,378.06268008931505
469.84,196.69,2.0,600.0,425.8054799551969
469.84,196.69,4.0,5.0,
469.84,196.69,4.0,15.0,213.937985619881
469.84,196.69,4.0,25.0,182.36745959637892
469.84,196.69,4.0,35.0,153.95660703087665
469.84,196.69,4.0,40.0,156.6656249963755
469.84,196.69,4.0,50.0,126.07812685010028
469.84,196.69,4.0,65.0,108.15391577732525
469.84,196.69,4.0,90.0,97.07190787373605
469.84,196.69,4.0,130.0,108.98431405052412
469.84,196.69,4.0,200.0,117.77877546190766
469.84,196.69,4.0,350.0,118.75599422696742
469.84,196.69,4.0,600.0,164.44096281535045
469.84,196.69,8.0,5.0,221.54046018621517
469.84,196.69,8.0,15.0,54.151207680261095
469.84,196.69,8.0,25.0,58.15355825481818
469.84,196.69,8.0,35.0,49.4359958880436
469.84,196.69,8.0,40.0,49.61024514792177
469.84,196.69,8.0,50.0,52.15250733479994
469.84,196.69,8.0,65.0,54.63698086553522
469.84,196.69,8.0,90.0,46.529322838729136
469.84,196.69,8.0,130.0,56.67085077747805
469.84,196.69,8.0,200.0,40.28781825309909
469.84,196.69,8.0,350.0,47.47175141273709
469.84,196.69,8.0,600.0,69.70921668709565
471.15,198.0,0.5,5.0,
471.15,198.0,0.5,15.0,
471.15,198.0,0.5,25.0,
471.15,198.0,0.5,35.0,
471.15,198.0,0.5,40.0,
471.15,198.0,0.5,50.0,
471.15,198.0,0.5,65.0,51144.84589198996
471.15,198.0,0.5,90.0,14151.843079132233
471.15,198.0,0.5,130.0,7163.635754419133
471.15,198.0,0.5,200.0,5930.104956703351
471.15,198.0,0.5,350.0,4552.994535864345
471.15,198.0,0.5,600.0,4120.810149972277
471.15,198.0,1.0,5.0,
471.15,198.0,1.0,15.0,
471.15,198.0,1.0,25.0,
471.15,198.0,1.0,35.0,6696.239863198637
471.15,198.0,1.0,40.0,4587.787720716125
471.15,198.0,1.0,50.0,2365.805411133674
471.15,198.0,1.0,65.0,2206.5613613862206
471.15,198.0,1.0,90.0,1898.030033145707
471.15,198.0,1.0,130.0,1476.8365595954226
471.15,198.0,1.0,200.0,1211.8401437191553
471.15,198.0,1.0,350.0,1258.9340369096278
471.15,198.0,1.0,600.0,1080.637020358899
471.15,198.0,2.0,5.0,
471.15,198.0,2.0,15.0,
471.15,198.0,2.0,25.0,951.7300638392071
471.15,198.0,2.0,35.0,439.9070800062564
471.15,198.0,2.0,40.0,503.3678281450512
471.15,198.0,2.0,50.0,350.62307714142855
471.15,198.0,2.0,65.0,343.69814525572383
471.15,198.0,2.0,90.0,487.1438886918279
471.15,198.0,2.0,130.0,427.7499162118914
471.15,198.0,2.0,200.0,321.08251750721655
471.15,198.0,2.0,350.0,275.9130422480861
471.15,198.0,2.0,600.0,217.52137679436942
471.15,198.0,4.0,5.0,
471.15,198.0,4.0,15.0,209.6502931443857
471.15,198.0,4.0,25.0,233.5871435525878
471.15,198.0,4.0,35.0,154.50287661599918
471.15,198.0,4.0,40.0,128.70481665810132
471.15,198.0,4.0,50.0,143.46612985057845
471.15,198.0,4.0,65.0,101.72535530134964
471.15,198.0,4.0,90.0,118.65627760594049
471.15,198.0,4.0,130.0,122.50637371098138
471.15,198.0,4.0,200.0,116.64371670982656
471.15,198.0,4.0,350.0,130.85638610170327
471.15,198.0,4.0,600.0,121.2789887412589
471.15,198.0,8.0,5.0,194.29643173123202
471.15,198.0,8.0,15.0,52.8399724229599
471.15,198.0,8.0,25.0,59.147419813482365
471.15,198.0,8.0,35.0,62.83491907003403
471.15,198.0,8.0,40.0,41.9198462583686
471.15,198.0,8.0,50.0,41.581232379709505
471.15,198.0,8.0,65.0,56.97615224139641
471.15,198.0,8.0,90.0,44.5539023115247
471.15,198.0,8.0,130.0,55.85088205912097
471.15,198.0,8.0,200.0,41.90433912944307
471.15,198.0,8.0,350.0,55.250128216858386
471.15,198.0,8.0,600.0,45.09783374864296
473.46,200.31,0.5,5.0,
473.46,200.31,0.5,15.0,
473.46,200.31,0.5,25.0,
473.46,200.31,0.5,35.0,
473.46,200.31,0.5,40.0,
473.46,200.31,0.5,50.0,
473.46,200.31,0.5,65.0,45834.183248441215
473.46,200.31,0.5,90.0,12867.00757383677
473.46,200.31,0.5,130.0,5966.259178251151
473.46,200.31,0.5,200.0,4207.4346722373675
473.46,200.31,0.5,350.0,3827.1258520615825
473.46,200.31,0.5,600.0,4033.1878747121123
473.46,200.31,1.0,5.0,
473.46,200.31,1.0,15.0,
473.46,200.31,1.0,25.0,
473.46,200.31,1.0,35.0,5305.270392362614
473.46,200.31,1.0,40.0,4218.878980804139
473.46,200.31,1.0,50.0,2210.302725720818
473.46,200.31,1.0,65.0,2114.5997675661606
473.46,200.31,1.0,90.0,1003.9884470234067
473.46,200.31,1.0,130.0,1107.4209573851458
473.46,200.31,1.0,200.0,875.642968521572
473.46,200.31,1.0,350.0,926.1974766197184
473.46,200.31,1.0,600.0,1047.1766433250436
473.46,200.31,2.0,5.0,
473.46,200.31,2.0,15.0,
473.46,200.31,2.0,25.0,717.77882080884
473.46,200.31,2.0,35.0,496.8876216332495
473.46,200.31,2.0,40.0,460.7615357167231
473.46,200.31,2.0,50.0,434.3879003622119
473.46,200.31,2.0,65.0,329.5864190006128
473.46,200.31,2.0,90.0,393.5089205860706
473.46,200.31,2.0,130.0,368.2481207622019
473.46,200.31,2.0,200.0,337.8060677080707
473.46,200.31,2.0,350.0,334.9687934458586
473.46,200.31,2.0,600.0,316.2506965685232
473.46,200.31,4.0,5.0,
473.46,200.31,4.0,15.0,275.1516170570129
473.46,200.31,4.0,25.0,142.95428914087856
473.46,200.31,4.0,35.0,123.22521268602036
473.46,200.31,4.0,40.0,111.44423510956943
473.46,200.31,4.0,50.0,102.16545770740578
473.46,200.31,4.0,65.0,95.09207744644812
473.46,200.31,4.0,90.0,96.79602065732134
473.46,200.31,4.0,130.0,106.45639532531612
473.46,200.31,4.0,200.0,110.75046268015447
473.46,200.31,4.0,350.0,104.40179931150784
473.46,200.31,4.0,600.0,91.5296162810764
473.46,200.31,8.0,5.0,179.33577029042584
473.46,200.31,8.0,15.0,58.35422639821104
473.46,200.31,8.0,25.0,44.99311589888941
473.46,200.31,8.0,35.0,39.77859996117265
473.46,200.31,8.0,40.0,46.92929351123907
473.46,200.31,8.0,50.0,43.55808759186081
473.46,200.31,8.0,65.0,33.45302266661435
473.46,200.31,8.0,90.0,40.45945617836984
473.46,200.31,8.0,130.0,41.951473975078294
473.46,200.31,8.0,200.0,34.87993050271937
473.46,200.31,8.0,350.0,40.73902264964726
473.46,200.31,8.0,600.0,31.6894575092575
475.77,202.62,0.5,5.0,
475.77,202.62,0.5,15.0,
475.77,202.62,0.5,25.0,
475.77,202.62,0.5,35.0,
475.77,202.62,0.5,40.0,
475.77,202.62,0.5,50.0,
475.77,202.62,0.5,65.0,48057.097883312366
475.77,202.62,0.5,90.0,10944.284507049879
475.77,202.62,0.5,130.0,5409.594731205084
475.77,202.62,0.5,200.0,4564.028449115126
475.77,202.62,0.5,350.0,2543.5900976848075
475.77,202.62,0.5,600.0,2826.1657585065986
475.77,202.62,1.0,5.0,
475.77,202.62,1.0,15.0,
475.77,202.62,1.0,25.0,
475.77,202.62,1.0,35.0,5726.839699688913
475.77,202.62,1.0,40.0,2911.868407605023
475.77,202.62,1.0,50.0,2379.21532032819
475.77,202.62,1.0,65.0,2142.458967747207
475.77,202.62,1.0,90.0,1074.9707284985038
475.77,202.62,1.0,130.0,980.262668221009
475.77,202.62,1.0,200.0,1042.0153937094403
475.77,202.62,1.0,350.0,1190.7699475839465
475.77,202.62,1.0,600.0,749.2052351508245
475.77,202.62,2.0,5.0,
475.77,202.62,2.0,15.0,
475.77,202.62,2.0,25.0,682.7078102336245
475.77,202.62,2.0,35.0,605.0017979891363
475.77,202.62,2.0,40.0,328.54064895180505
475.77,202.62,2.0,50.0,310.1125751688646
475.77,202.62,2.0,65.0,320.9367579058686
475.77,202.62,2.0,90.0,291.9708910801888
475.77,202.62,2.0,130.0,335.93353557496846
475.77,202.62,2.0,200.0,294.89852490607836
475.77,202.62,2.0,350.0,210.60390210963024
475.77,202.62,2.0,600.0,291.5029666049902
475.77,202.62,4.0,5.0,
475.77,202.62,4.0,15.0,165.85211732329154
475.77,202.62,4.0,25.0,156.40084185955766
475.77,202.62,4.0,35.0,104.75288610124728
475.77,202.62,4.0,40.0,101.16241116334382
475.77,202.62,4.0,50.0,115.38436452030042
475.77,202.62,4.0,65.0,114.6199048275956
475.77,202.62,4.0,90.0,105.51007710426825
475.77,202.62,4.0,130.0,74.52718865621627
475.77,202.62,4.0,200.0,101.8505520781146
475.77,202.62,4.0,350.0,79.13026933994509
475.77,202.62,4.0,600.0,94.86457832407247
475.77,202.62,8.0,5.0,112.88144292649132
475.77,202.62,8.0,15.0,49.8109225886943
475.77,202.62,8.0,25.0,36.420543173413186
475.77,202.62,8.0,35.0,32.28289044363071
475.77,202.62,8.0,40.0,42.910518732285475
475.77,202.62,8.0,50.0,39.16612105113409
475.77,202.62,8.0,65.0,33.81588947210724
475.77,202.62,8.0,90.0,45.32416510394549
475.77,202.62,8.0,130.0,33.675696785279015
475.77,202.62,8.0,200.0,35.77853224108754
475.77,202.62,8.0,350.0,36.77112934571575
475.77,202.62,8.0,600.0,32.038029446252004
478.08,204.93,0.5,5.0,
478.08,204.93,0.5,15.0,
478.08,204.93,0.5,25.0,
478.08,204.93,0.5,35.0,
478.08,204.93,0.5,40.0,
478.08,204.93,0.5,50.0,
478.08,204.93,0.5,65.0,37669.96734610499
478.08,204.93,0.5,90.0,7477.045968489184
478.08,204.93,0.5,130.0,4714.000042195229
478.08,204.93,0.5,200.0,4731.842650292216
478.08,204.93,0.5,350.0,2787.674336345458
478.08,204.93,0.5,600.0,2089.002792650531
478.08,204.93,1.0,5.0,
478.08,204.93,1.0,15.0,
478.08,204.93,1.0,25.0,
478.08,204.93,1.0,35.0,6801.220032756926
478.08,204.93,1.0,40.0,4473.830014971182
478.08,204.93,1.0,50.0,1795.0837108437559
478.08,204.93,1.0,65.0,1059.7836851407828
478.08,204.93,1.0,90.0,1092.4728823614257
478.08,204.93,1.0,130.0,950.2616952432503
478.08,204.93,1.0,200.0,872.4775705936905
478.08,204.93,1.0,350.0,706.2085184143704
478.08,204.93,1.0,600.0,876.1471524736402
478.08,204.93,2.0,5.0,
478.08,204.93,2.0,15.0,
478.08,204.93,2.0,25.0,634.9958320505275
478.08,204.93,2.0,35.0,328.35867818507614
478.08,204.93,2.0,40.0,417.1870723727794
478.08,204.93,2.0,50.0,456.33595799425365
478.08,204.93,2.0,65.0,313.1899612303554
478.08,204.93,2.0,90.0,267.8358732030766
478.08,204.93,2.0,130.0,259.8107384570793
478.08,204.93,2.0,200.0,278.35621809937396
478.08,204.93,2.0,350.0,189.20923738926317
478.08,204.93,2.0,600.0,246.81227080709235
478.08,204.93,4.0,5.0,
478.08,204.93,4.0,15.0,152.22939413678608
478.08,204.93,4.0,25.0,152.11847573859285
478.08,204.93,4.0,35.0,100.06771569281261
478.08,204.93,4.0,40.0,127.5659484282222
478.08,204.93,4.0,50.0,80.4606939955644
478.08,204.93,4.0,65.0,99.63386971020323
478.08,204.93,4.0,90.0,92.36354660664027
478.08,204.93,4.0,130.0,75.1794032353935
478.08,204.93,4.0,200.0,86.1113819311003
478.08,204.93,4.0,350.0,98.92384278579864
478.08,204.93,4.0,600.0,77.85288792162812
478.08,204.93,8.0,5.0,96.76976891277073
478.08,204.93,8.0,15.0,41.46635293038671
478.08,204.93,8.0,25.0,32.040160848235374
478.08,204.93,8.0,35.0,33.1755189084943
478.08,204.93,8.0,40.0,33.988987819831365
478.08,204.93,8.0,50.0,26.10034117828385
478.08,204.93,8.0,65.0,25.969151341243485
478.08,204.93,8.0,90.0,34.97747618953127
478.08,204.93,8.0,130.0,29.686644217319145
478.08,204.93,8.0,200.0,21.629346692764933
478.08,204.93,8.0,350.0,35.45744977190659
478.08,204.93,8.0,600.0,32.686421710124634
480.38,207.23,0.5,5.0,
480.38,207.23,0.5,15.0,
480.38,207.23,0.5,25.0,
480.38,207.23,0.5,35.0,
480.38,207.23,0.5,40.0,
480.38,207.23,0.5,50.0,
480.38,207.23,0.5,65.0,28159.994959379066
480.38,207.23,0.5,90.0,5936.513305611698
480.38,207.23,0.5,130.0,5075.599323662084
480.38,207.23,0.5,200.0,3629.561186679287
480.38,207.23,0.5,350.0,4159.840750206174
480.38,207.23,0.5,600.0,2853.148221963646
480.38,207.23,1.0,5.0,
480.38,207.23,1.0,15.0,
480.38,207.23,1.0,25.0,
480.38,207.23,1.0,35.0,5055.151385256924
480.38,207.23,1.0,40.0,2658.0621732593877
480.38,207.23,1.0,50.0,1925.429945977967
480.38,207.23,1.0,65.0,1389.7782026898226
480.38,207.23,1.0,90.0,1233.1428076929708
480.38,207.23,1.0,130.0,819.1467789403151
480.38,207.23,1.0,200.0,750.9246147848074
480.38,207.23,1.0,350.0,693.5644303127452
480.38,207.23,1.0,600.0,807.5548762187675
480.38,207.23,2.0,5.0,
480.38,207.23,2.0,15.0,
480.38,207.23,2.0,25.0,656.2155780048005
480.38,207.23,2.0,35.0,342.48647778747244
480.38,207.23,2.0,40.0,314.7346906804332
480.38,207.23,2.0,50.0,313.9485093709654
480.38,207.23,2.0,65.0,262.68156037378446
480.38,207.23,2.0,90.0,290.2005009907492
480.38,207.23,2.0,130.0,169.06414355010477
480.38,207.23,2.0,200.0,200.2162928585496
480.38,207.23,2.0,350.0,194.78232141716248
480.38,207.23,2.0,600.0,151.82170943983627
480.38,207.23,4.0,5.0,
480.38,207.23,4.0,15.0,124.73646677116108
480.38,207.23,4.0,25.0,89.74778600605083
480.38,207.23,4.0,35.0,88.99660212967571
480.38,207.23,4.0,40.0,104.81386686766356
480.38,207.23,4.0,50.0,81.72513985242722
480.38,207.23,4.0,65.0,69.79637651984336
480.38,207.23,4.0,90.0,77.95018960189984
480.38,207.23,4.0,130.0,89.5145601896969
480.38,207.23,4.0,200.0,64.67852451985738
480.38,207.23,4.0,350.0,64.24327803244697
480.38,207.23,4.0,600.0,79.35749981586832
480.38,207.23,8.0,5.0,107.73661364407933
480.38,207.23,8.0,15.0,40.91228228122781
480.38,207.23,8.0,25.0,32.69092292287227
480.38,207.23,8.0,35.0,34.64674475314253
480.38,207.23,8.0,40.0,26.306180140015247
480.38,207.23,8.0,50.0,30.04734745495783
480.38,207.23,8.0,65.0,28.629723475338963
480.38,207.23,8.0,90.0,24.210865451238675
480.38,207.23,8.0,130.0,22.677522423450927
480.38,207.23,8.0,200.0,31.45053227104193
480.38,207.23,8.0,350.0,26.702435589681585
480.38,207.23,8.0,600.0,24.036009770126054
482.69,209.54,0.5,5.0,
482.69,209.54,0.5,15.0,
482.69,209.54,0.5,25.0,
482.69,209.54,0.5,35.0,
482.69,209.54,0.5,40.0,
482.69,209.54,0.5,50.0,
482.69,209.54,0.5,65.0,27602.426689383716
482.69,209.54,0.5,90.0,7653.754354402491
482.69,209.54,0.5,130.0,2841.4364230262486
482.69,209.54,0.5,200.0,2458.5219005305844
482.69,209.54,0.5,350.0,2263.6995426310564
482.69,209.54,0.5,600.0,2979.9857574577313
482.69,209.54,1.0,5.0,
482.69,209.54,1.0,15.0,
482.69,209.54,1.0,25.0,
482.69,209.54,1.0,35.0,4445.922272982309
482.69,209.54,1.0,40.0,2732.128794751366
482.69,209.54,1.0,50.0,1282.6852479027332
482.69,209.54,1.0,65.0,955.8043550070835
482.69,209.54,1.0,90.0,976.6043257684622
482.69,209.54,1.0,130.0,798.3521808876816
482.69,209.54,1.0,200.0,777.6481462827699
482.69,209.54,1.0,350.0,647.3621825708199
482.69,209.54,1.0,600.0,668.1143013963119
482.69,209.54,2.0,5.0,
482.69,209.54,2.0,15.0,
482.69,209.54,2.0,25.0,479.52595093666946
482.69,209.54,2.0,35.0,368.3635342548369
482.69,209.54,2.0,40.0,338.2699653093426
482.69,209.54,2.0,50.0,209.86900783079415
482.69,209.54,2.0,65.0,173.82749514674046
482.69,209.54,2.0,90.0,261.2225655505184
482.69,209.54,2.0,130.0,253.040740436756
482.69,209.54,2.0,200.0,173.756954165673
482.69,209.54,2.0,350.0,148.05987174129567
482.69,209.54,2.0,600.0,194.99276400561322
482.69,209.54,4.0,5.0,
482.69,209.54,4.0,15.0,148.07541482151217
482.69,209.54,4.0,25.0,120.45339460803584
482.69,209.54,4.0,35.0,88.5489478089509
482.69,209.54,4.0,40.0,74.95070639334618
482.69,209.54,4.0,50.0,66.25415138611434
482.69,209.54,4.0,65.0,72.91313527758038
482.69,209.54,4.0,90.0,67.1595049166055
482.69,209.54,4.0,130.0,58.680766976770315
482.69,209.54,4.0,200.0,90.96577615088643
482.69,209.54,4.0,350.0,86.00328955547184
482.69,209.54,4.0,600.0,77.31862522203204
482.69,209.54,8.0,5.0,86.67272993263654
482.69,209.54,8.0,15.0,37.70932722336425
482.69,209.54,8.0,25.0,32.21510333122151
482.69,209.54,8.0,35.0,29.775414259753052
482.69,209.54,8.0,40.0,33.110894330514896
482.69,209.54,8.0,50.0,29.584178612965335
482.69,209.54,8.0,65.0,29.500229858512427
482.69,209.54,8.0,90.0,28.56173989010178
482.69,209.54,8.0,130.0,26.960196988523194
482.69,209.54,8.0,200.0,19.40166407866386
482.69,209.54,8.0,350.0,25.464561941338218
482.69,209.54,8.0,600.0,23.03035937597229
483.26,210.11,0.5,5.0,
483.26,210.11,0.5,15.0,
483.26,210.11,0.5,25.0,
483.26,210.11,0.5,35.0,
483.26,210.11,0.5,40.0,
483.26,210.11,0.5,50.0,
483.26,210.11,0.5,65.0,22478.80740856935
483.26,210.11,0.5,90.0,8088.833579514818
483.26,210.11,0.5,130.0,5042.93507192892
483.26,210.11,0.5,200.0,3669.8757010365402
483.26,210.11,0.5,350.0,2627.240360243921
483.26,210.11,0.5,600.0,2850.669965826515
483.26,210.11,1.0,5.0,
483.26,210.11,1.0,15.0,
483.26,210.11,1.0,25.0,
483.26,210.11,1.0,35.0,4152.148228368689
483.26,210.11,1.0,40.0,2441.5221388652344
483.26,210.11,1.0,50.0,1256.3086092417507
483.26,210.11,1.0,65.0,1167.0691705267654
483.26,210.11,1.0,90.0,896.2200693303416
483.26,210.11,1.0,130.0,633.1006697753851
483.26,210.11,1.0,200.0,691.2505588245505
483.26,210.11,1.0,350.0,639.9024370655802
483.26,210.11,1.0,600.0,816.1437208282412
483.26,210.11,2.0,5.0,
483.26,210.11,2.0,15.0,
483.26,210.11,2.0,25.0,520.833666877252
483.26,210.11,2.0,35.0,319.3669023612136
483.26,210.11,2.0,40.0,302.5751655952973
483.26,210.11,2.0,50.0,261.9922184767898
483.26,210.11,2.0,65.0,229.73699828876002
483.26,210.11,2.0,90.0,185.8547545940616
483.26,210.11,2.0,130.0,201.3314475293358
483.26,210.11,2.0,200.0,176.10049126070467
483.26,210.11,2.0,350.0,157.78972528275924
483.26,210.11,2.0,600.0,201.74591969023462
483.26,210.11,4.0,5.0,
483.26,210.11,4.0,15.0,132.82125165262087
483.26,210.11,4.0,25.0,68.43170149636717
483.26,210.11,4.0,35.0,78.25140099791243
483.26,210.11,4.0,40.0,89.49313736521198
483.26,210.11,4.0,50.0,86.36390847256938
483.26,210.11,4.0,65.0,82.56990110512999
483.26,210.11,4.0,90.0,68.71831311945193
483.26,210.11,4.0,130.0,58.54724256051085
483.26,210.11,4.0,200.0,55.30336523912838
483.26,210.11,4.0,350.0,67.39154767829285
483.26,210.11,4.0,600.0,67.13047807504717
483.26,210.11,8.0,5.0,117.39978900875137
483.26,210.11,8.0,15.0,38.04882115420402
483.26,210.11,8.0,25.0,27.90694864934161
483.26,210.11,8.0,35.0,22.485909887137623
483.26,210.11,8.0,40.0,25.451257836178293
483.26,210.11,8.0,50.0,27.024322748420058
483.26,210.11,8.0,65.0,24.910814239509982
483.26,210.11,8.0,90.0,23.151662229833132
483.26,210.11,8.0,130.0,25.878025877594617
483.26,210.11,8.0,200.0,22.863126836361452
483.26,210.11,8.0,350.0,22.259152375543977
483.26,210.11,8.0,600.0,25.51275748250996
485.0,211.85,0.5,5.0,
485.0,211.85,0.5,15.0,
485.0,211.85,0.5,25.0,
485.0,211.85,0.5,35.0,
485.0,211.85,0.5,40.0,
485.0,211.85,0.5,50.0,
485.0,211.85,0.5,65.0,23568.976555244582
485.0,211.85,0.5,90.0,5992.500501881398
485.0,211.85,0.5,130.0,3725.8709474473767
485.0,211.85,0.5,200.0,2318.7805392156984
485.0,211.85,0.5,350.0,2162.2446825619186
485.0,211.85,0.5,600.0,2654.636889901122
485.0,211.85,1.0,5.0,
485.0,211.85,1.0,15.0,
485.0,211.85,1.0,25.0,
485.0,211.85,1.0,35.0,3200.115833696606
485.0,211.85,1.0,40.0,1584.6839373138093
485.0,211.85,1.0,50.0,1029.0157305167409
485.0,211.85,1.0,65.0,1015.1074667173665
485.0,211.85,1.0,90.0,820.1167956464584
485.0,211.85,1.0,130.0,695.1076322850738
485.0,211.85,1.0,200.0,768.1549478836967
485.0,211.85,1.0,350.0,398.6289593272882
485.0,211.85,1.0,600.0,607.9103616314667
485.0,211.85,2.0,5.0,
485.0,211.85,2.0,15.0,
485.0,211.85,2.0,25.0,529.1095661672094
485.0,211.85,2.0,35.0,247.432481031467
485.0,211.85,2.0,40.0,253.08406851505273
485.0,211.85,2.0,50.0,213.66945626942942
485.0,211.85,2.0,65.0,190.35703211638062
485.0,211.85,2.0,90.0,191.3437069549951
485.0,211.85,2.0,130.0,234.49029059595773
485.0,211.85,2.0,200.0,238.4735995448001
485.0,211.85,2.0,350.0,166.35113186820513
485.0,211.85,2.0,600.0,228.55249189246675
485.0,211.85,4.0,5.0,
485.0,211.85,4.0,15.0,115.73835576718498
485.0,211.85,4.0,25.0,106.97306091552336
485.0,211.85,4.0,35.0,72.24157397755938
485.0,211.85,4.0,40.0,72.25102229902177
485.0,211.85,4.0,50.0,71.5351214415391
485.0,211.85,4.0,65.0,104.82358682337866
485.0,211.85,4.0,90.0,71.34681122343999
485.0,211.85,4.0,130.0,54.936731056587234
485.0,211.85,4.0,200.0,69.1597697128808
485.0,211.85,4.0,350.0,55.714200127450326
485.0,211.85,4.0,600.0,54.161194990885285
485.0,211.85,8.0,5.0,101.94737134447593
485.0,211.85,8.0,15.0,29.791319479110342
485.0,211.85,8.0,25.0,27.28064467526306
485.0,211.85,8.0,35.0,24.960600866772022
485.0,211.85,8.0,40.0,25.8109724329414
485.0,211.85,8.0,50.0,25.625259747571445
485.0,211.85,8.0,65.0,17.650260251139393
485.0,211.85,8.0,90.0,25.64677063504905
485.0,211.85,8.0,130.0,19.763555634277463
485.0,211.85,8.0,200.0,18.255297052462254
485.0,211.85,8.0,350.0,22.28430364512731
485.0,211.85,8.0,600.0,22.663119493399012
487.31,214.16,0.5,5.0,
487.31,214.16,0.5,15.0,
487.31,214.16,0.5,25.0,
487.31,214.16,0.5,35.0,
487.31,214.16,0.5,40.0,
487.31,214.16,0.5,50.0,
487.31,214.16,0.5,65.0,20179.22775385576
487.31,214.16,0.5,90.0,5853.251863114518
487.31,214.16,0.5,130.0,2615.4685177911565
487.31,214.16,0.5,200.0,2314.893530056401
487.31,214.16,0.5,350.0,1904.1799144423278
487.31,214.16,0.5,600.0,1900.4728785022917
487.31,214.16,1.0,5.0,
487.31,214.16,1.0,15.0,
487.31,214.16,1.0,25.0,
487.31,214.16,1.0,35.0,3552.949367294451
487.31,214.16,1.0,40.0,1673.8873789148154
487.31,214.16,1.0,50.0,1356.58621492023
487.31,214.16,1.0,65.0,912.586720524653
487.31,214.16,1.0,90.0,549.7517010129537
487.31,214.16,1.0,130.0,471.7122226570955
487.31,214.16,1.0,200.0,571.6143719072616
487.31,214.16,1.0,350.0,515.0482648859999
487.31,214.16,1.0,600.0,504.5030224855342
487.31,214.16,2.0,5.0,
487.31,214.16,2.0,15.0,
487.31,214.16,2.0,25.0,372.87077821906144
487.31,214.16,2.0,35.0,271.1272644045788
487.31,214.16,2.0,40.0,276.2454073889257
487.31,214.16,2.0,50.0,181.117821306243
487.31,214.16,2.0,65.0,163.31928404185481
487.31,214.16,2.0,90.0,152.5452899514975
487.31,214.16,2.0,130.0,176.81047201472074
487.31,214.16,2.0,200.0,195.16438538294872
487.31,214.16,2.0,350.0,146.67808156336076
487.31,214.16,2.0,600.0,105.55175364341267
487.31,214.16,4.0,5.0,
487.31,214.16,4.0,15.0,79.74596767369765
487.31,214.16,4.0,25.0,64.9110169923319
487.31,214.16,4.0,35.0,60.267961903797286
487.31,214.16,4.0,40.0,59.6013960719516
487.31,214.16,4.0,50.0,60.922588975353264
487.31,214.16,4.0,65.0,55.54193381001595
487.31,214.16,4.0,90.0,65.74017601698401
487.31,214.16,4.0,130.0,49.36880523482351
487.31,214.16,4.0,200.0,47.00112069648432
487.31,214.16,4.0,350.0,56.531090135314436
487.31,214.16,4.0,600.0,41.41033133488649
487.31,214.16,8.0,5.0,84.35800900755518
487.31,214.16,8.0,15.0,26.9339261539088
487.31,214.16,8.0,25.0,22.890550724379526
487.31,214.16,8.0,35.0,28.272560443473864
487.31,214.16,8.0,40.0,19.993967304737755
487.31,214.16,8.0,50.0,29.292394364377994
487.31,214.16,8.0,65.0,20.408068561158395
487.31,214.16,8.0,90.0,17.138523825786777
487.31,214.16,8.0,130.0,20.698887538386987
487.31,214.16,8.0,200.0,17.25001248264364
487.31,214.16,8.0,350.0,17.963292265670646
487.31,214.16,8.0,600.0,21.245524157158638
489.62,216.47,0.5,5.0,
489.62,216.47,0.5,15.0,
489.62,216.47,0.5,25.0,
489.62,216.47,0.5,35.0,
489.62,216.47,0.5,40.0,
489.62,216.47,0.5,50.0,
489.62,216.47,0.5,65.0,21780.47602425767
489.62,216.47,0.5,90.0,4212.3236704833425
489.62,216.47,0.5,130.0,3319.709511939592
489.62,216.47,0.5,200.0,2619.6177499813994
489.62,216.47,0.5,350.0,2307.6387082846027
489.62,216.47,0.5,600.0,1854.2862094533045
489.62,216.47,1.0,5.0,
489.62,216.47,1.0,15.0,
489.62,216.47,1.0,25.0,
489.62,216.47,1.0,35.0,3741.3994254758436
489.62,216.47,1.0,40.0,1314.1760094296842
489.62,216.47,1.0,50.0,1038.3573705240747
489.62,216.47,1.0,65.0,710.3650284142435
489.62,216.47,1.0,90.0,665.2344465752828
489.62,216.47,1.0,130.0,519.796518322965
489.62,216.47,1.0,200.0,499.8888609892828
489.62,216.47,1.0,350.0,631.898596822684
489.62,216.47,1.0,600.0,447.0300719526299
489.62,216.47,2.0,5.0,
489.62,216.47,2.0,15.0,
489.62,216.47,2.0,25.0,356.5573603821
489.62,216.47,2.0,35.0,226.53759978077306
489.62,216.47,2.0,40.0,216.91296032547464
489.62,216.47,2.0,50.0,191.6580878627399
489.62,216.47,2.0,65.0,186.3726978030419
489.62,216.47,2.0,90.0,191.56999160835232
489.62,216.47,2.0,130.0,193.99782892242902
489.62,216.47,2.0,200.0,151.79639250689993
489.62,216.47,2.0,350.0,152.98963923942165
489.62,216.47,2.0,600.0,115.67952795048916
489.62,216.47,4.0,5.0,
489.62,216.47,4.0,15.0,90.9455144910364
489.62,216.47,4.0,25.0,75.79355630123409
489.62,216.47,4.0,35.0,66.77656988057129
489.62,216.47,4.0,40.0,58.53797803866177
489.62,216.47,4.0,50.0,61.915647814518934
489.62,216.47,4.0,65.0,56.06502874305165
489.62,216.47,4.0,90.0,60.18073183366956
489.62,216.47,4.0,130.0,51.066168336104155
489.62,216.47,4.0,200.0,45.38407994876516
489.62,216.47,4.0,350.0,49.51781983540078
489.62,216.47,4.0,600.0,30.062680198411307
489.62,216.47,8.0,5.0,75.41799053858375
489.62,216.47,8.0,15.0,13.73213593864444
489.62,216.47,8.0,25.0,16.172593408326787
489.62,216.47,8.0,35.0,21.336358764686004
489.62,216.47,8.0,40.0,21.102427888881955
489.62,216.47,8.0,50.0,16.166090197156056
489.62,216.47,8.0,65.0,16.978141803499437
489.62,216.47,8.0,90.0,22.815939418170327
489.62,216.47,8.0,130.0,17.0471747953518
489.62,216.47,8.0,200.0,25.398361981532318
489.62,216.47,8.0,350.0,17.98976068648635
489.62,216.47,8.0,600.0,19.044791761169527
491.92,218.77,0.5,5.0,
491.92,218.77,0.5,15.0,
491.92,218.77,0.5,25.0,
491.92,218.77,0.5,35.0,
491.92,218.77,0.5,40.0,
491.92,218.77,0.5,50.0,
491.92,218.77,0.5,65.0,22868.27174128225
491.92,218.77,0.5,90.0,4222.959878636375
491.92,218.77,0.5,130.0,2205.5072558228585
491.92,218.77,0.5,200.0,1939.607717813667
491.92,218.77,0.5,350.0,1656.953276177491
491.92,218.77,0.5,600.0,1249.7195760157895
491.92,218.77,1.0,5.0,
491.92,218.77,1.0,15.0,
491.92,218.77,1.0,25.0,
491.92,218.77,1.0,35.0,2627.7112455370393
491.92,218.77,1.0,40.0,1395.9056653939158
491.92,218.77,1.0,50.0,1120.2168420676358
491.92,218.77,1.0,65.0,728.1915623071594
491.92,218.77,1.0,90.0,560.8081704117384
491.92,218.77,1.0,130.0,499.08186178014523
491.92,218.77,1.0,200.0,474.5278887479059
491.92,218.77,1.0,350.0,467.9996030479674
491.92,218.77,1.0,600.0,353.4244063949639
491.92,218.77,2.0,5.0,
491.92,218.77,2.0,15.0,
491.92,218.77,2.0,25.0,256.6544813326639
491.92,218.77,2.0,35.0,247.89266076861045
491.92,218.77,2.0,40.0,180.5181381625352
491.92,218.77,2.0,50.0,138.63253407465902
491.92,218.77,2.0,65.0,166.769785865098
491.92,218.77,2.0,90.0,154.3936006930534
491.92,218.77,2.0,130.0,107.84264740573703
491.92,218.77,2.0,200.0,134.2981007434265
491.92,218.77,2.0,350.0,140.02461789625966
491.92,218.77,2.0,600.0,130.21070401403622
491.92,218.77,4.0,5.0,
491.92,218.77,4.0,15.0,90.72037157969669
491.92,218.77,4.0,25.0,47.744893173832274
491.92,218.77,4.0,35.0,55.183037412629794
491.92,218.77,4.0,40.0,48.52523314113679
491.92,218.77,4.0,50.0,45.147636846241305
491.92,218.77,4.0,65.0,53.14495585048841
491.92,218.77,4.0,90.0,56.19007199121827
491.92,218.77,4.0,130.0,57.30663788369776
491.92,218.77,4.0,200.0,52.210306936529975
491.92,218.77,4.0,350.0,41.47284610170704
491.92,218.77,4.0,600.0,44.04995537832628
491.92,218.77,8.0,5.0,71.53444162502164
491.92,218.77,8.0,15.0,21.64382096042956
491.92,218.77,8.0,25.0,19.124969798835345
491.92,218.77,8.0,35.0,20.201419979864653
491.92,218.77,8.0,40.0,17.433766319733646
491.92,218.77,8.0,50.0,15.447230689731184
491.92,218.77,8.0,65.0,15.896734383978103
491.92,218.77,8.0,90.0,18.292797697929387
491.92,218.77,8.0,130.0,16.421322106844258
491.92,218.77,8.0,200.0,17.095593654790427
491.92,218.77,8.0,350.0,17.816860466557447
491.92,218.77,8.0,600.0,15.163703376953029
494.23,221.08,0.5,5.0,
494.23,221.08,0.5,15.0,
494.23,221.08,0.5,25.0,
494.23,221.08,0.5,35.0,
494.23,221.08,0.5,40.0,
494.23,221.08,0.5,50.0,
494.23,221.08,0.5,65.0,18006.68905559851
494.23,221.08,0.5,90.0,3926.684378683295
494.23,221.08,0.5,130.0,1908.2259079838086
494.23,221.08,0.5,200.0,2193.2344754614637
494.23,221.08,0.5,350.0,1384.4420977783968
494.23,221.08,0.5,600.0,1071.921610282795
494.23,221.08,1.0,5.0,
494.23,221.08,1.0,15.0,
494.23,221.08,1.0,25.0,
494.23,221.08,1.0,35.0,2091.3677434699093
494.23,221.08,1.0,40.0,1199.3770164741525
494.23,221.08,1.0,50.0,880.541175563864
494.23,221.08,1.0,65.0,622.8972600728546
494.23,221.08,1.0,90.0,498.37872201483066
494.23,221.08,1.0,130.0,498.56776615988525
494.23,221.08,1.0,200.0,432.6461527363101
494.23,221.08,1.0,350.0,400.7906817202952
494.23,221.08,1.0,600.0,391.187710973395
494.23,221.08,2.0,5.0,
494.23,221.08,2.0,15.0,
494.23,221.08,2.0,25.0,294.8526962090437
494.23,221.08,2.0,35.0,137.16543490062662
494.23,221.08,2.0,40.0,162.89451695477976
494.23,221.08,2.0,50.0,110.76472962321135
494.23,221.08,2.0,65.0,140.54647516350755
494.23,221.08,2.0,90.0,128.94572451499624
494.23,221.08,2.0,130.0,142.19468332859057
494.23,221.08,2.0,200.0,138.91630994116014
494.23,221.08,2.0,350.0,115.81381338167694
494.23,221.08,2.0,600.0,102.31216809008698
494.23,221.08,4.0,5.0,
494.23,221.08,4.0,15.0,79.50704881838246
494.23,221.08,4.0,25.0,48.784450901101394
494.23,221.08,4.0,35.0,47.034317449337934
494.23,221.08,4.0,40.0,52.74579992928731
494.23,221.08,4.0,50.0,39.99592453385673
494.23,221.08,4.0,65.0,47.15209556086569
494.23,221.08,4.0,90.0,44.63623249347015
494.23,221.08,4.0,130.0,33.99212848180607
494.23,221.08,4.0,200.0,44.443986533525205
494.23,221.08,4.0,350.0,41.94548433998498
494.23,221.08,4.0,600.0,38.00782273483886
494.23,221.08,8.0,5.0,50.95250311042072
494.23,221.08,8.0,15.0,16.73913204366356
494.23,221.08,8.0,25.0,15.499652243502874
494.23,221.08,8.0,35.0,17.35127341902857
494.23,221.08,8.0,40.0,13.654161439229629
494.23,221.08,8.0,50.0,16.48641030339503
494.23,221.08,8.0,65.0,12.5799985492103
494.23,221.08,8.0,90.0,14.452933026317742
494.23,221.08,8.0,130.0,14.949316657959907
494.23,221.08,8.0,200.0,21.002586072530335
494.23,221.08,8.0,350.0,11.741420380104932
494.23,221.08,8.0,600.0,17.9218357336731
496.54,223.39,0.5,5.0,
496.54,223.39,0.5,15.0,
496.54,223.39,0.5,25.0,
496.54,223.39,0.5,35.0,
496.54,223.39,0.5,40.0,
496.54,223.39,0.5,50.0,
496.54,223.39,0.5,65.0,14737.752167986286
496.54,223.39,0.5,90.0,3536.9852257690623
496.54,223.39,0.5,130.0,2095.4703778528624
496.54,223.39,0.5,200.0,1692.7774195170425
496.54,223.39,0.5,350.0,1307.3289976156316
496.54,223.39,0.5,600.0,1531.8171335480588
496.54,223.39,1.0,5.0,
496.54,223.39,1.0,15.0,
496.54,223.39,1.0,25.0,
496.54,223.39,1.0,35.0,2047.7345718450867
496.54,223.39,1.0,40.0,1485.0139478644944
496.54,223.39,1.0,50.0,711.0093360502949
496.54,223.39,1.0,65.0,576.5438090255952
496.54,223.39,1.0,90.0,400.10244307755306
496.54,223.39,1.0,130.0,436.0111076416667
496.54,223.39,1.0,200.0,457.7566540073657
496.54,223.39,1.0,350.0,338.6809888419643
496.54,223.39,1.0,600.0,320.15662729025894
496.54,223.39,2.0,5.0,
496.54,223.39,2.0,15.0,
496.54,223.39,2.0,25.0,203.8721512497364
496.54,223.39,2.0,35.0,162.97825553923406
496.54,223.39,2.0,40.0,121.44717452836444
496.54,223.39,2.0,50.0,120.07759350219268
496.54,223.39,2.0,65.0,129.64203452339478
496.54,223.39,2.0,90.0,140.97300763802116
496.54,223.39,2.0,130.0,166.0649292069752
496.54,223.39,2.0,200.0,95.42767961775012
496.54,223.39,2.0,350.0,124.89739329291974
496.54,223.39,2.0,600.0,102.54231887547903
496.54,223.39,4.0,5.0,
496.54,223.39,4.0,15.0,64.78112654753829
496.54,223.39,4.0,25.0,50.50732534518255
496.54,223.39,4.0,35.0,42.5637860821161
496.54,223.39,4.0,40.0,41.460990367540695
496.54,223.39,4.0,50.0,36.6650221431832
496.54,223.39,4.0,65.0,30.369540337405223
496.54,223.39,4.0,90.0,28.67489114991052
496.54,223.39,4.0,130.0,38.78231808765446
496.54,223.39,4.0,200.0,33.02518557800977
496.54,223.39,4.0,350.0,30.96329380883969
496.54,223.39,4.0,600.0,33.596063306890755
496.54,223.39,8.0,5.0,57.691634457618
496.54,223.39,8.0,15.0,17.537029984100673
496.54,223.39,8.0,25.0,13.649305886659379
496.54,223.39,8.0,35.0,17.23342150532873
496.54,223.39,8.0,40.0,17.901703551671115
496.54,223.39,8.0,50.0,14.90539190500477
496.54,223.39,8.0,65.0,15.721841559875916
496.54,223.39,8.0,90.0,16.09375960184097
496.54,223.39,8.0,130.0,15.617049908846033
496.54,223.39,8.0,200.0,14.30516794873179
496.54,223.39,8.0,350.0,14.15548433607016
496.54,223.39,8.0,600.0,13.92654428101518
496.68,223.53,0.5,5.0,
496.68,223.53,0.5,15.0,
496.68,223.53,0.5,25.0,
496.68,223.53,0.5,35.0,
496.68,223.53,0.5,40.0,
496.68,223.53,0.5,50.0,
496.68,223.53,0.5,65.0,12139.274187691806
496.68,223.53,0.5,90.0,3668.6291105213813
496.68,223.53,0.5,130.0,1668.2320341359662
496.68,223.53,0.5,200.0,1395.9599521942173
496.68,223.53,0.5,350.0,1615.564259584485
496.68,223.53,0.5,600.0,1387.4823291099071
496.68,223.53,1.0,5.0,
496.68,223.53,1.0,15.0,
496.68,223.53,1.0,25.0,
496.68,223.53,1.0,35.0,2722.1585338151035
496.68,223.53,1.0,40.0,1194.7637358590866
496.68,223.53,1.0,50.0,654.3313904554103
496.68,223.53,1.0,65.0,557.3169783716407
496.68,223.53,1.0,90.0,473.86872571432923
496.68,223.53,1.0,130.0,409.2691886847222
496.68,223.53,1.0,200.0,433.86417833908814
496.68,223.53,1.0,350.0,322.33201783802286
496.68,223.53,1.0,600.0,345.24661778941436
496.68,223.53,2.0,5.0,
496.68,223.53,2.0,15.0,
496.68,223.53,2.0,25.0,206.33523362548624
496.68,223.53,2.0,35.0,179.22982376863567
496.68,223.53,2.0,40.0,153.23542221842467
496.68,223.53,2.0,50.0,122.2060405918623
496.68,223.53,2.0,65.0,120.12049866213624
496.68,223.53,2.0,90.0,111.74290361473832
496.68,223.53,2.0,130.0,103.91617733789184
496.68,223.53,2.0,200.0,134.98562106573024
496.68,223.53,2.0,350.0,98.54775535666435
496.68,223.53,2.0,600.0,94.65502113906697
496.68,223.53,4.0,5.0,
496.68,223.53,4.0,15.0,48.04770834989891
496.68,223.53,4.0,25.0,41.10824647235733
496.68,223.53,4.0,35.0,40.260303048914764
496.68,223.53,4.0,40.0,36.54068756986408
496.68,223.53,4.0,50.0,47.6289120490136
496.68,223.53,4.0,65.0,36.289431662704985
496.68,223.53,4.0,90.0,43.55144655552934
496.68,223.53,4.0,130.0,35.24571705564102
496.68,223.53,4.0,200.0,34.3798381619994
496.68,223.53,4.0,350.0,33.181979219230506
496.68,223.53,4.0,600.0,33.341841984453275
496.68,223.53,8.0,5.0,65.81200220610053
496.68,223.53,8.0,15.0,11.970305937209485
496.68,223.53,8.0,25.0,11.078160883520791
496.68,223.53,8.0,35.0,13.12530012807072
496.68,223.53,8.0,40.0,14.059634208404907
496.68,223.53,8.0,50.0,15.243692632853948
496.68,223.53,8.0,65.0,14.484442098110415
496.68,223.53,8.0,90.0,12.523555887933707
496.68,223.53,8.0,130.0,15.25360015233105
496.68,223.53,8.0,200.0,15.12192889184496
496.68,223.53,8.0,350.0,13.211258545032786
496.68,223.53,8.0,600.0,14.781211238627595
498.85,225.7,0.5,5.0,
498.85,225.7,0.5,15.0,
498.85,225.7,0.5,25.0,
498.85,225.7,0.5,35.0,
498.85,225.7,0.5,40.0,
498.85,225.7,0.5,50.0,
498.85,225.7,0.5,65.0,13463.807701720929
498.85,225.7,0.5,90.0,2741.6196586562346
498.85,225.7,0.5,130.0,2050.0634864340386
498.85,225.7,0.5,200.0,1444.0128505910416
498.85,225.7,0.5,350.0,1200.108819888494
498.85,225.7,0.5,600.0,1377.76494193385
498.85,225.7,1.0,5.0,
498.85,225.7,1.0,15.0,
498.85,225.7,1.0,25.0,
498.85,225.7,1.0,35.0,1361.7168838299522
498.85,225.7,1.0,40.0,908.5627932574628
498.85,225.7,1.0,50.0,587.8386087328516
498.85,225.7,1.0,65.0,494.11702341212214
498.85,225.7,1.0,90.0,405.65220315747365
498.85,225.7,1.0,130.0,291.3390428453983
498.85,225.7,1.0,200.0,285.1363514536504
498.85,225.7,1.0,350.0,270.0772891841608
498.85,225.7,1.0,600.0,427.57477080897326
498.85,225.7,2.0,5.0,
498.85,225.7,2.0,15.0,
498.85,225.7,2.0,25.0,283.19035245687184
498.85,225.7,2.0,35.0,142.2264699976543
498.85,225.7,2.0,40.0,130.97852870069192
498.85,225.7,2.0,50.0,103.94496905361571
498.85,225.7,2.0,65.0,84.41220275055275
498.85,225.7,2.0,90.0,101.93718597907437
498.85,225.7,2.0,130.0,84.14081763131482
498.85,225.7,2.0,200.0,92.27758224349532
498.85,225.7,2.0,350.0,71.04681431578115
498.85,225.7,2.0,600.0,79.09019501452046
498.85,225.7,4.0,5.0,
498.85,225.7,4.0,15.0,60.774353702124124
498.85,225.7,4.0,25.0,44.85042321197299
498.85,225.7,4.0,35.0,40.266082595410666
498.85,225.7,4.0,40.0,30.00285843149515
498.85,225.7,4.0,50.0,39.743584427996936
498.85,225.7,4.0,65.0,29.793707354728877
498.85,225.7,4.0,90.0,35.64706107592387
498.85,225.7,4.0,130.0,31.486354452617086
498.85,225.7,4.0,200.0,25.11561411383345
498.85,225.7,4.0,350.0,28.961242833334204
498.85,225.7,4.0,600.0,31.788671511326864
498.85,225.7,8.0,5.0,50.34954182628954
498.85,225.7,8.0,15.0,14.988514967449658
498.85,225.7,8.0,25.0,16.99698736016912
498.85,225.7,8.0,35.0,14.957392393578019
498.85,225.7,8.0,40.0,12.190930900712878
498.85,225.7,8.0,50.0,13.890847422528884
498.85,225.7,8.0,65.0,16.284973222224256
498.85,225.7,8.0,90.0,16.07688708377571
498.85,225.7,8.0,130.0,9.83375397944145
498.85,225.7,8.0,200.0,10.182783421896163
498.85,225.7,8.0,350.0,14.50161853279163
498.85,225.7,8.0,600.0,9.85794576400685
501.15,228.0,0.5,5.0,
501.15,228.0,0.5,15.0,
501.15,228.0,0.5,25.0,
501.15,228.0,0.5,35.0,
501.15,228.0,0.5,40.0,
501.15,228.0,0.5,50.0,
501.15,228.0,0.5,65.0,9510.929746360833
501.15,228.0,0.5,90.0,2488.1926871987507
501.15,228.0,0.5,130.0,1764.6399306317367
501.15,228.0,0.5,200.0,1255.0669118595106
501.15,228.0,0.5,350.0,976.6188146095542
501.15,228.0,0.5,600.0,895.9256009016914
501.15,228.0,1.0,5.0,
501.15,228.0,1.0,15.0,
501.15,228.0,1.0,25.0,
501.15,228.0,1.0,35.0,1586.0410408048454
501.15,228.0,1.0,40.0,883.8652387941588
501.15,228.0,1.0,50.0,887.5566522720608
501.15,228.0,1.0,65.0,489.6067698824347
501.15,228.0,1.0,90.0,431.99570914566164
501.15,228.0,1.0,130.0,304.5816920132492
501.15,228.0,1.0,200.0,288.4616410989599
501.15,228.0,1.0,350.0,247.7736804985834
501.15,228.0,1.0,600.0,178.30110700988448
501.15,228.0,2.0,5.0,
501.15,228.0,2.0,15.0,
501.15,228.0,2.0,25.0,157.72784272555873
501.15,228.0,2.0,35.0,103.4723760474412
501.15,228.0,2.0,40.0,88.57217493236598
501.15,228.0,2.0,50.0,92.6336800387558
501.15,228.0,2.0,65.0,123.02521193212237
501.15,228.0,2.0,90.0,92.4749525576419
501.15,228.0,2.0,130.0,106.42798715512703
501.15,228.0,2.0,200.0,89.20085467121403
501.15,228.0,2.0,350.0,91.14650341106196
501.15,228.0,2.0,600.0,69.50960550596163
501.15,228.0,4.0,5.0,
501.15,228.0,4.0,15.0,57.69559842094727
501.15,228.0,4.0,25.0,42.49656045138196
501.15,228.0,4.0,35.0,31.127946782038368
501.15,228.0,4.0,40.0,35.69503071434564
501.15,228.0,4.0,50.0,34.15428849557089
501.15,228.0,4.0,65.0,27.760398534690648
501.15,228.0,4.0,90.0,24.582558199789585
501.15,228.0,4.0,130.0,23.69455402439991
501.15,228.0,4.0,200.0,28.06822369634212
501.15,228.0,4.0,350.0,28.621381406857857
501.15,228.0,4.0,600.0,23.97810136486961
501.15,228.0,8.0,5.0,41.377900564023825
501.15,228.0,8.0,15.0,14.96519843355755
501.15,228.0,8.0,25.0,13.299312070737004
501.15,228.0,8.0,35.0,14.564331279422401
501.15,228.0,8.0,40.0,13.769444503105168
501.15,228.0,8.0,50.0,9.58531845010565
501.15,228.0,8.0,65.0,14.075365265957126
501.15,228.0,8.0,90.0,9.928187283764977
501.15,228.0,8.0,130.0,12.409546771986747
501.15,228.0,8.0,200.0,10.607812701897668
501.15,228.0,8.0,350.0,9.790518950899708
501.15,228.0,8.0,600.0,7.905667104011137
503.46,230.31,0.5,5.0,
503.46,230.31,0.5,15.0,
503.46,230.31,0.5,25.0,
503.46,230.31,0.5,35.0,
503.46,230.31,0.5,40.0,
503.46,230.31,0.5,50.0,
503.46,230.31,0.5,65.0,10148.688647449066
503.46,230.31,0.5,90.0,1901.8643126708039
503.46,230.31,0.5,130.0,1719.8961527577462
503.46,230.31,0.5,200.0,1436.6638593917637
503.46,230.31,0.5,350.0,857.8254846937014
503.46,230.31,0.5,600.0,931.2625302769665
503.46,230.31,1.0,5.0,
503.46,230.31,1.0,15.0,
503.46,230.31,1.0,25.0,
503.46,230.31,1.0,35.0,1421.253460123058
503.46,230.31,1.0,40.0,824.0364055863384
503.46,230.31,1.0,50.0,635.6562922852172
503.46,230.31,1.0,65.0,417.9875000958281
503.46,230.31,1.0,90.0,440.8062221254817
503.46,230.31,1.0,130.0,273.75196290466295
503.46,230.31,1.0,200.0,309.39303860954186
503.46,230.31,1.0,350.0,251.24215361793804
503.46,230.31,1.0,600.0,268.5005747976848
503.46,230.31,2.0,5.0,
503.46,230.31,2.0,15.0,
503.46,230.31,2.0,25.0,162.83788670374253
503.46,230.31,2.0,35.0,120.99146728833435
503.46,230.31,2.0,40.0,109.5320126918852
503.46,230.31,2.0,50.0,87.77743290977607
503.46,230.31,2.0,65.0,100.00443721803754
503.46,230.31,2.0,90.0,92.14809122873976
503.46,230.31,2.0,130.0,86.07109053068527
503.46,230.31,2.0,200.0,94.8260776459447
503.46,230.31,2.0,350.0,90.44504289079616
503.46,230.31,2.0,600.0,67.53285140974016
503.46,230.31,4.0,5.0,
503.46,230.31,4.0,15.0,50.643073081226504
503.46,230.31,4.0,25.0,31.15056157241747
503.46,230.31,4.0,35.0,30.580507212070664
503.46,230.31,4.0,40.0,26.93359467087347
503.46,230.31,4.0,50.0,35.91758140686844
503.46,230.31,4.0,65.0,28.584210277557645
503.46,230.31,4.0,90.0,25.279769220521157
503.46,230.31,4.0,130.0,30.39152050591234
503.46,230.31,4.0,200.0,17.963219995863046
503.46,230.31,4.0,350.0,18.08790603495903
503.46,230.31,4.0,600.0,27.320900982427005
503.46,230.31,8.0,5.0,37.34077044005386
503.46,230.31,8.0,15.0,12.806721626395957
503.46,230.31,8.0,25.0,8.919863614902473
503.46,230.31,8.0,35.0,10.324965230602945
503.46,230.31,8.0,40.0,13.786469318939574
503.46,230.31,8.0,50.0,11.317074773037435
503.46,230.31,8.0,65.0,10.070401178439964
503.46,230.31,8.0,90.0,9.037862258132424
503.46,230.31,8.0,130.0,8.97825548901775
503.46,230.31,8.0,200.0,6.850142597230564
503.46,230.31,8.0,350.0,9.719549821953745
503.46,230.31,8.0,600.0,10.567816696794804
505.77,232.62,0.5,5.0,
505.77,232.62,0.5,15.0,
505.77,232.62,0.5,25.0,
505.77,232.62,0.5,35.0,
505.77,232.62,0.5,40.0,
505.77,232.62,0.5,50.0,
505.77,232.62,0.5,65.0,7385.619029898508
505.77,232.62,0.5,90.0,1954.8784772017877
505.77,232.62,0.5,130.0,1123.3865070799613
505.77,232.62,0.5,200.0,889.4077754419244
505.77,232.62,0.5,350.0,875.4675015761903
505.77,232.62,0.5,600.0,584.8665772111191
505.77,232.62,1.0,5.0,
505.77,232.62,1.0,15.0,
505.77,232.62,1.0,25.0,
505.77,232.62,1.0,35.0,1560.9380465945512
505.77,232.62,1.0,40.0,910.837165095249
505.77,232.62,1.0,50.0,489.61377220557523
505.77,232.62,1.0,65.0,260.3233334388665
505.77,232.62,1.0,90.0,262.6950439892772
505.77,232.62,1.0,130.0,318.07623005974546
505.77,232.62,1.0,200.0,157.7184220220989
505.77,232.62,1.0,350.0,211.1302335097803
505.77,232.62,1.0,600.0,179.34022394778736
505.77,232.62,2.0,5.0,
505.77,232.62,2.0,15.0,
505.77,232.62,2.0,25.0,176.49857406854434
505.77,232.62,2.0,35.0,98.95698051192147
505.77,232.62,2.0,40.0,106.37102864431333
505.77,232.62,2.0,50.0,97.30306868792921
505.77,232.62,2.0,65.0,107.13981467702266
505.77,232.62,2.0,90.0,72.83646958031359
505.77,232.62,2.0,130.0,74.83947585442549
505.77,232.62,2.0,200.0,54.138183942680904
505.77,232.62,2.0,350.0,78.15555827113822
505.77,232.62,2.0,600.0,57.25860867910728
505.77,232.62,4.0,5.0,
505.77,232.62,4.0,15.0,39.54858619301117
505.77,232.62,4.0,25.0,30.62552051127759
505.77,232.62,4.0,35.0,21.65476007789745
505.77,232.62,4.0,40.0,27.397472357522627
505.77,232.62,4.0,50.0,29.257465173807994
505.77,232.62,4.0,65.0,25.40734450359964
505.77,232.62,4.0,90.0,18.488938468901292
505.77,232.62,4.0,130.0,22.406428776085612
505.77,232.62,4.0,200.0,24.97864946446738
505.77,232.62,4.0,350.0,16.584343243404955
505.77,232.62,4.0,600.0,18.53868760527022
505.77,232.62,8.0,5.0,37.91305463174774
505.77,232.62,8.0,15.0,11.538808290367811
505.77,232.62,8.0,25.0,10.400295999684833
505.77,232.62,8.0,35.0,12.302131092016042
505.77,232.62,8.0,40.0,9.837903112406938
505.77,232.62,8.0,50.0,9.916146056769035
505.77,232.62,8.0,65.0,13.244135490815719
505.77,232.62,8.0,90.0,8.39812554160652
505.77,232.62,8.0,130.0,7.592094952852456
505.77,232.62,8.0,200.0,9.030584283627288
505.77,232.62,8.0,350.0,8.97228473242697
505.77,232.62,8.0,600.0,7.727473028222206
508.08,234.93,0.5,5.0,
508.08,234.93,0.5,15.0,
508.08,234.93,0.5,25.0,
508.08,234.93,0.5,35.0,
508.08,234.93,0.5,40.0,
508.08,234.93,0.5,50.0,
508.08,234.93,0.5,65.0,7202.001544294161
508.08,234.93,0.5,90.0,2743.8392536207716
508.08,234.93,0.5,130.0,1261.5421537135835
508.08,234.93,0.5,200.0,827.8703755275909
508.08,234.93,0.5,350.0,895.5752336229015
508.08,234.93,0.5,600.0,706.9876496191022
508.08,234.93,1.0,5.0,
508.08,234.93,1.0,15.0,
508.08,234.93,1.0,25.0,
508.08,234.93,1.0,35.0,1231.8967665357627
508.08,234.93,1.0,40.0,795.4975015038003
508.08,234.93,1.0,50.0,376.47092006660154
508.08,234.93,1.0,65.0,357.904325713085
508.08,234.93,1.0,90.0,365.30796747910637
508.08,234.93,1.0,130.0,254.83679709607154
508.08,234.93,1.0,200.0,203.2465001832213
508.08,234.93,1.0,350.0,185.28196162893886
508.08,234.93,1.0,600.0,180.92357661656473
508.08,234.93,2.0,5.0,
508.08,234.93,2.0,15.0,
508.08,234.93,2.0,25.0,135.3513173468054
508.08,234.93,2.0,35.0,93.00211424933876
508.08,234.93,2.0,40.0,103.24737049374794
508.08,234.93,2.0,50.0,61.95268801425269
508.08,234.93,2.0,65.0,83.2078497028151
508.08,234.93,2.0,90.0,63.75489699904083
508.08,234.93,2.0,130.0,67.27723437915962
508.08,234.93,2.0,200.0,51.34619188667129
508.08,234.93,2.0,350.0,71.72036237954805
508.08,234.93,2.0,600.0,69.53571258557278
508.08,234.93,4.0,5.0,
508.08,234.93,4.0,15.0,44.65304705727582
508.08,234.93,4.0,25.0,22.005634106147244
508.08,234.93,4.0,35.0,27.86487698161769
508.08,234.93,4.0,40.0,25.28482508219431
508.08,234.93,4.0,50.0,17.87789495808194
508.08,234.93,4.0,65.0,21.775696387041283
508.08,234.93,4.0,90.0,22.276411516209386
508.08,234.93,4.0,130.0,22.301891606672818
508.08,234.93,4.0,200.0,20.627955245735276
508.08,234.93,4.0,350.0,20.639010489087404
508.08,234.93,4.0,600.0,24.421338523694118
508.08,234.93,8.0,5.0,35.91158503925473
508.08,234.93,8.0,15.0,6.478469720671274
508.08,234.93,8.0,25.0,8.379293852615382
508.08,234.93,8.0,35.0,8.162018716021388
508.08,234.93,8.0,40.0,6.33750897935994
508.08,234.93,8.0,50.0,8.190291579126368
508.08,234.93,8.0,65.0,9.560094244308623
508.08,234.93,8.0,90.0,6.622248298059901
508.08,234.93,8.0,130.0,8.089694939187943
508.08,234.93,8.0,200.0,6.635373689612519
508.08,234.93,8.0,350.0,6.826730023891278
508.08,234.93,8.0,600.0,9.381495234831789
510.11,236.96,0.5,5.0,
510.11,236.96,0.5,15.0,
510.11,236.96,0.5,25.0,
510.11,236.96,0.5,35.0,
510.11,236.96,0.5,40.0,
510.11,236.96,0.5,50.0,
510.11,236.96,0.5,65.0,7060.63831381468
510.11,236.96,0.5,90.0,1894.4223010216729
510.11,236.96,0.5,130.0,826.4021716736412
510.11,236.96,0.5,200.0,1112.9257448418123
510.11,236.96,0.5,350.0,778.3491116262383
510.11,236.96,0.5,600.0,636.9623788496845
510.11,236.96,1.0,5.0,
510.11,236.96,1.0,15.0,
510.11,236.96,1.0,25.0,
510.11,236.96,1.0,35.0,1270.6389220885997
510.11,236.96,1.0,40.0,539.0748677275061
510.11,236.96,1.0,50.0,497.0563295388756
510.11,236.96,1.0,65.0,294.5575817449652
510.11,236.96,1.0,90.0,242.23000205347276
510.11,236.96,1.0,130.0,201.0691618886472
510.11,236.96,1.0,200.0,179.55009230011692
510.11,236.96,1.0,350.0,202.1168036308431
510.11,236.96,1.0,600.0,182.12847371006782
510.11,236.96,2.0,5.0,
510.11,236.96,2.0,15.0,
510.11,236.96,2.0,25.0,141.23581954605473
510.11,236.96,2.0,35.0,89.53902858650162
510.11,236.96,2.0,40.0,88.5317832416574
510.11,236.96,2.0,50.0,68.73274008084215
510.11,236.96,2.0,65.0,93.05605560245496
510.11,236.96,2.0,90.0,48.594483373843566
510.11,236.96,2.0,130.0,69.97380375493766
510.11,236.96,2.0,200.0,68.00122218924382
510.11,236.96,2.0,350.0,47.103948089776935
510.11,236.96,2.0,600.0,73.41196027526695
510.11,236.96,4.0,5.0,
510.11,236.96,4.0,15.0,40.89501251883707
510.11,236.96,4.0,25.0,29.104220099628794
510.11,236.96,4.0,35.0,22.508719650928082
510.11,236.96,4.0,40.0,20.98048731617371
510.11,236.96,4.0,50.0,20.07840771762712
510.11,236.96,4.0,65.0,21.10941819502552
510.11,236.96,4.0,90.0,23.70596507857517
510.11,236.96,4.0,130.0,19.204755726604837
510.11,236.96,4.0,200.0,15.959305222610496
510.11,236.96,4.0,350.0,20.365920607296697
510.11,236.96,4.0,600.0,20.476723120196972
510.11,236.96,8.0,5.0,30.025721265176855
510.11,236.96,8.0,15.0,10.145883004415136
510.11,236.96,8.0,25.0,7.686309884830251
510.11,236.96,8.0,35.0,6.629579707682546
510.11,236.96,8.0,40.0,6.5914421100482645
510.11,236.96,8.0,50.0,5.7557718632766175
510.11,236.96,8.0,65.0,7.482199590408867
510.11,236.96,8.0,90.0,7.011862771737337
510.11,236.96,8.0,130.0,6.558968344726383
510.11,236.96,8.0,200.0,4.4510778737953505
510.11,236.96,8.0,350.0,5.704387274021872
510.11,236.96,8.0,600.0,8.100751297611255
510.38,237.23,0.5,5.0,
510.38,237.23,0.5,15.0,
510.38,237.23,0.5,25.0,
510.38,237.23,0.5,35.0,
510.38,237.23,0.5,40.0,
510.38,237.23,0.5,50.0,
510.38,237.23,0.5,65.0,6844.247400073245
510.38,237.23,0.5,90.0,1842.003958222721
510.38,237.23,0.5,130.0,876.8576980430523
510.38,237.23,0.5,200.0,1031.1078561223947
510.38,237.23,0.5,350.0,687.0151936133514
510.38,237.23,0.5,600.0,675.0419928039875
510.38,237.23,1.0,5.0,
510.38,237.23,1.0,15.0,
510.38,237.23,1.0,25.0,
510.38,237.23,1.0,35.0,1631.073072977278
510.38,237.23,1.0,40.0,825.4895980961694
510.38,237.23,1.0,50.0,392.4943628768444
510.38,237.23,1.0,65.0,279.2960881699047
510.38,237.23,1.0,90.0,234.82713382705626
510.38,237.23,1.0,130.0,230.68780157560664
510.38,237.23,1.0,200.0,190.36658265758123
510.38,237.23,1.0,350.0,169.44727615162904
510.38,237.23,1.0,600.0,215.63491478388502
510.38,237.23,2.0,5.0,
510.38,237.23,2.0,15.0,
510.38,237.23,2.0,25.0,124.30280170263474
510.38,237.23,2.0,35.0,124.975215530916
510.38,237.23,2.0,40.0,82.03748720281496
510.38,237.23,2.0,50.0,94.44654311055272
510.38,237.23,2.0,65.0,69.37478464693513
510.38,237.23,2.0,90.0,70.12833585110995
510.38,237.23,2.0,130.0,51.288776900049285
510.38,237.23,2.0,200.0,48.10850343517939
510.38,237.23,2.0,350.0,56.61759518600199
510.38,237.23,2.0,600.0,60.16928970463507
510.38,237.23,4.0,5.0,
510.38,237.23,4.0,15.0,34.984542317334885
510.38,237.23,4.0,25.0,20.47975021726238
510.38,237.23,4.0,35.0,18.044554723045426
510.38,237.23,4.0,40.0,17.275504347438694
510.38,237.23,4.0,50.0,15.691140795628744
510.38,237.23,4.0,65.0,19.98027997744598
510.38,237.23,4.0,90.0,22.454445788341022
510.38,237.23,4.0,130.0,18.414376893588674
510.38,237.23,4.0,200.0,12.869750808446764
510.38,237.23,4.0,350.0,17.266497922631675
510.38,237.23,4.0,600.0,17.18229670982785
510.38,237.23,8.0,5.0,36.79781777372954
510.38,237.23,8.0,15.0,7.198378235994778
510.38,237.23,8.0,25.0,7.453335566539255
510.38,237.23,8.0,35.0,9.717719363187134
510.38,237.23,8.0,40.0,7.930223300084171
510.38,237.23,8.0,50.0,7.902687350941161
510.38,237.23,8.0,65.0,7.2525668621713315
510.38,237.23,8.0,90.0,7.3654158796977995
510.38,237.23,8.0,130.0,7.772999935715602
510.38,237.23,8.0,200.0,6.063271053067748
510.38,237.23,8.0,350.0,7.746377029161054
510.38,237.23,8.0,600.0,5.501735184738253
512.69,239.54,0.5,5.0,
512.69,239.54,0.5,15.0,
512.69,239.54,0.5,25.0,
512.69,239.54,0.5,35.0,
512.69,239.54,0.5,40.0,
512.69,239.54,0.5,50.0,
512.69,239.54,0.5,65.0,7147.660680220164
512.69,239.54,0.5,90.0,1612.8519434150505
512.69,239.54,0.5,130.0,886.1897534496818
512.69,239.54,0.5,200.0,745.1667388061769
512.69,239.54,0.5,350.0,575.3664026047893
512.69,239.54,0.5,600.0,495.1898219787706
512.69,239.54,1.0,5.0,
512.69,239.54,1.0,15.0,
512.69,239.54,1.0,25.0,
512.69,239.54,1.0,35.0,981.9218767659693
512.69,239.54,1.0,40.0,501.367757125041
512.69,239.54,1.0,50.0,388.1353673254536
512.69,239.54,1.0,65.0,231.173889661754
512.69,239.54,1.0,90.0,246.8807616482801
512.69,239.54,1.0,130.0,161.06148982141653
512.69,239.54,1.0,200.0,159.8472232383015
512.69,239.54,1.0,350.0,147.3138669056882
512.69,239.54,1.0,600.0,189.94016772703682
512.69,239.54,2.0,5.0,
512.69,239.54,2.0,15.0,
512.69,239.54,2.0,25.0,119.56056218531089
512.69,239.54,2.0,35.0,77.15717177695419
512.69,239.54,2.0,40.0,78.47658980070656
512.69,239.54,2.0,50.0,47.39823101500242
512.69,239.54,2.0,65.0,58.78478376026792
512.69,239.54,2.0,90.0,73.69518755273717
512.69,239.54,2.0,130.0,52.48057566801344
512.69,239.54,2.0,200.0,49.70658069322903
512.69,239.54,2.0,350.0,51.62523975378121
512.69,239.54,2.0,600.0,53.39127858707439
512.69,239.54,4.0,5.0,
512.69,239.54,4.0,15.0,23.188938181212364
512.69,239.54,4.0,25.0,17.365303391417367
512.69,239.54,4.0,35.0,20.549856054801587
512.69,239.54,4.0,40.0,17.29739766670417
512.69,239.54,4.0,50.0,22.409184667842453
512.69,239.54,4.0,65.0,16.868944862696633
512.69,239.54,4.0,90.0,12.768484066151927
512.69,239.54,4.0,130.0,13.727066198343314
512.69,239.54,4.0,200.0,10.760887101159689
512.69,239.54,4.0,350.0,15.43582107184519
512.69,239.54,4.0,600.0,15.401568408207709
512.69,239.54,8.0,5.0,22.687108384706455
512.69,239.54,8.0,15.0,9.475275473342682
512.69,239.54,8.0,25.0,8.511930783415478
512.69,239.54,8.0,35.0,6.599159667017417
512.69,239.54,8.0,40.0,4.842387666615215
512.69,239.54,8.0,50.0,7.1687096586276535
512.69,239.54,8.0,65.0,6.971980639010465
512.69,239.54,8.0,90.0,6.607069722968016
512.69,239.54,8.0,130.0,7.211408173657785
512.69,239.54,8.0,200.0,5.172601178824788
512.69,239.54,8.0,350.0,8.258618327595148
512.69,239.54,8.0,600.0,5.267349769299468
515.0,241.85,0.5,5.0,
515.0,241.85,0.5,15.0,
515.0,241.85,0.5,25.0,
515.0,241.85,0.5,35.0,
515.0,241.85,0.5,40.0,
515.0,241.85,0.5,50.0,
515.0,241.85,0.5,65.0,6854.362780651487
515.0,241.85,0.5,90.0,1097.5305370673782
515.0,241.85,0.5,130.0,761.1324116051624
515.0,241.85,0.5,200.0,845.0857277847282
515.0,241.85,0.5,350.0,546.8776442587142
515.0,241.85,0.5,600.0,593.8678029817414
515.0,241.85,1.0,5.0,
515.0,241.85,1.0,15.0,
515.0,241.85,1.0,25.0,
515.0,241.85,1.0,35.0,965.9086384819253
515.0,241.85,1.0,40.0,524.3536875962102
515.0,241.85,1.0,50.0,408.4967980056241
515.0,241.85,1.0,65.0,238.68774225801968
515.0,241.85,1.0,90.0,152.928453403694
515.0,241.85,1.0,130.0,153.46830228181366
515.0,241.85,1.0,200.0,170.17264559492085
515.0,241.85,1.0,350.0,154.5556645624826
515.0,241.85,1.0,600.0,110.8136932635225
515.0,241.85,2.0,5.0,
515.0,241.85,2.0,15.0,
515.0,241.85,2.0,25.0,91.89072991680109
515.0,241.85,2.0,35.0,65.71442003582703
515.0,241.85,2.0,40.0,62.062627055554856
515.0,241.85,2.0,50.0,47.619803019510265
515.0,241.85,2.0,65.0,48.47602748771453
515.0,241.85,2.0,90.0,44.07932196905595
515.0,241.85,2.0,130.0,52.00256841463186
515.0,241.85,2.0,200.0,50.013378368698795
515.0,241.85,2.0,350.0,41.88349573701396
515.0,241.85,2.0,600.0,39.62549156307507
515.0,241.85,4.0,5.0,
515.0,241.85,4.0,15.0,28.76777957954681
515.0,241.85,4.0,25.0,17.80196504004674
515.0,241.85,4.0,35.0,15.093397754197783
515.0,241.85,4.0,40.0,15.055243748421722
515.0,241.85,4.0,50.0,15.065647073913171
515.0,241.85,4.0,65.0,13.372514196159592
515.0,241.85,4.0,90.0,15.743703062016282
515.0,241.85,4.0,130.0,16.676506631455617
515.0,241.85,4.0,200.0,11.533739812042256
515.0,241.85,4.0,350.0,14.447927408831653
515.0,241.85,4.0,600.0,13.800551868156164
515.0,241.85,8.0,5.0,22.912085970633733
515.0,241.85,8.0,15.0,7.241911104441585
515.0,241.85,8.0,25.0,5.148075299342095
515.0,241.85,8.0,35.0,5.04357002442186
515.0,241.85,8.0,40.0,6.031510568152669
515.0,241.85,8.0,50.0,6.864907455222249
515.0,241.85,8.0,65.0,4.143078845146627
515.0,241.85,8.0,90.0,5.980848696712944
515.0,241.85,8.0,130.0,6.698325448668928
515.0,241.85,8.0,200.0,5.4201202821575105
515.0,241.85,8.0,350.0,5.974177015962338
515.0,241.85,8.0,600.0,4.928098086303355
517.31,244.16,0.5,5.0,
517.31,244.16,0.5,15.0,
517.31,244.16,0.5,25.0,
517.31,244.16,0.5,35.0,
517.31,244.16,0.5,40.0,
517.31,244.16,0.5,50.0,
517.31,244.16,0.5,65.0,5420.100296027918
517.31,244.16,0.5,90.0,998.5462112106592
517.31,244.16,0.5,130.0,554.5810055283911
517.31,244.16,0.5,200.0,698.4858952761559
517.31,244.16,0.5,350.0,441.9196878357856
517.31,244.16,0.5,600.0,440.47624228453515
517.31,244.16,1.0,5.0,
517.31,244.16,1.0,15.0,
517.31,244.16,1.0,25.0,
517.31,244.16,1.0,35.0,682.032249601981
517.31,244.16,1.0,40.0,388.35972567132353
517.31,244.16,1.0,50.0,292.17361845607456
517.31,244.16,1.0,65.0,199.6839290565379
517.31,244.16,1.0,90.0,190.4317552592443
517.31,244.16,1.0,130.0,166.89721765227807
517.31,244.16,1.0,200.0,148.08397461654653
517.31,244.16,1.0,350.0,135.98375224278973
517.31,244.16,1.0,600.0,159.98685531767498
517.31,244.16,2.0,5.0,
517.31,244.16,2.0,15.0,
517.31,244.16,2.0,25.0,78.62028953041147
517.31,244.16,2.0,35.0,64.06214924581464
517.31,244.16,2.0,40.0,69.99230017149712
517.31,244.16,2.0,50.0,63.74138588046839
517.31,244.16,2.0,65.0,38.767328897500626
517.31,244.16,2.0,90.0,42.26445293764383
517.31,244.16,2.0,130.0,51.151848093128855
517.31,244.16,2.0,200.0,43.0624567050344
517.31,244.16,2.0,350.0,39.708696277083355
517.31,244.16,2.0,600.0,36.64009893870904
517.31,244.16,4.0,5.0,
517.31,244.16,4.0,15.0,23.955897790163657
517.31,244.16,4.0,25.0,18.926164116391693
517.31,244.16,4.0,35.0,15.548177733365574
517.31,244.16,4.0,40.0,15.516284382460329
517.31,244.16,4.0,50.0,15.103798093131664
517.31,244.16,4.0,65.0,12.955612590729782
517.31,244.16,4.0,90.0,14.991273860574685
517.31,244.16,4.0,130.0,20.846740891264613
517.31,244.16,4.0,200.0,10.097730776859358
517.31,244.16,4.0,350.0,13.611307505688027
517.31,244.16,4.0,600.0,11.463725836127024
517.31,244.16,8.0,5.0,21.382353178359974
517.31,244.16,8.0,15.0,6.581922722454606
517.31,244.16,8.0,25.0,6.465357845341279
517.31,244.16,8.0,35.0,6.549023064370847
517.31,244.16,8.0,40.0,5.567602089907285
517.31,244.16,8.0,50.0,6.2803807083659136
517.31,244.16,8.0,65.0,3.659915108204257
517.31,244.16,8.0,90.0,6.493415577258286
517.31,244.16,8.0,130.0,5.339814536337528
517.31,244.16,8.0,200.0,5.872413627661087
517.31,244.16,8.0,350.0,4.126592275625897
517.31,244.16,8.0,600.0,4.354959658647727
519.62,246.47,0.5,5.0,
519.62,246.47,0.5,15.0,
519.62,246.47,0.5,25.0,
519.62,246.47,0.5,35.0,
519.62,246.47,0.5,40.0,
519.62,246.47,0.5,50.0,
519.62,246.47,0.5,65.0,5083.366054331434
519.62,246.47,0.5,90.0,1144.7544443991035
519.62,246.47,0.5,130.0,741.2873413921728
519.62,246.47,0.5,200.0,643.0619383644639
519.62,246.47,0.5,350.0,354.3049605951288
519.62,246.47,0.5,600.0,491.92300241894844
519.62,246.47,1.0,5.0,
519.62,246.47,1.0,15.0,
519.62,246.47,1.0,25.0,
519.62,246.47,1.0,35.0,757.746748702278
519.62,246.47,1.0,40.0,419.4414191107442
519.62,246.47,1.0,50.0,216.76639140850864
519.62,246.47,1.0,65.0,216.52224670708975
519.62,246.47,1.0,90.0,112.90488291221078
519.62,246.47,1.0,130.0,154.90625938515495
519.62,246.47,1.0,200.0,101.68703822297468
519.62,246.47,1.0,350.0,119.20296580496817
519.62,246.47,1.0,600.0,111.78917802900557
519.62,246.47,2.0,5.0,
519.62,246.47,2.0,15.0,
519.62,246.47,2.0,25.0,99.11326105625731
519.62,246.47,2.0,35.0,56.676479775325696
519.62,246.47,2.0,40.0,47.9627485813006
519.62,246.47,2.0,50.0,44.04563840577174
519.62,246.47,2.0,65.0,52.34406048484528
519.62,246.47,2.0,90.0,43.2634382233123
519.62,246.47,2.0,130.0,35.49172668435459
519.62,246.47,2.0,200.0,34.710296491076
519.62,246.47,2.0,350.0,27.474762399777703
519.62,246.47,2.0,600.0,36.16640797145957
519.62,246.47,4.0,5.0,
519.62,246.47,4.0,15.0,17.564432694763568
519.62,246.47,4.0,25.0,18.286179887259244
519.62,246.47,4.0,35.0,14.837480697394955
519.62,246.47,4.0,40.0,20.133463833034902
519.62,246.47,4.0,50.0,11.406686970024051
519.62,246.47,4.0,65.0,12.729271345184161
519.62,246.47,4.0,90.0,16.337379372323348
519.62,246.47,4.0,130.0,14.509926912283767
519.62,246.47,4.0,200.0,10.702641374075153
519.62,246.47,4.0,350.0,12.08491250724099
519.62,246.47,4.0,600.0,11.583478886209829
519.62,246.47,8.0,5.0,18.436135317404922
519.62,246.47,8.0,15.0,5.304761855601761
519.62,246.47,8.0,25.0,5.128666800897021
519.62,246.47,8.0,35.0,3.8936448659267504
519.62,246.47,8.0,40.0,4.975040264984357
519.62,246.47,8.0,50.0,5.109949471118099
519.62,246.47,8.0,65.0,4.531420117201902
519.62,246.47,8.0,90.0,3.6183816008377914
519.62,246.47,8.0,130.0,5.276563508586072
519.62,246.47,8.0,200.0,4.755641697429685
519.62,246.47,8.0,350.0,4.0052047618803766
519.62,246.47,8.0,600.0,4.262707063753369
521.92,248.77,0.5,5.0,
521.92,248.77,0.5,15.0,
521.92,248.77,0.5,25.0,
521.92,248.77,0.5,35.0,
521.92,248.77,0.5,40.0,
521.92,248.77,0.5,50.0,
521.92,248.77,0.5,65.0,3580.825946705959
521.92,248.77,0.5,90.0,887.4042130903217
521.92,248.77,0.5,130.0,591.0303227170317
521.92,248.77,0.5,200.0,592.5515555983062
521.92,248.77,0.5,350.0,378.2769275593701
521.92,248.77,0.5,600.0,421.9523452317293
521.92,248.77,1.0,5.0,
521.92,248.77,1.0,15.0,
521.92,248.77,1.0,25.0,
521.92,248.77,1.0,35.0,629.5281035375784
521.92,248.77,1.0,40.0,404.759989666333
521.92,248.77,1.0,50.0,238.6240222575905
521.92,248.77,1.0,65.0,206.39782102528955
521.92,248.77,1.0,90.0,134.96981832209647
521.92,248.77,1.0,130.0,100.11232494352116
521.92,248.77,1.0,200.0,93.22671785536444
521.92,248.77,1.0,350.0,98.4588124172754
521.92,248.77,1.0,600.0,85.09277032089928
521.92,248.77,2.0,5.0,
521.92,248.77,2.0,15.0,
521.92,248.77,2.0,25.0,79.75626654685728
521.92,248.77,2.0,35.0,48.955089888441606
521.92,248.77,2.0,40.0,68.53519394118219
521.92,248.77,2.0,50.0,33.02188542708099
521.92,248.77,2.0,65.0,40.207840865679934
521.92,248.77,2.0,90.0,30.395099203645664
521.92,248.77,2.0,130.0,31.492357670991208
521.92,248.77,2.0,200.0,33.12629057203605
521.92,248.77,2.0,350.0,22.112646798370218
521.92,248.77,2.0,600.0,31.880499031822723
521.92,248.77,4.0,5.0,
521.92,248.77,4.0,15.0,27.437081877806293
521.92,248.77,4.0,25.0,13.76282822405845
521.92,248.77,4.0,35.0,13.645985653763203
521.92,248.77,4.0,40.0,14.800926356809107
521.92,248.77,4.0,50.0,11.837092770039714
521.92,248.77,4.0,65.0,10.684247340726145
521.92,248.77,4.0,90.0,7.996173127538033
521.92,248.77,4.0,130.0,12.047825414456437
521.92,248.77,4.0,200.0,10.533473123988147
521.92,248.77,4.0,350.0,9.052772558183694
521.92,248.77,4.0,600.0,10.64276629750683
521.92,248.77,8.0,5.0,14.600826978562209
521.92,248.77,8.0,15.0,4.907447821256441
521.92,248.77,8.0,25.0,5.133555324210791
521.92,248.77,8.0,35.0,3.6506571244529664
521.92,248.77,8.0,40.0,5.144217290582743
521.92,248.77,8.0,50.0,3.4925931348014014
521.92,248.77,8.0,65.0,3.828044395507677
521.92,248.77,8.0,90.0,5.54744468938551
521.92,248.77,8.0,130.0,4.858401422655026
521.92,248.77,8.0,200.0,4.120211391403672
521.92,248.77,8.0,350.0,3.497430047124118
521.92,248.77,8.0,600.0,3.703264133136453
523.53,250.38,0.5,5.0,
523.53,250.38,0.5,15.0,
523.53,250.38,0.5,25.0,
523.53,250.38,0.5,35.0,
523.53,250.38,0.5,40.0,
523.53,250.38,0.5,50.0,
523.53,250.38,0.5,65.0,4221.454754390405
523.53,250.38,0.5,90.0,968.9714954744136
523.53,250.38,0.5,130.0,588.3976474279413
523.53,250.38,0.5,200.0,456.7081147812294
523.53,250.38,0.5,350.0,375.3618096472157
523.53,250.38,0.5,600.0,287.45264304203124
523.53,250.38,1.0,5.0,
523.53,250.38,1.0,15.0,
523.53,250.38,1.0,25.0,
523.53,250.38,1.0,35.0,588.0052757413448
523.53,250.38,1.0,40.0,416.45997214498357
523.53,250.38,1.0,50.0,184.81271661982007
523.53,250.38,1.0,65.0,163.84293641604418
523.53,250.38,1.0,90.0,120.398178168449
523.53,250.38,1.0,130.0,119.98529712938925
523.53,250.38,1.0,200.0,100.7383271754827
523.53,250.38,1.0,350.0,123.90604674969192
523.53,250.38,1.0,600.0,103.08801624627989
523.53,250.38,2.0,5.0,
523.53,250.38,2.0,15.0,
523.53,250.38,2.0,25.0,57.3497017559407
523.53,250.38,2.0,35.0,54.05204484352556
523.53,250.38,2.0,40.0,39.78353912606552
523.53,250.38,2.0,50.0,36.58992299041628
523.53,250.38,2.0,65.0,38.05697974485996
523.53,250.38,2.0,90.0,31.131084759802658
523.53,250.38,2.0,130.0,36.09585651146415
523.53,250.38,2.0,200.0,26.881341418651306
523.53,250.38,2.0,350.0,26.591936371573986
523.53,250.38,2.0,600.0,25.95877129687326
523.53,250.38,4.0,5.0,
523.53,250.38,4.0,15.0,17.638925295655195
523.53,250.38,4.0,25.0,16.173278958622685
523.53,250.38,4.0,35.0,13.427277295941732
523.53,250.38,4.0,40.0,15.270726789630826
523.53,250.38,4.0,50.0,15.870663089078386
523.53,250.38,4.0,65.0,9.298020457179913
523.53,250.38,4.0,90.0,10.58439770560586
523.53,250.38,4.0,130.0,8.540334102498866
523.53,250.38,4.0,200.0,8.876320204999402
523.53,250.38,4.0,350.0,8.925888516466145
523.53,250.38,4.0,600.0,8.296322192137286
523.53,250.38,8.0,5.0,12.671327152207228
523.53,250.38,8.0,15.0,4.839782985153568
523.53,250.38,8.0,25.0,3.635845315836876
523.53,250.38,8.0,35.0,4.713723724964132
523.53,250.38,8.0,40.0,3.566581266253423
523.53,250.38,8.0,50.0,6.111836820282075
523.53,250.38,8.0,65.0,3.6786514054207005
523.53,250.38,8.0,90.0,3.9125632699851116
523.53,250.38,8.0,130.0,3.1449552807740773
523.53,250.38,8.0,200.0,4.882572535482852
523.53,250.38,8.0,350.0,4.435000220029986
523.53,250.38,8.0,600.0,3.90257838830641
524.23,251.08,0.5,5.0,
524.23,251.08,0.5,15.0,
524.23,251.08,0.5,25.0,
524.23,251.08,0.5,35.0,
524.23,251.08,0.5,40.0,
524.23,251.08,0.5,50.0,
524.23,251.08,0.5,65.0,3306.310343999032
524.23,251.08,0.5,90.0,963.7881336798523
524.23,251.08,0.5,130.0,488.5704720916037
524.23,251.08,0.5,200.0,553.7356491394567
524.23,251.08,0.5,350.0,424.1514619694045
524.23,251.08,0.5,600.0,350.8418468744574
524.23,251.08,1.0,5.0,
524.23,251.08,1.0,15.0,
524.23,251.08,1.0,25.0,
524.23,251.08,1.0,35.0,427.2720510840143
524.23,251.08,1.0,40.0,303.61155267357873
524.23,251.08,1.0,50.0,243.81799732880305
524.23,251.08,1.0,65.0,195.96555322359757
524.23,251.08,1.0,90.0,155.83655171952282
524.23,251.08,1.0,130.0,90.06480320969725
524.23,251.08,1.0,200.0,108.279831466057
524.23,251.08,1.0,350.0,112.0456720040032
524.23,251.08,1.0,600.0,72.20505752810529
524.23,251.08,2.0,5.0,
524.23,251.08,2.0,15.0,
524.23,251.08,2.0,25.0,67.58710368694481
524.23,251.08,2.0,35.0,49.353282783414166
524.23,251.08,2.0,40.0,41.396696292045775
524.23,251.08,2.0,50.0,29.28755852275029
524.23,251.08,2.0,65.0,33.50925550408611
524.23,251.08,2.0,90.0,30.924163811566522
524.23,251.08,2.0,130.0,29.92527969189225
524.23,251.08,2.0,200.0,26.889959498165037
524.23,251.08,2.0,350.0,26.460761461084772
524.23,251.08,2.0,600.0,27.59608740681799
524.23,251.08,4.0,5.0,
524.23,251.08,4.0,15.0,19.885421547850456
524.23,251.08,4.0,25.0,12.6984817100519
524.23,251.08,4.0,35.0,11.136034748690589
524.23,251.08,4.0,40.0,11.611128328842845
524.23,251.08,4.0,50.0,8.205897040058165
524.23,251.08,4.0,65.0,11.298038172517803
524.23,251.08,4.0,90.0,10.149235869281197
524.23,251.08,4.0,130.0,9.932864997990182
524.23,251.08,4.0,200.0,11.165211914662638
524.23,251.08,4.0,350.0,7.0937255905209415
524.23,251.08,4.0,600.0,7.007459385272706
524.23,251.08,8.0,5.0,14.982159917952359
524.23,251.08,8.0,15.0,4.787985506950447
524.23,251.08,8.0,25.0,4.338552154641509
524.23,251.08,8.0,35.0,3.7565644912440037
524.23,251.08,8.0,40.0,4.382364156402771
524.23,251.08,8.0,50.0,4.469839868912608
524.23,251.08,8.0,65.0,4.102169504169034
524.23,251.08,8.0,90.0,3.607195361465933
524.23,251.08,8.0,130.0,2.698273679920465
524.23,251.08,8.0,200.0,4.111585241398796
524.23,251.08,8.0,350.0,4.364600289843163
524.23,251.08,8.0,600.0,3.9846464629962166
526.54,253.39,0.5,5.0,
526.54,253.39,0.5,15.0,
526.54,253.39,0.5,25.0,
526.54,253.39,0.5,35.0,
526.54,253.39,0.5,40.0,
526.54,253.39,0.5,50.0,
526.54,253.39,0.5,65.0,3201.487820753731
526.54,253.39,0.5,90.0,932.6680773493283
526.54,253.39,0.5,130.0,593.7667681022665
526.54,253.39,0.5,200.0,507.1796664296943
526.54,253.39,0.5,350.0,297.3778862196636
526.54,253.39,0.5,600.0,301.79870618811725
526.54,253.39,1.0,5.0,
526.54,253.39,1.0,15.0,
526.54,253.39,1.0,25.0,
526.54,253.39,1.0,35.0,621.8362839831251
526.54,253.39,1.0,40.0,320.4037003138661
526.54,253.39,1.0,50.0,167.89981863777436
526.54,253.39,1.0,65.0,156.9469018703326
526.54,253.39,1.0,90.0,129.92277630358987
526.54,253.39,1.0,130.0,104.60952317802581
526.54,253.39,1.0,200.0,96.55690859629954
526.54,253.39,1.0,350.0,83.5530839485612
526.54,253.39,1.0,600.0,104.34586714963993
526.54,253.39,2.0,5.0,
526.54,253.39,2.0,15.0,
526.54,253.39,2.0,25.0,53.3678124067301
526.54,253.39,2.0,35.0,39.155408831734505
526.54,253.39,2.0,40.0,39.1606475005763
526.54,253.39,2.0,50.0,39.82675585495622
526.54,253.39,2.0,65.0,25.375374222757717
526.54,253.39,2.0,90.0,24.090027069879284
526.54,253.39,2.0,130.0,20.347619800488058
526.54,253.39,2.0,200.0,26.54620291968631
526.54,253.39,2.0,350.0,21.58670565072951
526.54,253.39,2.0,600.0,23.656932181300483
526.54,253.39,4.0,5.0,
526.54,253.39,4.0,15.0,18.551194398448132
526.54,253.39,4.0,25.0,10.898485142393495
526.54,253.39,4.0,35.0,11.06774061668014
526.54,253.39,4.0,40.0,9.88401637268705
526.54,253.39,4.0,50.0,10.930055093538535
526.54,253.39,4.0,65.0,10.19657416999509
526.54,253.39,4.0,90.0,8.259810030642596
526.54,253.39,4.0,130.0,8.691155709340705
526.54,253.39,4.0,200.0,10.205869423535434
526.54,253.39,4.0,350.0,9.105223804862865
526.54,253.39,4.0,600.0,6.897884287178956
526.54,253.39,8.0,5.0,14.322633473809521
526.54,253.39,8.0,15.0,3.677357616297441
526.54,253.39,8.0,25.0,4.719013937016338
526.54,253.39,8.0,35.0,4.238237451486853
526.54,253.39,8.0,40.0,3.740154311491596
526.54,253.39,8.0,50.0,3.59214832994875
526.54,253.39,8.0,65.0,3.337668663060908
526.54,253.39,8.0,90.0,3.749198872878118
526.54,253.39,8.0,130.0,3.160902641999809
526.54,253.39,8.0,200.0,3.4262537619492672
526.54,253.39,8.0,350.0,3.738805697056609
526.54,253.39,8.0,600.0,3.00177147966164
528.85,255.7,0.5,5.0,
528.85,255.7,0.5,15.0,
528.85,255.7,0.5,25.0,
528.85,255.7,0.5,35.0,
528.85,255.7,0.5,40.0,
528.85,255.7,0.5,50.0,
528.85,255.7,0.5,65.0,3008.351598967011
528.85,255.7,0.5,90.0,636.5637603114218
528.85,255.7,0.5,130.0,401.8164596067704
528.85,255.7,0.5,200.0,275.62541915753036
528.85,255.7,0.5,350.0,341.77535673385927
528.85,255.7,0.5,600.0,369.9340759667156
528.85,255.7,1.0,5.0,
528.85,255.7,1.0,15.0,
528.85,255.7,1.0,25.0,
528.85,255.7,1.0,35.0,621.8162128094441
528.85,255.7,1.0,40.0,224.8237514891269
528.85,255.7,1.0,50.0,199.92734255343498
528.85,255.7,1.0,65.0,164.89192208194493
528.85,255.7,1.0,90.0,100.47196081435752
528.85,255.7,1.0,130.0,94.68129476940861
528.85,255.7,1.0,200.0,62.443993598584115
528.85,255.7,1.0,350.0,81.65945930623501
528.85,255.7,1.0,600.0,64.37300805531973
528.85,255.7,2.0,5.0,
528.85,255.7,2.0,15.0,
528.85,255.7,2.0,25.0,56.855676683446156
528.85,255.7,2.0,35.0,30.560717241530604
528.85,255.7,2.0,40.0,38.31005702700608
528.85,255.7,2.0,50.0,36.76814809987482
528.85,255.7,2.0,65.0,25.51247044213879
528.85,255.7,2.0,90.0,22.332951955185788
528.85,255.7,2.0,130.0,18.056016441002793
528.85,255.7,2.0,200.0,22.926182446448482
528.85,255.7,2.0,350.0,21.133165199363443
528.85,255.7,2.0,600.0,17.93842357136163
528.85,255.7,4.0,5.0,
528.85,255.7,4.0,15.0,16.24100875672951
528.85,255.7,4.0,25.0,10.131190575499804
528.85,255.7,4.0,35.0,8.217295311393054
528.85,255.7,4.0,40.0,8.592527741362005
528.85,255.7,4.0,50.0,10.481943023326423
528.85,255.7,4.0,65.0,9.388469787524366
528.85,255.7,4.0,90.0,8.116888751965996
528.85,255.7,4.0,130.0,8.8350664556065
528.85,255.7,4.0,200.0,6.622837302832
528.85,255.7,4.0,350.0,7.790900625660138
528.85,255.7,4.0,600.0,7.854735404320522
528.85,255.7,8.0,5.0,10.927494553599148
528.85,255.7,8.0,15.0,4.172285584027846
528.85,255.7,8.0,25.0,3.0676661961181817
528.85,255.7,8.0,35.0,3.5440316240624465
528.85,255.7,8.0,40.0,3.513743709697857
528.85,255.7,8.0,50.0,2.0459264605799943
528.85,255.7,8.0,65.0,3.7189167903594145
528.85,255.7,8.0,90.0,1.9364916229921634
528.85,255.7,8.0,130.0,2.7519952470066955
528.85,255.7,8.0,200.0,3.4840429249969134
528.85,255.7,8.0,350.0,2.8253782591855665
528.85,255.7,8.0,600.0,2.367429766935577
531.15,258.0,0.5,5.0,
531.15,258.0,0.5,15.0,
531.15,258.0,0.5,25.0,
531.15,258.0,0.5,35.0,
531.15,258.0,0.5,40.0,
531.15,258.0,0.5,50.0,
531.15,258.0,0.5,65.0,2530.890579405815
531.15,258.0,0.5,90.0,802.7841552459354
531.15,258.0,0.5,130.0,319.33836886654666
531.15,258.0,0.5,200.0,388.17696784396236
531.15,258.0,0.5,350.0,274.5750544262164
531.15,258.0,0.5,600.0,213.13780862222345
531.15,258.0,1.0,5.0,
531.15,258.0,1.0,15.0,
531.15,258.0,1.0,25.0,
531.15,258.0,1.0,35.0,415.79343166181087
531.15,258.0,1.0,40.0,222.61780010444076
531.15,258.0,1.0,50.0,184.5591857890609
531.15,258.0,1.0,65.0,134.37697145814582
531.15,258.0,1.0,90.0,75.13876682003037
531.15,258.0,1.0,130.0,79.32641195317736
531.15,258.0,1.0,200.0,67.00630841230912
531.15,258.0,1.0,350.0,86.08923238269645
531.15,258.0,1.0,600.0,55.73030736891965
531.15,258.0,2.0,5.0,
531.15,258.0,2.0,15.0,
531.15,258.0,2.0,25.0,63.43500202121604
531.15,258.0,2.0,35.0,34.73376507951821
531.15,258.0,2.0,40.0,26.810783129373895
531.15,258.0,2.0,50.0,25.74330286103776
531.15,258.0,2.0,65.0,22.993512989917807
531.15,258.0,2.0,90.0,19.77106470618645
531.15,258.0,2.0,130.0,22.87208210857625
531.15,258.0,2.0,200.0,17.936987160296447
531.15,258.0,2.0,350.0,15.026846758178072
531.15,258.0,2.0,600.0,19.326109997303085
531.15,258.0,4.0,5.0,
531.15,258.0,4.0,15.0,10.46429320810335
531.15,258.0,4.0,25.0,8.750412810554028
531.15,258.0,4.0,35.0,7.61444184900027
531.15,258.0,4.0,40.0,7.405381886672109
531.15,258.0,4.0,50.0,10.890746226536193
531.15,258.0,4.0,65.0,7.817103746401124
531.15,258.0,4.0,90.0,7.760657750116507
531.15,258.0,4.0,130.0,5.574561947928998
531.15,258.0,4.0,200.0,6.458368983951275
531.15,258.0,4.0,350.0,7.237001442084587
531.15,258.0,4.0,600.0,5.954513534123969
531.15,258.0,8.0,5.0,12.143299809403961
531.15,258.0,8.0,15.0,2.9492513502903965
531.15,258.0,8.0,25.0,2.985710622894761
531.15,258.0,8.0,35.0,2.717452099898837
531.15,258.0,8.0,40.0,2.9962513152615293
531.15,258.0,8.0,50.0,2.601691485142657
531.15,258.0,8.0,65.0,2.699490767048209
531.15,258.0,8.0,90.0,2.6682261135465626
531.15,258.0,8.0,130.0,2.4433889576128713
531.15,258.0,8.0,200.0,2.9036421540349577
531.15,258.0,8.0,350.0,2.775425662210275
531.15,258.0,8.0,600.0,2.630703485073116
533.46,260.31,0.5,5.0,
533.46,260.31,0.5,15.0,
533.46,260.31,0.5,25.0,
533.46,260.31,0.5,35.0,
533.46,260.31,0.5,40.0,
533.46,260.31,0.5,50.0,
533.46,260.31,0.5,65.0,2527.9938259371092
533.46,260.31,0.5,90.0,701.2711373673169
533.46,260.31,0.5,130.0,371.840417636203
533.46,260.31,0.5,200.0,283.00683698659606
533.46,260.31,0.5,350.0,254.31062210597392
533.46,260.31,0.5,600.0,297.27249913393257
533.46,260.31,1.0,5.0,
533.46,260.31,1.0,15.0,
533.46,260.31,1.0,25.0,
533.46,260.31,1.0,35.0,335.6152398686323
533.46,260.31,1.0,40.0,263.19140985787396
533.46,260.31,1.0,50.0,110.32424637857565
533.46,260.31,1.0,65.0,112.4758856243857
533.46,260.31,1.0,90.0,111.36757298087691
533.46,260.31,1.0,130.0,82.0044250358297
533.46,260.31,1.0,200.0,70.7548692729465
533.46,260.31,1.0,350.0,58.94786474635425
533.46,260.31,1.0,600.0,61.995328844129745
533.46,260.31,2.0,5.0,
533.46,260.31,2.0,15.0,
533.46,260.31,2.0,25.0,43.42064328483553
533.46,260.31,2.0,35.0,28.055171072151264
533.46,260.31,2.0,40.0,27.632039671312647
533.46,260.31,2.0,50.0,26.546178151050484
533.46,260.31,2.0,65.0,20.899711903798313
533.46,260.31,2.0,90.0,19.17932649493505
533.46,260.31,2.0,130.0,16.626860276854053
533.46,260.31,2.0,200.0,20.67704123297767
533.46,260.31,2.0,350.0,20.4514704006053
533.46,260.31,2.0,600.0,19.154171883039115
533.46,260.31,4.0,5.0,
533.46,260.31,4.0,15.0,14.332587555332735
533.46,260.31,4.0,25.0,8.975226130717793
533.46,260.31,4.0,35.0,8.369354305350784
533.46,260.31,4.0,40.0,7.987102225211911
533.46,260.31,4.0,50.0,7.195105237897227
533.46,260.31,4.0,65.0,6.472691947478153
533.46,260.31,4.0,90.0,9.42859704194801
533.46,260.31,4.0,130.0,6.148719284270399
533.46,260.31,4.0,200.0,5.829624536589965
533.46,260.31,4.0,350.0,6.762387515575413
533.46,260.31,4.0,600.0,6.520623398797239
533.46,260.31,8.0,5.0,7.761785355327495
533.46,260.31,8.0,15.0,3.779986964019826
533.46,260.31,8.0,25.0,2.778820323316536
533.46,260.31,8.0,35.0,2.2712396218048627
533.46,260.31,8.0,40.0,3.159438873909618
533.46,260.31,8.0,50.0,2.8446772813571433
533.46,260.31,8.0,65.0,2.103029390209229
533.46,260.31,8.0,90.0,3.2634136870540735
533.46,260.31,8.0,130.0,2.72297964341993
533.46,260.31,8.0,200.0,2.437652150985688
533.46,260.31,8.0,350.0,3.0738832609985676
533.46,260.31,8.0,600.0,2.468969929101824
535.77,262.62,0.5,5.0,
535.77,262.62,0.5,15.0,
535.77,262.62,0.5,25.0,
535.77,262.62,0.5,35.0,
535.77,262.62,0.5,40.0,
535.77,262.62,0.5,50.0,
535.77,262.62,0.5,65.0,2429.53176891466
535.77,262.62,0.5,90.0,509.93547859052075
535.77,262.62,0.5,130.0,380.3278744447084
535.77,262.62,0.5,200.0,287.97749160138517
535.77,262.62,0.5,350.0,227.00480538833776
535.77,262.62,0.5,600.0,185.22651776904678
535.77,262.62,1.0,5.0,
535.77,262.62,1.0,15.0,
535.77,262.62,1.0,25.0,
535.77,262.62,1.0,35.0,378.5789062298824
535.77,262.62,1.0,40.0,209.94580754618912
535.77,262.62,1.0,50.0,108.55907326983636
535.77,262.62,1.0,65.0,78.98770840587333
535.77,262.62,1.0,90.0,86.59681267778322
535.77,262.62,1.0,130.0,46.67020311308989
535.77,262.62,1.0,200.0,64.35118851395906
535.77,262.62,1.0,350.0,53.9967897045663
535.77,262.62,1.0,600.0,67.93525914522678
535.77,262.62,2.0,5.0,
535.77,262.62,2.0,15.0,
535.77,262.62,2.0,25.0,37.88822580379047
535.77,262.62,2.0,35.0,31.52901769908506
535.77,262.62,2.0,40.0,24.6022143120758
535.77,262.62,2.0,50.0,23.71498354524549
535.77,262.62,2.0,65.0,23.694895438918277
535.77,262.62,2.0,90.0,18.270872001662415
535.77,262.62,2.0,130.0,21.422793098637083
535.77,262.62,2.0,200.0,15.199716227234944
535.77,262.62,2.0,350.0,17.8207132689133
535.77,262.62,2.0,600.0,19.22254223171797
535.77,262.62,4.0,5.0,
535.77,262.62,4.0,15.0,12.387427820531952
535.77,262.62,4.0,25.0,10.683184293993747
535.77,262.62,4.0,35.0,6.367299426022826
535.77,262.62,4.0,40.0,5.614183960591344
535.77,262.62,4.0,50.0,5.685379796456089
535.77,262.62,4.0,65.0,7.002015075701229
535.77,262.62,4.0,90.0,6.59445461257509
535.77,262.62,4.0,130.0,6.045360920626877
535.77,262.62,4.0,200.0,4.924914548751061
535.77,262.62,4.0,350.0,6.431584039389688
535.77,262.62,4.0,600.0,4.727527478771976
535.77,262.62,8.0,5.0,10.315934897036186
535.77,262.62,8.0,15.0,4.436433618386966
535.77,262.62,8.0,25.0,2.6940336809899628
535.77,262.62,8.0,35.0,2.6494389068242885
535.77,262.62,8.0,40.0,2.221236640647806
535.77,262.62,8.0,50.0,1.786007214565752
535.77,262.62,8.0,65.0,2.101325833223147
535.77,262.62,8.0,90.0,1.9197180127688904
535.77,262.62,8.0,130.0,1.7963784653464254
535.77,262.62,8.0,200.0,2.860038195563812
535.77,262.62,8.0,350.0,2.282461471379955
535.77,262.62,8.0,600.0,2.308910408805177
536.95,263.8,0.5,5.0,
536.95,263.8,0.5,15.0,
536.95,263.8,0.5,25.0,
536.95,263.8,0.5,35.0,
536.95,263.8,0.5,40.0,
536.95,263.8,0.5,50.0,
536.95,263.8,0.5,65.0,2213.723296832903
536.95,263.8,0.5,90.0,521.3996082886165
536.95,263.8,0.5,130.0,382.81694888056427
536.95,263.8,0.5,200.0,253.57496520987738
536.95,263.8,0.5,350.0,233.1055711784839
536.95,263.8,0.5,600.0,192.44203565626435
536.95,263.8,1.0,5.0,
536.95,263.8,1.0,15.0,
536.95,263.8,1.0,25.0,
536.95,263.8,1.0,35.0,335.2009827203764
536.95,263.8,1.0,40.0,163.26919165925636
536.95,263.8,1.0,50.0,93.66939022897542
536.95,263.8,1.0,65.0,90.01245126479452
536.95,263.8,1.0,90.0,76.25497786321428
536.95,263.8,1.0,130.0,54.032614899516226
536.95,263.8,1.0,200.0,58.99724716778577
536.95,263.8,1.0,350.0,55.579705633836994
536.95,263.8,1.0,600.0,38.39914441093161
536.95,263.8,2.0,5.0,
536.95,263.8,2.0,15.0,
536.95,263.8,2.0,25.0,33.80166702408849
536.95,263.8,2.0,35.0,28.852408140802137
536.95,263.8,2.0,40.0,26.299515769678994
536.95,263.8,2.0,50.0,18.63630938037061
536.95,263.8,2.0,65.0,20.648022675356632
536.95,263.8,2.0,90.0,21.69692898619615
536.95,263.8,2.0,130.0,19.700644570055022
536.95,263.8,2.0,200.0,16.529666926244843
536.95,263.8,2.0,350.0,15.106033963286041
536.95,263.8,2.0,600.0,14.474727878853061
536.95,263.8,4.0,5.0,
536.95,263.8,4.0,15.0,11.438302665628795
536.95,263.8,4.0,25.0,7.842737924558359
536.95,263.8,4.0,35.0,7.4574990967770365
536.95,263.8,4.0,40.0,6.6930380912189715
536.95,263.8,4.0,50.0,7.092096397930535
536.95,263.8,4.0,65.0,6.113128432715388
536.95,263.8,4.0,90.0,6.542779943506794
536.95,263.8,4.0,130.0,6.447511836401786
536.95,263.8,4.0,200.0,4.90958627647065
536.95,263.8,4.0,350.0,4.154064897847176
536.95,263.8,4.0,600.0,6.805629716635571
536.95,263.8,8.0,5.0,8.563117685364084
536.95,263.8,8.0,15.0,2.123743549798348
536.95,263.8,8.0,25.0,2.17736879622311
536.95,263.8,8.0,35.0,2.590318905993751
536.95,263.8,8.0,40.0,2.179639981015685
536.95,263.8,8.0,50.0,2.0623033665846298
536.95,263.8,8.0,65.0,2.697234174646489
536.95,263.8,8.0,90.0,1.837007173360641
536.95,263.8,8.0,130.0,1.8817807713818486
536.95,263.8,8.0,200.0,2.1669207483757846
536.95,263.8,8.0,350.0,2.2078330308874916
536.95,263.8,8.0,600.0,2.23310330990873
538.08,264.93,0.5,5.0,
538.08,264.93,0.5,15.0,
538.08,264.93,0.5,25.0,
538.08,264.93,0.5,35.0,
538.08,264.93,0.5,40.0,
538.08,264.93,0.5,50.0,
538.08,264.93,0.5,65.0,2532.1456139236634
538.08,264.93,0.5,90.0,525.0987334806125
538.08,264.93,0.5,130.0,339.554351225069
538.08,264.93,0.5,200.0,233.45300231158217
538.08,264.93,0.5,350.0,206.98456057729882
538.08,264.93,0.5,600.0,191.8431036699429
538.08,264.93,1.0,5.0,
538.08,264.93,1.0,15.0,
538.08,264.93,1.0,25.0,
538.08,264.93,1.0,35.0,347.1198319323895
538.08,264.93,1.0,40.0,215.65297535392708
538.08,264.93,1.0,50.0,130.45883965249647
538.08,264.93,1.0,65.0,89.76246887839196
538.08,264.93,1.0,90.0,63.78967849906306
538.08,264.93,1.0,130.0,63.05517527130191
538.08,264.93,1.0,200.0,56.250304232515845
538.08,264.93,1.0,350.0,54.05946171092922
538.08,264.93,1.0,600.0,70.37001705520618
538.08,264.93,2.0,5.0,
538.08,264.93,2.0,15.0,
538.08,264.93,2.0,25.0,34.14325333066469
538.08,264.93,2.0,35.0,27.54440231916582
538.08,264.93,2.0,40.0,27.746595025364137
538.08,264.93,2.0,50.0,21.4176515880432
538.08,264.93,2.0,65.0,27.272564237625176
538.08,264.93,2.0,90.0,16.75096476590973
538.08,264.93,2.0,130.0,17.532492909057446
538.08,264.93,2.0,200.0,14.167928746447155
538.08,264.93,2.0,350.0,14.642292736118034
538.08,264.93,2.0,600.0,15.728873284983958
538.08,264.93,4.0,5.0,
538.08,264.93,4.0,15.0,11.531614510958853
538.08,264.93,4.0,25.0,7.610575023508526
538.08,264.93,4.0,35.0,7.807063070044936
538.08,264.93,4.0,40.0,6.161955199689485
538.08,264.93,4.0,50.0,5.684216003656045
538.08,264.93,4.0,65.0,8.612370928754185
538.08,264.93,4.0,90.0,5.877588659907921
538.08,264.93,4.0,130.0,4.8379967968954185
538.08,264.93,4.0,200.0,4.754450895906765
538.08,264.93,4.0,350.0,4.505320677685469
538.08,264.93,4.0,600.0,5.918385825631691
538.08,264.93,8.0,5.0,7.431004456298276
538.08,264.93,8.0,15.0,2.6666145670903614
538.08,264.93,8.0,25.0,2.2864854485215096
538.08,264.93,8.0,35.0,2.4524212900420244
538.08,264.93,8.0,40.0,1.9068482163579148
538.08,264.93,8.0,50.0,1.805159530138874
538.08,264.93,8.0,65.0,2.1534932438684566
538.08,264.93,8.0,90.0,2.2405621154954636
538.08,264.93,8.0,130.0,2.123728989718298
538.08,264.93,8.0,200.0,1.770980277190736
538.08,264.93,8.0,350.0,2.1955181874996037
538.08,264.93,8.0,600.0,1.7659940723373218
540.38,267.23,0.5,5.0,
540.38,267.23,0.5,15.0,
540.38,267.23,0.5,25.0,
540.38,267.23,0.5,35.0,
540.38,267.23,0.5,40.0,
540.38,267.23,0.5,50.0,
540.38,267.23,0.5,65.0,1849.9814198275794
540.38,267.23,0.5,90.0,400.7074355622191
540.38,267.23,0.5,130.0,347.38208186155185
540.38,267.23,0.5,200.0,241.74911875065618
540.38,267.23,0.5,350.0,203.36726910205647
540.38,267.23,0.5,600.0,206.16040746059244
540.38,267.23,1.0,5.0,
540.38,267.23,1.0,15.0,
540.38,267.23,1.0,25.0,
540.38,267.23,1.0,35.0,464.20571775611177
540.38,267.23,1.0,40.0,134.6165976389632
540.38,267.23,1.0,50.0,97.32486629115515
540.38,267.23,1.0,65.0,73.63593992115466
540.38,267.23,1.0,90.0,57.41826393094875
540.38,267.23,1.0,130.0,48.09831052340399
540.38,267.23,1.0,200.0,48.91534959159042
540.38,267.23,1.0,350.0,39.63219830172979
540.38,267.23,1.0,600.0,48.13790557417763
540.38,267.23,2.0,5.0,
540.38,267.23,2.0,15.0,
540.38,267.23,2.0,25.0,33.713918321293626
540.38,267.23,2.0,35.0,25.16956096541824
540.38,267.23,2.0,40.0,23.104517832376448
540.38,267.23,2.0,50.0,20.925975842340346
540.38,267.23,2.0,65.0,16.448235425919904
540.38,267.23,2.0,90.0,22.07307071323431
540.38,267.23,2.0,130.0,15.668185703466026
540.38,267.23,2.0,200.0,10.940309717478291
540.38,267.23,2.0,350.0,12.028893403735383
540.38,267.23,2.0,600.0,10.570928491827571
540.38,267.23,4.0,5.0,
540.38,267.23,4.0,15.0,9.223660936947393
540.38,267.23,4.0,25.0,6.452249365838413
540.38,267.23,4.0,35.0,5.457129127786019
540.38,267.23,4.0,40.0,7.654570574965957
540.38,267.23,4.0,50.0,5.876086676745717
540.38,267.23,4.0,65.0,5.798166372408996
540.38,267.23,4.0,90.0,4.363938618148235
540.38,267.23,4.0,130.0,4.202066110248602
540.38,267.23,4.0,200.0,4.805526867504949
540.38,267.23,4.0,350.0,4.824162845915892
540.38,267.23,4.0,600.0,3.525973949075135
540.38,267.23,8.0,5.0,6.919175854743708
540.38,267.23,8.0,15.0,2.3746290684699596
540.38,267.23,8.0,25.0,2.024443632330257
540.38,267.23,8.0,35.0,1.7618572038804254
540.38,267.23,8.0,40.0,1.8086092038263095
540.38,267.23,8.0,50.0,1.871014919134978
540.38,267.23,8.0,65.0,1.9118890462121412
540.38,267.23,8.0,90.0,2.030590648348487
540.38,267.23,8.0,130.0,2.1521065900214595
540.38,267.23,8.0,200.0,1.7329483562123371
540.38,267.23,8.0,350.0,1.6776550692450476
540.38,267.23,8.0,600.0,1.9097385020289834
542.69,269.54,0.5,5.0,
542.69,269.54,0.5,15.0,
542.69,269.54,0.5,25.0,
542.69,269.54,0.5,35.0,
542.69,269.54,0.5,40.0,
542.69,269.54,0.5,50.0,
542.69,269.54,0.5,65.0,1986.9755279431042
542.69,269.54,0.5,90.0,392.0051804548158
542.69,269.54,0.5,130.0,291.6023506806086
542.69,269.54,0.5,200.0,230.76631533993304
542.69,269.54,0.5,350.0,204.30174289032266
542.69,269.54,0.5,600.0,202.3302944600705
542.69,269.54,1.0,5.0,
542.69,269.54,1.0,15.0,
542.69,269.54,1.0,25.0,
542.69,269.54,1.0,35.0,242.26896163205896
542.69,269.54,1.0,40.0,157.9818076531669
542.69,269.54,1.0,50.0,98.69982553505159
542.69,269.54,1.0,65.0,72.12703689215904
542.69,269.54,1.0,90.0,53.63363889825026
542.69,269.54,1.0,130.0,41.0024063491655
542.69,269.54,1.0,200.0,47.01758303346223
542.69,269.54,1.0,350.0,38.41544538148838
542.69,269.54,1.0,600.0,42.02619477291026
542.69,269.54,2.0,5.0,
542.69,269.54,2.0,15.0,
542.69,269.54,2.0,25.0,26.91355321517605
542.69,269.54,2.0,35.0,17.995339940068785
542.69,269.54,2.0,40.0,20.097474881816698
542.69,269.54,2.0,50.0,17.721152260675474
542.69,269.54,2.0,65.0,17.19643949465973
542.69,269.54,2.0,90.0,20.199279144553632
542.69,269.54,2.0,130.0,14.291165481805047
542.69,269.54,2.0,200.0,14.099926754156389
542.69,269.54,2.0,350.0,10.779155462643601
542.69,269.54,2.0,600.0,10.254611306769961
542.69,269.54,4.0,5.0,
542.69,269.54,4.0,15.0,10.571659237509344
542.69,269.54,4.0,25.0,5.184939342940142
542.69,269.54,4.0,35.0,4.5365899259723985
542.69,269.54,4.0,40.0,5.100709729499522
542.69,269.54,4.0,50.0,4.838453929239546
542.69,269.54,4.0,65.0,4.115792946754595
542.69,269.54,4.0,90.0,4.344325715123389
542.69,269.54,4.0,130.0,5.319795933310545
542.69,269.54,4.0,200.0,3.837907658866103
542.69,269.54,4.0,350.0,3.4563592328333637
542.69,269.54,4.0,600.0,4.862598624639526
542.69,269.54,8.0,5.0,6.936295026742533
542.69,269.54,8.0,15.0,1.9566486858040306
542.69,269.54,8.0,25.0,1.494546405803448
542.69,269.54,8.0,35.0,1.613271424496898
542.69,269.54,8.0,40.0,1.7627291889307641
542.69,269.54,8.0,50.0,2.073921441234468
542.69,269.54,8.0,65.0,1.4631110143688517
542.69,269.54,8.0,90.0,1.659490302327531
542.69,269.54,8.0,130.0,1.8352320981646961
542.69,269.54,8.0,200.0,1.1483966878350587
542.69,269.54,8.0,350.0,1.901168882653102
542.69,269.54,8.0,600.0,1.3573454310817108
545.0,271.85,0.5,5.0,
545.0,271.85,0.5,15.0,
545.0,271.85,0.5,25.0,
545.0,271.85,0.5,35.0,
545.0,271.85,0.5,40.0,
545.0,271.85,0.5,50.0,
545.0,271.85,0.5,65.0,1727.927506963958
545.0,271.85,0.5,90.0,393.68223593846835
545.0,271.85,0.5,130.0,276.34676779116387
545.0,271.85,0.5,200.0,196.22126314146794
545.0,271.85,0.5,350.0,106.8459388148635
545.0,271.85,0.5,600.0,124.9074350771879
545.0,271.85,1.0,5.0,
545.0,271.85,1.0,15.0,
545.0,271.85,1.0,25.0,
545.0,271.85,1.0,35.0,255.41206815163403
545.0,271.85,1.0,40.0,138.83478848797876
545.0,271.85,1.0,50.0,95.98285841291073
545.0,271.85,1.0,65.0,74.71504427247817
545.0,271.85,1.0,90.0,58.73114377942004
545.0,271.85,1.0,130.0,44.990902338348114
545.0,271.85,1.0,200.0,31.874478858816474
545.0,271.85,1.0,350.0,36.50784786033657
545.0,271.85,1.0,600.0,40.0442780280214
545.0,271.85,2.0,5.0,
545.0,271.85,2.0,15.0,
545.0,271.85,2.0,25.0,23.34320472682628
545.0,271.85,2.0,35.0,21.155274867175137
545.0,271.85,2.0,40.0,20.16291252959045
545.0,271.85,2.0,50.0,16.01118066929466
545.0,271.85,2.0,65.0,9.028439721358621
545.0,271.85,2.0,90.0,10.893764725606557
545.0,271.85,2.0,130.0,16.49591831609136
545.0,271.85,2.0,200.0,10.952449744084937
545.0,271.85,2.0,350.0,8.53148483825928
545.0,271.85,2.0,600.0,13.574420767883005
545.0,271.85,4.0,5.0,
545.0,271.85,4.0,15.0,7.575294048579912
545.0,271.85,4.0,25.0,6.373556709656921
545.0,271.85,4.0,35.0,5.015070643446503
545.0,271.85,4.0,40.0,4.9836616146829344
545.0,271.85,4.0,50.0,4.696004150204824
545.0,271.85,4.0,65.0,4.744410643373077
545.0,271.85,4.0,90.0,5.802956876381328
545.0,271.85,4.0,130.0,4.640471699794128
545.0,271.85,4.0,200.0,3.098480917538272
545.0,271.85,4.0,350.0,4.13051614490656
545.0,271.85,4.0,600.0,4.542795389205222
545.0,271.85,8.0,5.0,6.996883543736667
545.0,271.85,8.0,15.0,1.8266006749294332
545.0,271.85,8.0,25.0,2.046285004179635
545.0,271.85,8.0,35.0,1.8799692212316408
545.0,271.85,8.0,40.0,2.3704576745824943
545.0,271.85,8.0,50.0,1.410898366430336
545.0,271.85,8.0,65.0,1.4363119663505537
545.0,271.85,8.0,90.0,1.455583886854526
545.0,271.85,8.0,130.0,1.3972449704812053
545.0,271.85,8.0,200.0,1.3023759591391448
545.0,271.85,8.0,350.0,0.975442690895255
545.0,271.85,8.0,600.0,1.3768937437520932
550.37,277.22,0.5,5.0,
550.37,277.22,0.5,15.0,
550.37,277.22,0.5,25.0,
550.37,277.22,0.5,35.0,
550.37,277.22,0.5,40.0,
550.37,277.22,0.5,50.0,
550.37,277.22,0.5,65.0,1386.8276642191965
550.37,277.22,0.5,90.0,281.1954860285397
550.37,277.22,0.5,130.0,250.57730641818338
550.37,277.22,0.5,200.0,144.4744118546873
550.37,277.22,0.5,350.0,147.83956791199617
550.37,277.22,0.5,600.0,116.6286170446157
550.37,277.22,1.0,5.0,
550.37,277.22,1.0,15.0,
550.37,277.22,1.0,25.0,
550.37,277.22,1.0,35.0,226.01475888640027
550.37,277.22,1.0,40.0,118.97455546389558
550.37,277.22,1.0,50.0,87.56115671138734
550.37,277.22,1.0,65.0,53.418608942725335
550.37,277.22,1.0,90.0,46.090749613711296
550.37,277.22,1.0,130.0,39.175175217658726
550.37,277.22,1.0,200.0,32.136908501723106
550.37,277.22,1.0,350.0,33.151519839827316
550.37,277.22,1.0,600.0,41.97945314406082
550.37,277.22,2.0,5.0,
550.37,277.22,2.0,15.0,
550.37,277.22,2.0,25.0,21.069052351915893
550.37,277.22,2.0,35.0,16.35624173409708
550.37,277.22,2.0,40.0,16.9580819592379
550.37,277.22,2.0,50.0,14.876562622204315
550.37,277.22,2.0,65.0,11.429477768199234
550.37,277.22,2.0,90.0,7.366092026912338
550.37,277.22,2.0,130.0,10.720757387390552
550.37,277.22,2.0,200.0,6.801304708960921
550.37,277.22,2.0,350.0,11.431437865091805
550.37,277.22,2.0,600.0,9.233267077056945
550.37,277.22,4.0,5.0,
550.37,277.22,4.0,15.0,7.009958028164533
550.37,277.22,4.0,25.0,3.7644121111252598
550.37,277.22,4.0,35.0,3.0420126914012826
550.37,277.22,4.0,40.0,3.8612306444268785
550.37,277.22,4.0,50.0,3.5314616258782014
550.37,277.22,4.0,65.0,3.1680131607907316
550.37,277.22,4.0,90.0,3.3332373175108985
550.37,277.22,4.0,130.0,4.848998720917474
550.37,277.22,4.0,200.0,3.5524356790216842
550.37,277.22,4.0,350.0,3.6085993945975443
550.37,277.22,4.0,600.0,3.467392068106226
550.37,277.22,8.0,5.0,5.820992750594403
550.37,277.22,8.0,15.0,1.5104814811944538
550.37,277.22,8.0,25.0,1.0075905367185558
550.37,277.22,8.0,35.0,1.2690872046491377
550.37,277.22,8.0,40.0,1.4527489213951237
550.37,277.22,8.0,50.0,1.0895324098414487
550.37,277.22,8.0,65.0,1.204694090731477
550.37,277.22,8.0,90.0,1.0964210595516208
550.37,277.22,8.0,130.0,1.503554407887665
550.37,277.22,8.0,200.0,1.3292351510271272
550.37,277.22,8.0,350.0,1.2992151225889013
550.37,277.22,8.0,600.0,1.28758317084575
563.79,290.64,0.5,5.0,
563.79,290.64,0.5,15.0,
563.79,290.64,0.5,25.0,
563.79,290.64,0.5,35.0,
563.79,290.64,0.5,40.0,
563.79,290.64,0.5,50.0,
563.79,290.64,0.5,65.0,752.3452286720662
563.79,290.64,0.5,90.0,179.8420671015933
563.79,290.64,0.5,130.0,90.47692547174074
563.79,290.64,0.5,200.0,59.89194229752602
563.79,290.64,0.5,350.0,71.83686114675209
563.79,290.64,0.5,600.0,67.8834581287494
563.79,290.64,1.0,5.0,
563.79,290.64,1.0,15.0,
563.79,290.64,1.0,25.0,
563.79,290.64,1.0,35.0,138.0258691224513
563.79,290.64,1.0,40.0,83.27397073832891
563.79,290.64,1.0,50.0,52.03579230204518
563.79,290.64,1.0,65.0,26.29758106111828
563.79,290.64,1.0,90.0,23.40071654661196
563.79,290.64,1.0,130.0,22.978424248976157
563.79,290.64,1.0,200.0,28.288232963475725
563.79,290.64,1.0,350.0,22.460727280403113
563.79,290.64,1.0,600.0,20.47785706843885
563.79,290.64,2.0,5.0,
563.79,290.64,2.0,15.0,
563.79,290.64,2.0,25.0,11.936594301287103
563.79,290.64,2.0,35.0,7.757205377756526
563.79,290.64,2.0,40.0,9.114131363298908
563.79,290.64,2.0,50.0,6.129186594959361
563.79,290.64,2.0,65.0,6.347652796074431
563.79,290.64,2.0,90.0,5.969070133742873
563.79,290.64,2.0,130.0,7.264688576293121
563.79,290.64,2.0,200.0,5.1874551532526
563.79,290.64,2.0,350.0,3.667101145032132
563.79,290.64,2.0,600.0,5.5983437746550315
563.79,290.64,4.0,5.0,
563.79,290.64,4.0,15.0,3.1328388268370833
563.79,290.64,4.0,25.0,2.501061550480216
563.79,290.64,4.0,35.0,2.185406857516811
563.79,290.64,4.0,40.0,2.054904612799689
563.79,290.64,4.0,50.0,2.3041588392445544
563.79,290.64,4.0,65.0,1.5625486758319405
563.79,290.64,4.0,90.0,1.7561166239938863
563.79,290.64,4.0,130.0,2.0455665072148976
563.79,290.64,4.0,200.0,1.6483160002898865
563.79,290.64,4.0,350.0,1.3965238081871232
563.79,290.64,4.0,600.0,1.947424534413189
563.79,290.64,8.0,5.0,3.18173908747612
563.79,290.64,8.0,15.0,0.8901210322404618
563.79,290.64,8.0,25.0,0.5892300844923019
563.79,290.64,8.0,35.0,0.8368533120985775
563.79,290.64,8.0,40.0,0.5781778637328218
563.79,290.64,8.0,50.0,0.761055348470852
563.79,290.64,8.0,65.0,0.6243608585739859
563.79,290.64,8.0,90.0,0.5893430105493342
563.79,290.64,8.0,130.0,0.6476876335855741
563.79,290.64,8.0,200.0,0.6663786349088175
563.79,290.64,8.0,350.0,0.6168127621133033
563.79,290.64,8.0,600.0,0.7387796905763425
577.21,304.06,0.5,5.0,
577.21,304.06,0.5,15.0,
577.21,304.06,0.5,25.0,
577.21,304.06,0.5,35.0,
577.21,304.06,0.5,40.0,
577.21,304.06,0.5,50.0,
577.21,304.06,0.5,65.0,415.73834201315395
577.21,304.06,0.5,90.0,118.82573945593953
577.21,304.06,0.5,130.0,66.23654231618394
577.21,304.06,0.5,200.0,43.99423000539548
577.21,304.06,0.5,350.0,36.24053975830947
577.21,304.06,0.5,600.0,29.67346454939919
577.21,304.06,1.0,5.0,
577.21,304.06,1.0,15.0,
577.21,304.06,1.0,25.0,
577.21,304.06,1.0,35.0,70.65756728207045
577.21,304.06,1.0,40.0,36.650655593763695
577.21,304.06,1.0,50.0,16.924909806366703
577.21,304.06,1.0,65.0,16.560280125284777
577.21,304.06,1.0,90.0,12.662376177138158
577.21,304.06,1.0,130.0,15.911482054415192
577.21,304.06,1.0,200.0,8.805946437505098
577.21,304.06,1.0,350.0,8.514193767434636
577.21,304.06,1.0,600.0,12.014494885194624
577.21,304.06,2.0,5.0,
577.21,304.06,2.0,15.0,
577.21,304.06,2.0,25.0,9.110934597118757
577.21,304.06,2.0,35.0,4.6531222127603
577.21,304.06,2.0,40.0,4.326941089772832
577.21,304.06,2.0,50.0,4.65890454434225
577.21,304.06,2.0,65.0,2.7263654513666675
577.21,304.06,2.0,90.0,2.6988144793886364
577.21,304.06,2.0,130.0,3.222515941402671
577.21,304.06,2.0,200.0,4.055667222339794
577.21,304.06,2.0,350.0,2.909883948632163
577.21,304.06,2.0,600.0,3.096054062132773
577.21,304.06,4.0,5.0,
577.21,304.06,4.0,15.0,2.423093506266969
577.21,304.06,4.0,25.0,2.002781801069878
577.21,304.06,4.0,35.0,1.1929917724885477
577.21,304.06,4.0,40.0,1.2547587424052413
577.21,304.06,4.0,50.0,1.5803663282020561
577.21,304.06,4.0,65.0,0.9195249431639534
577.21,304.06,4.0,90.0,1.3007980989076688
577.21,304.06,4.0,130.0,0.9310014459185804
577.21,304.06,4.0,200.0,1.0783386057052382
577.21,304.06,4.0,350.0,1.0071233516541718
577.21,304.06,4.0,600.0,0.8964672683039783
577.21,304.06,8.0,5.0,1.3629919449023447
577.21,304.06,8.0,15.0,0.5488102080803748
577.21,304.06,8.0,25.0,0.5394004681427302
577.21,304.06,8.0,35.0,0.433753631997428
577.21,304.06,8.0,40.0,0.44034807622520683
577.21,304.06,8.0,50.0,0.46509705362953074
577.21,304.06,8.0,65.0,0.36223350829082457
577.21,304.06,8.0,90.0,0.4604120919715145
577.21,304.06,8.0,130.0,0.45979479712041005
577.21,304.06,8.0,200.0,0.594713873242488
577.21,304.06,8.0,350.0,0.37727143619106746
577.21,304.06,8.0,600.0,0.3709865440867595
590.63,317.48,0.5,5.0,
590.63,317.48,0.5,15.0,
590.63,317.48,0.5,25.0,
590.63,317.48,0.5,35.0,
590.63,317.48,0.5,40.0,
590.63,317.48,0.5,50.0,
590.63,317.48,0.5,65.0,298.5890419899504
590.63,317.48,0.5,90.0,69.42533526030446
590.63,317.48,0.5,130.0,35.07715569464783
590.63,317.48,0.5,200.0,27.52169191585856
590.63,317.48,0.5,350.0,26.78911921167884
590.63,317.48,0.5,600.0,20.085473208439236
590.63,317.48,1.0,5.0,
590.63,317.48,1.0,15.0,
590.63,317.48,1.0,25.0,
590.63,317.48,1.0,35.0,38.06944379024304
590.63,317.48,1.0,40.0,23.448703030018244
590.63,317.48,1.0,50.0,16.789663745962056
590.63,317.48,1.0,65.0,9.810285000838789
590.63,317.48,1.0,90.0,6.58101736451018
590.63,317.48,1.0,130.0,5.640408847583889
590.63,317.48,1.0,200.0,5.633263173308609
590.63,317.48,1.0,350.0,5.195115775282085
590.63,317.48,1.0,600.0,5.948764731446989
590.63,317.48,2.0,5.0,
590.63,317.48,2.0,15.0,
590.63,317.48,2.0,25.0,3.722463282059354
590.63,317.48,2.0,35.0,2.802829539861545
590.63,317.48,2.0,40.0,2.5353144161868237
590.63,317.48,2.0,50.0,2.379821958944793
590.63,317.48,2.0,65.0,2.821212697549195
590.63,317.48,2.0,90.0,2.358534869203729
590.63,317.48,2.0,130.0,2.016672038905821
590.63,317.48,2.0,200.0,1.7954119824493415
590.63,317.48,2.0,350.0,1.74236718024661
590.63,317.48,2.0,600.0,1.9172784209913722
590.63,317.48,4.0,5.0,
590.63,317.48,4.0,15.0,1.3355708780692577
590.63,317.48,4.0,25.0,0.7627069487944491
590.63,317.48,4.0,35.0,0.7828771068774659
590.63,317.48,4.0,40.0,0.5551498022927436
590.63,317.48,4.0,50.0,0.7429416874088149
590.63,317.48,4.0,65.0,0.7753125747311327
590.63,317.48,4.0,90.0,0.6399196648773842
590.63,317.48,4.0,130.0,0.8525603784237579
590.63,317.48,4.0,200.0,0.5568951644569285
590.63,317.48,4.0,350.0,0.6458834832089914
590.63,317.48,4.0,600.0,0.6161846234956337
590.63,317.48,8.0,5.0,0.9313312209608247
590.63,317.48,8.0,15.0,0.3097913540037285
590.63,317.48,8.0,25.0,0.2825766824420732
590.63,317.48,8.0,35.0,0.300632253565363
590.63,317.48,8.0,40.0,0.3206870675784094
590.63,317.48,8.0,50.0,0.25544044150642786
590.63,317.48,8.0,65.0,0.28346427562500137
590.63,317.48,8.0,90.0,0.2219961067386285
590.63,317.48,8.0,130.0,0.2730156097810225
590.63,317.48,8.0,200.0,0.21486169742206432
590.63,317.48,8.0,350.0,0.28138852326221026
590.63,317.48,8.0,600.0,0.33136848922112705
604.05,330.9,0.5,5.0,
604.05,330.9,0.5,15.0,
604.05,330.9,0.5,25.0,
604.05,330.9,0.5,35.0,
604.05,330.9,0.5,40.0,
604.05,330.9,0.5,50.0,
604.05,330.9,0.5,65.0,159.23971231352553
604.05,330.9,0.5,90.0,26.93710441024889
604.05,330.9,0.5,130.0,21.34040417891688
604.05,330.9,0.5,200.0,21.439395295949176
604.05,330.9,0.5,350.0,16.359154792656494
604.05,330.9,0.5,600.0,14.389107154138594
604.05,330.9,1.0,5.0,
604.05,330.9,1.0,15.0,
604.05,330.9,1.0,25.0,
604.05,330.9,1.0,35.0,28.71134327272099
604.05,330.9,1.0,40.0,15.165820662254811
604.05,330.9,1.0,50.0,10.580697898616148
604.05,330.9,1.0,65.0,7.516004183160473
604.05,330.9,1.0,90.0,6.644583783981958
604.05,330.9,1.0,130.0,4.836859058779508
604.05,330.9,1.0,200.0,4.751164367167164
604.05,330.9,1.0,350.0,3.682621917026033
604.05,330.9,1.0,600.0,3.3911057592259395
604.05,330.9,2.0,5.0,
604.05,330.9,2.0,15.0,
604.05,330.9,2.0,25.0,3.5033959160018493
604.05,330.9,2.0,35.0,1.9610369142960529
604.05,330.9,2.0,40.0,1.9584681195514229
604.05,330.9,2.0,50.0,1.5787964684926703
604.05,330.9,2.0,65.0,1.291512224298136
604.05,330.9,2.0,90.0,1.3039470704759406
604.05,330.9,2.0,130.0,1.5210917089559233
604.05,330.9,2.0,200.0,1.2746535733121707
604.05,330.9,2.0,350.0,0.8767867545987461
604.05,330.9,2.0,600.0,1.077300118991443
604.05,330.9,4.0,5.0,
604.05,330.9,4.0,15.0,0.9744106048079142
604.05,330.9,4.0,25.0,0.5159175394871325
604.05,330.9,4.0,35.0,0.36228521339319086
604.05,330.9,4.0,40.0,0.6096824381688944
604.05,330.9,4.0,50.0,0.48600520650871604
604.05,330.9,4.0,65.0,0.41714835425332275
604.05,330.9,4.0,90.0,0.38476788156120695
604.05,330.9,4.0,130.0,0.4655026273251429
604.05,330.9,4.0,200.0,0.35718906436017894
604.05,330.9,4.0,350.0,0.4527053585832063
604.05,330.9,4.0,600.0,0.4096280717487713
604.05,330.9,8.0,5.0,0.5978631555767198
604.05,330.9,8.0,15.0,0.19634523920253694
604.05,330.9,8.0,25.0,0.16511446571447408
604.05,330.9,8.0,35.0,0.1887720012652054
604.05,330.9,8.0,40.0,0.1396310921951782
604.05,330.9,8.0,50.0,0.1221241332910491
604.05,330.9,8.0,65.0,0.1676627765878119
604.05,330.9,8.0,90.0,0.1652749754403839
604.05,330.9,8.0,130.0,0.1594406569363424
604.05,330.9,8.0,200.0,0.1560930816138573
604.05,330.9,8.0,350.0,0.13880308599564262
604.05,330.9,8.0,600.0,0.1631642332760873
617.47,344.32,0.5,5.0,
617.47,344.32,0.5,15.0,
617.47,344.32,0.5,25.0,
617.47,344.32,0.5,35.0,
617.47,344.32,0.5,40.0,
617.47,344.32,0.5,50.0,
617.47,344.32,0.5,65.0,99.95238617331675
617.47,344.32,0.5,90.0,21.58769659731045
617.47,344.32,0.5,130.0,13.719714423274839
617.47,344.32,0.5,200.0,14.974506591413057
617.47,344.32,0.5,350.0,7.202182571951967
617.47,344.32,0.5,600.0,9.27114628418787
617.47,344.32,1.0,5.0,
617.47,344.32,1.0,15.0,
617.47,344.32,1.0,25.0,
617.47,344.32,1.0,35.0,11.904659067449634
617.47,344.32,1.0,40.0,8.610183384511851
617.47,344.32,1.0,50.0,5.125011997290959
617.47,344.32,1.0,65.0,2.971810077152125
617.47,344.32,1.0,90.0,3.478868173999421
617.47,344.32,1.0,130.0,2.686514992881048
617.47,344.32,1.0,200.0,1.8785951464380954
617.47,344.32,1.0,350.0,2.714027324007446
617.47,344.32,1.0,600.0,2.8560240860749744
617.47,344.32,2.0,5.0,
617.47,344.32,2.0,15.0,
617.47,344.32,2.0,25.0,2.1044215762249965
617.47,344.32,2.0,35.0,1.2432022550621398
617.47,344.32,2.0,40.0,1.0845266348460432
617.47,344.32,2.0,50.0,1.1736630823905874
617.47,344.32,2.0,65.0,1.126317050859119
617.47,344.32,2.0,90.0,0.9575169293878486
617.47,344.32,2.0,130.0,0.6607385478279305
617.47,344.32,2.0,200.0,0.7500574540137385
617.47,344.32,2.0,350.0,0.7512335462641521
617.47,344.32,2.0,600.0,0.5262949526929896
617.47,344.32,4.0,5.0,
617.47,344.32,4.0,15.0,0.4965564579966857
617.47,344.32,4.0,25.0,0.46487549978043946
617.47,344.32,4.0,35.0,0.32417982951301727
617.47,344.32,4.0,40.0,0.3552412856510075
617.47,344.32,4.0,50.0,0.27980755086312936
617.47,344.32,4.0,65.0,0.2587249382773252
617.47,344.32,4.0,90.0,0.26729368427053773
617.47,344.32,4.0,130.0,0.21728184436682918
617.47,344.32,4.0,200.0,0.20805466220323307
617.47,344.32,4.0,350.0,0.2859317339515711
617.47,344.32,4.0,600.0,0.287889303422013
617.47,344.32,8.0,5.0,0.30821513623652064
617.47,344.32,8.0,15.0,0.13783419989034265
617.47,344.32,8.0,25.0,0.10381853847285927
617.47,344.32,8.0,35.0,0.10536911758281405
617.47,344.32,8.0,40.0,0.10570397391745795
617.47,344.32,8.0,50.0,0.11220008282970358
617.47,344.32,8.0,65.0,0.09606266802153643
617.47,344.32,8.0,90.0,0.11526727167597177
617.47,344.32,8.0,130.0,0.09643333377526205
617.47,344.32,8.0,200.0,0.10005552384883284
617.47,344.32,8.0,350.0,0.07975443312417331
617.47,344.32,8.0,600.0,0.1243671507888535
630.89,357.74,0.5,5.0,
630.89,357.74,0.5,15.0,
630.89,357.74,0.5,25.0,
630.89,357.74,0.5,35.0,
630.89,357.74,0.5,40.0,
630.89,357.74,0.5,50.0,
630.89,357.74,0.5,65.0,68.1756889552977
630.89,357.74,0.5,90.0,16.31731543982593
630.89,357.74,0.5,130.0,7.131176837478668
630.89,357.74,0.5,200.0,6.1714546933432155
630.89,357.74,0.5,350.0,7.102165397537775
630.89,357.74,0.5,600.0,5.66926297108896
630.89,357.74,1.0,5.0,
630.89,357.74,1.0,15.0,
630.89,357.74,1.0,25.0,
630.89,357.74,1.0,35.0,7.255908396605123
630.89,357.74,1.0,40.0,6.456005286813039
630.89,357.74,1.0,50.0,3.1825928004141852
630.89,357.74,1.0,65.0,3.1699304756806774
630.89,357.74,1.0,90.0,2.044723670094882
630.89,357.74,1.0,130.0,1.8515871066034721
630.89,357.74,1.0,200.0,1.9393153834913253
630.89,357.74,1.0,350.0,1.320434847748384
630.89,357.74,1.0,600.0,1.252747541798461
630.89,357.74,2.0,5.0,
630.89,357.74,2.0,15.0,
630.89,357.74,2.0,25.0,1.0316236000250625
630.89,357.74,2.0,35.0,0.8419872654153155
630.89,357.74,2.0,40.0,0.556933154801872
630.89,357.74,2.0,50.0,0.47273876213629207
630.89,357.74,2.0,65.0,0.6251524784887071
630.89,357.74,2.0,90.0,0.4658892719027639
630.89,357.74,2.0,130.0,0.4529771135281316
630.89,357.74,2.0,200.0,0.34776020049679446
630.89,357.74,2.0,350.0,0.40102706048866676
630.89,357.74,2.0,600.0,0.4353959711443072
630.89,357.74,4.0,5.0,
630.89,357.74,4.0,15.0,0.33594128955945496
630.89,357.74,4.0,25.0,0.18590261680524428
630.89,357.74,4.0,35.0,0.2384121805721356
630.89,357.74,4.0,40.0,0.16225813827554483
630.89,357.74,4.0,50.0,0.15513375981066693
630.89,357.74,4.0,65.0,0.20797928989157707
630.89,357.74,4.0,90.0,0.1645086170115421
630.89,357.74,4.0,130.0,0.14271537513707433
630.89,357.74,4.0,200.0,0.1482920729892098
630.89,357.74,4.0,350.0,0.18288455109933713
630.89,357.74,4.0,600.0,0.18433260417379427
630.89,357.74,8.0,5.0,0.1997430212082896
630.89,357.74,8.0,15.0,0.0747817045223704
630.89,357.74,8.0,25.0,0.06730932029368399
630.89,357.74,8.0,35.0,0.05452443396898563
630.89,357.74,8.0,40.0,0.06176541482150001
630.89,357.74,8.0,50.0,0.06106972429879627
630.89,357.74,8.0,65.0,0.07107325491342024
630.89,357.74,8.0,90.0,0.07059290409239638
630.89,357.74,8.0,130.0,0.055320593472039326
630.89,357.74,8.0,200.0,0.05570619159679678
630.89,357.74,8.0,350.0,0.0630338702201494
630.89,357.74,8.0,600.0,0.052026208844622925
644.32,371.17,0.5,5.0,
644.32,371.17,0.5,15.0,
644.32,371.17,0.5,25.0,
644.32,371.17,0.5,35.0,
644.32,371.17,0.5,40.0,
644.32,371.17,0.5,50.0,
644.32,371.17,0.5,65.0,44.55382581786698
644.32,371.17,0.5,90.0,9.289446422502133
644.32,371.17,0.5,130.0,5.038367237066737
644.32,371.17,0.5,200.0,3.88297683101958
644.32,371.17,0.5,350.0,4.704707874781581
644.32,371.17,0.5,600.0,3.405357547641173
644.32,371.17,1.0,5.0,
644.32,371.17,1.0,15.0,
644.32,371.17,1.0,25.0,
644.32,371.17,1.0,35.0,7.938496273103709
644.32,371.17,1.0,40.0,3.2838270636839484
644.32,371.17,1.0,50.0,2.3157465514248186
644.32,371.17,1.0,65.0,2.3577347933661588
644.32,371.17,1.0,90.0,1.1349830357351778
644.32,371.17,1.0,130.0,0.8671465350422153
644.32,371.17,1.0,200.0,1.2652478819770345
644.32,371.17,1.0,350.0,0.8567161753486496
644.32,371.17,1.0,600.0,0.9304824607945179
644.32,371.17,2.0,5.0,
644.32,371.17,2.0,15.0,
644.32,371.17,2.0,25.0,0.6246952250435548
644.32,371.17,2.0,35.0,0.49705520463045255
644.32,371.17,2.0,40.0,0.3785257448766471
644.32,371.17,2.0,50.0,0.3793824583988308
644.32,371.17,2.0,65.0,0.3794403689852032
644.32,371.17,2.0,90.0,0.281444737639914
644.32,371.17,2.0,130.0,0.2776747898436772
644.32,371.17,2.0,200.0,0.2799791138501175
644.32,371.17,2.0,350.0,0.2300602423962305
644.32,371.17,2.0,600.0,0.26264269941092944
644.32,371.17,4.0,5.0,
644.32,371.17,4.0,15.0,0.19094528520428258
644.32,371.17,4.0,25.0,0.12618673873717404
644.32,371.17,4.0,35.0,0.11460321333276115
644.32,371.17,4.0,40.0,0.11508539001565816
644.32,371.17,4.0,50.0,0.10000074847361454
644.32,371.17,4.0,65.0,0.11759916881450296
644.32,371.17,4.0,90.0,0.1269036778123511
644.32,371.17,4.0,130.0,0.09283155573178475
644.32,371.17,4.0,200.0,0.10479658737123279
644.32,371.17,4.0,350.0,0.0924565850963467
644.32,371.17,4.0,600.0,0.10032572518913756
644.32,371.17,8.0,5.0,0.18331486745295636
644.32,371.17,8.0,15.0,0.05214482661986175
644.32,371.17,8.0,25.0,0.03267305458407946
644.32,371.17,8.0,35.0,0.043443967343483776
644.32,371.17,8.0,40.0,0.04810632209738962
644.32,371.17,8.0,50.0,0.03789298818539271
644.32,371.17,8.0,65.0,0.044648138346667726
644.32,371.17,8.0,90.0,0.034092801215298195
644.32,371.17,8.0,130.0,0.02985891571237177
644.32,371.17,8.0,200.0,0.03771837338445627
644.32,371.17,8.0,350.0,0.02814429189914909
644.32,371.17,8.0,600.0,0.035175433667522356
657.74,384.59,0.5,5.0,
657.74,384.59,0.5,15.0,
657.74,384.59,0.5,25.0,
657.74,384.59,0.5,35.0,
657.74,384.59,0.5,40.0,
657.74,384.59,0.5,50.0,
657.74,384.59,0.5,65.0,32.27516837965522
657.74,384.59,0.5,90.0,4.611117842401455
657.74,384.59,0.5,130.0,3.137534015241112
657.74,384.59,0.5,200.0,2.504759104528231
657.74,384.59,0.5,350.0,2.447034074655638
657.74,384.59,0.5,600.0,2.152920849251421
657.74,384.59,1.0,5.0,
657.74,384.59,1.0,15.0,
657.74,384.59,1.0,25.0,
657.74,384.59,1.0,35.0,4.994868194042475
657.74,384.59,1.0,40.0,2.669996144349327
657.74,384.59,1.0,50.0,1.557702675036721
657.74,384.59,1.0,65.0,1.09802616601852
657.74,384.59,1.0,90.0,0.9204247713718084
657.74,384.59,1.0,130.0,0.6608009157434871
657.74,384.59,1.0,200.0,0.7739336755211644
657.74,384.59,1.0,350.0,0.5354948203979201
657.74,384.59,1.0,600.0,0.6902028502935366
657.74,384.59,2.0,5.0,
657.74,384.59,2.0,15.0,
657.74,384.59,2.0,25.0,0.5316273679279993
657.74,384.59,2.0,35.0,0.32149313124998813
657.74,384.59,2.0,40.0,0.2773561362713949
657.74,384.59,2.0,50.0,0.2700081464794248
657.74,384.59,2.0,65.0,0.15063613238384918
657.74,384.59,2.0,90.0,0.22349543528645677
657.74,384.59,2.0,130.0,0.19781453957249764
657.74,384.59,2.0,200.0,0.1909665009589999
657.74,384.59,2.0,350.0,0.2067505925863151
657.74,384.59,2.0,600.0,0.18051848278899663
657.74,384.59,4.0,5.0,
657.74,384.59,4.0,15.0,0.10313163918568619
657.74,384.59,4.0,25.0,0.08557169938467511
657.74,384.59,4.0,35.0,0.07866398682014994
657.74,384.59,4.0,40.0,0.07661321044680629
657.74,384.59,4.0,50.0,0.07375117336248906
657.74,384.59,4.0,65.0,0.08083400648569193
657.74,384.59,4.0,90.0,0.05671259184863974
657.74,384.59,4.0,130.0,0.06666423214567171
657.74,384.59,4.0,200.0,0.07713836351814193
657.74,384.59,4.0,350.0,0.04820003960531658
657.74,384.59,4.0,600.0,0.06365105213193833
657.74,384.59,8.0,5.0,0.08660879475415942
657.74,384.59,8.0,15.0,0.02981433432334629
657.74,384.59,8.0,25.0,0.024281423298044398
657.74,384.59,8.0,35.0,0.025811234905431267
657.74,384.59,8.0,40.0,0.034382310264520606
657.74,384.59,8.0,50.0,0.021140925687840657
657.74,384.59,8.0,65.0,0.0210498977101148
657.74,384.59,8.0,90.0,0.020291117110847252
657.74,384.59,8.0,130.0,0.031541271857221595
657.74,384.59,8.0,200.0,0.022476961126854954
657.74,384.59,8.0,350.0,0.023803675905694915
657.74,384.59,8.0,600.0,0.022393392831877856
671.16,398.01,0.5,5.0,
671.16,398.01,0.5,15.0,
671.16,398.01,0.5,25.0,
671.16,398.01,0.5,35.0,
671.16,398.01,0.5,40.0,
671.16,398.01,0.5,50.0,
671.16,398.01,0.5,65.0,15.301044559528343
671.16,398.01,0.5,90.0,3.927389139078778
671.16,398.01,0.5,130.0,3.6415554853113745
671.16,398.01,0.5,200.0,2.38719910071582
671.16,398.01,0.5,350.0,1.440149216898474
671.16,398.01,0.5,600.0,1.660521655575061
671.16,398.01,1.0,5.0,
671.16,398.01,1.0,15.0,
671.16,398.01,1.0,25.0,
671.16,398.01,1.0,35.0,2.368187433048788
671.16,398.01,1.0,40.0,1.174429324686409
671.16,398.01,1.0,50.0,1.116457250513209
671.16,398.01,1.0,65.0,0.8470430735326488
671.16,398.01,1.0,90.0,0.672546569867108
671.16,398.01,1.0,130.0,0.46432414155544516
671.16,398.01,1.0,200.0,0.4397476244619143
671.16,398.01,1.0,350.0,0.4690809730284843
671.16,398.01,1.0,600.0,0.42782580376085616
671.16,398.01,2.0,5.0,
671.16,398.01,2.0,15.0,
671.16,398.01,2.0,25.0,0.27790755628030905
671.16,398.01,2.0,35.0,0.16187079103088056
671.16,398.01,2.0,40.0,0.1919295397511989
671.16,398.01,2.0,50.0,0.19805995852137245
671.16,398.01,2.0,65.0,0.1280946491254903
671.16,398.01,2.0,90.0,0.15573858740426041
671.16,398.01,2.0,130.0,0.14010287752437642
671.16,398.01,2.0,200.0,0.14266899070923256
671.16,398.01,2.0,350.0,0.14042062232478497
671.16,398.01,2.0,600.0,0.10898294886268893
671.16,398.01,4.0,5.0,
671.16,398.01,4.0,15.0,0.06361224965116594
671.16,398.01,4.0,25.0,0.0534555143712831
671.16,398.01,4.0,35.0,0.05895261232724704
671.16,398.01,4.0,40.0,0.045995407984970496
671.16,398.01,4.0,50.0,0.04297485669981302
671.16,398.01,4.0,65.0,0.0348691525283941
671.16,398.01,4.0,90.0,0.057518768084491086
671.16,398.01,4.0,130.0,0.04869046656603214
671.16,398.01,4.0,200.0,0.047271538713145565
671.16,398.01,4.0,350.0,0.047895573584678205
671.16,398.01,4.0,600.0,0.044758788758765176
671.16,398.01,8.0,5.0,0.06039289882001927
671.16,398.01,8.0,15.0,0.020375719121574033
671.16,398.01,8.0,25.0,0.017281054240273125
671.16,398.01,8.0,35.0,0.02604344993245563
671.16,398.01,8.0,40.0,0.01878490033575682
671.16,398.01,8.0,50.0,0.015793808106792345
671.16,398.01,8.0,65.0,0.017822726856331354
671.16,398.01,8.0,90.0,0.014043445475394876
671.16,398.01,8.0,130.0,0.020209906117775317
671.16,398.01,8.0,200.0,0.014454331703371816
671.16,398.01,8.0,350.0,0.017067249750401182
671.16,398.01,8.0,600.0,0.018493008716739635
684.58,411.43,0.5,5.0,
684.58,411.43,0.5,15.0,
684.58,411.43,0.5,25.0,
684.58,411.43,0.5,35.0,
684.58,411.43,0.5,40.0,
684.58,411.43,0.5,50.0,
684.58,411.43,0.5,65.0,12.558652058998804
684.58,411.43,0.5,90.0,2.7746593516086993
684.58,411.43,0.5,130.0,1.6962241917743406
684.58,411.43,0.5,200.0,1.2916932769708447
684.58,411.43,0.5,350.0,1.0093359649734441
684.58,411.43,0.5,600.0,0.9471320049322015
684.58,411.43,1.0,5.0,
684.58,411.43,1.0,15.0,
684.58,411.43,1.0,25.0,
684.58,411.43,1.0,35.0,2.2521872657362816
684.58,411.43,1.0,40.0,1.0141664293752883
684.58,411.43,1.0,50.0,0.5726242414210039
684.58,411.43,1.0,65.0,0.4429261291901008
684.58,411.43,1.0,90.0,0.4559253756411263
684.58,411.43,1.0,130.0,0.3707447036604698
684.58,411.43,1.0,200.0,0.3297638335120216
684.58,411.43,1.0,350.0,0.2711826054608118
684.58,411.43,1.0,600.0,0.2956292397857139
684.58,411.43,2.0,5.0,
684.58,411.43,2.0,15.0,
684.58,411.43,2.0,25.0,0.17999156753941975
684.58,411.43,2.0,35.0,0.13346337863820765
684.58,411.43,2.0,40.0,0.14673492709904815
684.58,411.43,2.0,50.0,0.12914942087885567
684.58,411.43,2.0,65.0,0.08896394962083508
684.58,411.43,2.0,90.0,0.08369222053195255
684.58,411.43,2.0,130.0,0.091109409330924
684.58,411.43,2.0,200.0,0.11105602873363192
684.58,411.43,2.0,350.0,0.062154379845517416
684.58,411.43,2.0,600.0,0.08479369499655566
684.58,411.43,4.0,5.0,
684.58,411.43,4.0,15.0,0.04434737374727013
684.58,411.43,4.0,25.0,0.035404470750999055
684.58,411.43,4.0,35.0,0.03284536383985977
684.58,411.43,4.0,40.0,0.03149648407449957
684.58,411.43,4.0,50.0,0.029599644413653516
684.58,411.43,4.0,65.0,0.030845664042746482
684.58,411.43,4.0,90.0,0.027440934314815504
684.58,411.43,4.0,130.0,0.023228213115313097
684.58,411.43,4.0,200.0,0.03183334942625749
684.58,411.43,4.0,350.0,0.031183999649024834
684.58,411.43,4.0,600.0,0.031323472554586576
684.58,411.43,8.0,5.0,0.033432240087064455
684.58,411.43,8.0,15.0,0.01468543689234894
684.58,411.43,8.0,25.0,0.013711738320057131
684.58,411.43,8.0,35.0,0.010104540677359022
684.58,411.43,8.0,40.0,0.01163656830683555
684.58,411.43,8.0,50.0,0.011188182244249662
684.58,411.43,8.0,65.0,0.01473289190917104
684.58,411.43,8.0,90.0,0.014666566853229283
684.58,411.43,8.0,130.0,0.008448200356253472
684.58,411.43,8.0,200.0,0.015601289647333257
684.58,411.43,8.0,350.0,0.009279658611834381
684.58,411.43,8.0,600.0,0.0122767487385265
698.0,424.85,0.5,5.0,
698.0,424.85,0.5,15.0,
698.0,424.85,0.5,25.0,
698.0,424.85,0.5,35.0,
698.0,424.85,0.5,40.0,
698.0,424.85,0.5,50.0,
698.0,424.85,0.5,65.0,9.351484560008256
698.0,424.85,0.5,90.0,1.6068404657046773
698.0,424.85,0.5,130.0,1.2436373469344773
698.0,424.85,0.5,200.0,0.8742017758770937
698.0,424.85,0.5,350.0,0.8156359076268651
698.0,424.85,0.5,600.0,0.7153183530166115
698.0,424.85,1.0,5.0,
698.0,424.85,1.0,15.0,
698.0,424.85,1.0,25.0,
698.0,424.85,1.0,35.0,1.472085474314496
698.0,424.85,1.0,40.0,0.7110043764463153
698.0,424.85,1.0,50.0,0.42845422834120656
698.0,424.85,1.0,65.0,0.3847228234424686
698.0,424.85,1.0,90.0,0.28760810166862605
698.0,424.85,1.0,130.0,0.2549864907100775
698.0,424.85,1.0,200.0,0.18714902435973274
698.0,424.85,1.0,350.0,0.16433335775938746
698.0,424.85,1.0,600.0,0.16989987032449605
698.0,424.85,2.0,5.0,
698.0,424.85,2.0,15.0,
698.0,424.85,2.0,25.0,0.1231726241966966
698.0,424.85,2.0,35.0,0.10648083058309732
698.0,424.85,2.0,40.0,0.10016517095640717
698.0,424.85,2.0,50.0,0.07547675263334118
698.0,424.85,2.0,65.0,0.08713175631786574
698.0,424.85,2.0,90.0,0.07967941425635651
698.0,424.85,2.0,130.0,0.06340428562342766
698.0,424.85,2.0,200.0,0.05168135467738578
698.0,424.85,2.0,350.0,0.07155943880173529
698.0,424.85,2.0,600.0,0.05495883780648425
698.0,424.85,4.0,5.0,
698.0,424.85,4.0,15.0,0.0378886132961991
698.0,424.85,4.0,25.0,0.02523704251509255
698.0,424.85,4.0,35.0,0.02070286660592088
698.0,424.85,4.0,40.0,0.018355368929498763
698.0,424.85,4.0,50.0,0.024047423124488886
698.0,424.85,4.0,65.0,0.01868406142481362
698.0,424.85,4.0,90.0,0.03208920650132839
698.0,424.85,4.0,130.0,0.016761608269783682
698.0,424.85,4.0,200.0,0.015993661824075182
698.0,424.85,4.0,350.0,0.02050689088333201
698.0,424.85,4.0,600.0,0.023678192343128047
698.0,424.85,8.0,5.0,0.029008392538207906
698.0,424.85,8.0,15.0,0.010434533266219622
698.0,424.85,8.0,25.0,0.006408269035529479
698.0,424.85,8.0,35.0,0.00726671498037355
698.0,424.85,8.0,40.0,0.006746339690767231
698.0,424.85,8.0,50.0,0.005843366231622537
698.0,424.85,8.0,65.0,0.00775682291275606
698.0,424.85,8.0,90.0,0.005353431983614428
698.0,424.85,8.0,130.0,0.006065053501528645
698.0,424.85,8.0,200.0,0.006752760046656929
698.0,424.85,8.0,350.0,0.006408861217132873
698.0,424.85,8.0,600.0,0.007670127701135336
