T_K,T_C,J_MA_cm2,L_um,jL_product_A_cm,immortal,MTTF_hours,Ea_eff_eV_ground_truth,n_eff_ground_truth,blech_boost_ground_truth
443.0,169.85,0.5,5.0,250.0,True,,0.901,1.8696,
443.0,169.85,0.5,15.0,750.0,True,,0.901,1.8696,
443.0,169.85,0.5,25.0,1250.0,True,,0.901,1.8696,
443.0,169.85,0.5,35.0,1750.0,True,,0.901,1.8696,
443.0,169.85,0.5,40.0,2000.0,True,,0.901,1.8696,
443.0,169.85,0.5,50.0,2500.0,True,,0.901,1.8696,
443.0,169.85,0.5,65.0,3250.0,False,220916.88927619415,0.901,1.8696,13.0
443.0,169.85,0.5,90.0,4500.0,False,41668.452906476465,0.901,1.8696,3.0
443.0,169.85,0.5,130.0,6500.0,False,33741.76989155097,0.901,1.8696,1.8571
443.0,169.85,0.5,200.0,10000.0,False,26706.027690780793,0.901,1.8696,1.4286
443.0,169.85,0.5,350.0,17500.0,False,14621.990555250408,0.901,1.8696,1.2069
443.0,169.85,0.5,600.0,30000.0,False,14837.581227098257,0.901,1.8696,1.1111
443.0,169.85,1.0,5.0,500.0,True,,0.901,1.7692,
443.0,169.85,1.0,15.0,1500.0,True,,0.901,1.7692,
443.0,169.85,1.0,25.0,2500.0,True,,0.901,1.7692,
443.0,169.85,1.0,35.0,3500.0,False,32737.58529464658,0.901,1.7692,7.0
443.0,169.85,1.0,40.0,4000.0,False,17501.65727684401,0.901,1.7692,4.0
443.0,169.85,1.0,50.0,5000.0,False,11441.05456501475,0.901,1.7692,2.5
443.0,169.85,1.0,65.0,6500.0,False,7497.1295827195945,0.901,1.7692,1.8571
443.0,169.85,1.0,90.0,9000.0,False,7852.346544945381,0.901,1.7692,1.5
443.0,169.85,1.0,130.0,13000.0,False,6702.433440249452,0.901,1.7692,1.3
443.0,169.85,1.0,200.0,20000.0,False,5451.33830915694,0.901,1.7692,1.1765
443.0,169.85,1.0,350.0,35000.0,False,5942.535804822209,0.901,1.7692,1.0938
443.0,169.85,1.0,600.0,60000.0,False,5180.270637024982,0.901,1.7692,1.0526
443.0,169.85,2.0,5.0,1000.0,True,,0.901,1.625,
443.0,169.85,2.0,15.0,3000.0,True,,0.901,1.625,
443.0,169.85,2.0,25.0,5000.0,False,3102.4107538830344,0.901,1.625,2.5
443.0,169.85,2.0,35.0,7000.0,False,2610.941841145752,0.901,1.625,1.75
443.0,169.85,2.0,40.0,8000.0,False,1956.1022562466821,0.901,1.625,1.6
443.0,169.85,2.0,50.0,10000.0,False,2300.726858637954,0.901,1.625,1.4286
443.0,169.85,2.0,65.0,13000.0,False,1821.4957189747045,0.901,1.625,1.3
443.0,169.85,2.0,90.0,18000.0,False,1647.690831481939,0.901,1.625,1.2
443.0,169.85,2.0,130.0,26000.0,False,1440.867697465462,0.901,1.625,1.1304
443.0,169.85,2.0,200.0,40000.0,False,1833.3141715618167,0.901,1.625,1.0811
443.0,169.85,2.0,350.0,70000.0,False,1441.0987013611004,0.901,1.625,1.0448
443.0,169.85,2.0,600.0,120000.0,False,1357.7803135959289,0.901,1.625,1.0256
443.0,169.85,4.0,5.0,2000.0,True,,0.901,1.4545,
443.0,169.85,4.0,15.0,6000.0,False,920.5988722232105,0.901,1.4545,2.0
443.0,169.85,4.0,25.0,10000.0,False,750.8595223368756,0.901,1.4545,1.4286
443.0,169.85,4.0,35.0,14000.0,False,652.4117785848077,0.901,1.4545,1.2727
443.0,169.85,4.0,40.0,16000.0,False,635.3947853142572,0.901,1.4545,1.2308
443.0,169.85,4.0,50.0,20000.0,False,609.0128321241016,0.901,1.4545,1.1765
443.0,169.85,4.0,65.0,26000.0,False,756.3821369088428,0.901,1.4545,1.1304
443.0,169.85,4.0,90.0,36000.0,False,498.0728656472756,0.901,1.4545,1.0909
443.0,169.85,4.0,130.0,52000.0,False,476.88924323939546,0.901,1.4545,1.0612
443.0,169.85,4.0,200.0,80000.0,False,446.2380535295172,0.901,1.4545,1.039
443.0,169.85,4.0,350.0,140000.0,False,543.8947035759271,0.901,1.4545,1.0219
443.0,169.85,4.0,600.0,240000.0,False,582.0881428529606,0.901,1.4545,1.0127
443.0,169.85,8.0,5.0,4000.0,False,737.2471713721898,0.901,1.2941,4.0
443.0,169.85,8.0,15.0,12000.0,False,220.38578292112282,0.901,1.2941,1.3333
443.0,169.85,8.0,25.0,20000.0,False,194.9158088083676,0.901,1.2941,1.1765
443.0,169.85,8.0,35.0,28000.0,False,231.5135890883012,0.901,1.2941,1.12
443.0,169.85,8.0,40.0,32000.0,False,231.28464166824932,0.901,1.2941,1.1034
443.0,169.85,8.0,50.0,40000.0,False,219.89620733890615,0.901,1.2941,1.0811
443.0,169.85,8.0,65.0,52000.0,False,180.06500649122475,0.901,1.2941,1.0612
443.0,169.85,8.0,90.0,72000.0,False,202.5739046840395,0.901,1.2941,1.0435
443.0,169.85,8.0,130.0,104000.0,False,196.46694968181487,0.901,1.2941,1.0297
443.0,169.85,8.0,200.0,160000.0,False,197.44346059399967,0.901,1.2941,1.0191
443.0,169.85,8.0,350.0,280000.0,False,215.9846590321011,0.901,1.2941,1.0108
443.0,169.85,8.0,600.0,480000.0,False,195.10344670391362,0.901,1.2941,1.0063
455.0,181.85,0.5,5.0,250.0,True,,0.9232,1.8696,
455.0,181.85,0.5,15.0,750.0,True,,0.9232,1.8696,
455.0,181.85,0.5,25.0,1250.0,True,,0.9232,1.8696,
455.0,181.85,0.5,35.0,1750.0,True,,0.9232,1.8696,
455.0,181.85,0.5,40.0,2000.0,True,,0.9232,1.8696,
455.0,181.85,0.5,50.0,2500.0,True,,0.9232,1.8696,
455.0,181.85,0.5,65.0,3250.0,False,124452.77262522858,0.9232,1.8696,13.0
455.0,181.85,0.5,90.0,4500.0,False,26203.39715494549,0.9232,1.8696,3.0
455.0,181.85,0.5,130.0,6500.0,False,16769.25304808816,0.9232,1.8696,1.8571
455.0,181.85,0.5,200.0,10000.0,False,13578.777466055373,0.9232,1.8696,1.4286
455.0,181.85,0.5,350.0,17500.0,False,8386.462294754645,0.9232,1.8696,1.2069
455.0,181.85,0.5,600.0,30000.0,False,9157.28510535598,0.9232,1.8696,1.1111
455.0,181.85,1.0,5.0,500.0,True,,0.9232,1.7692,
455.0,181.85,1.0,15.0,1500.0,True,,0.9232,1.7692,
455.0,181.85,1.0,25.0,2500.0,True,,0.9232,1.7692,
455.0,181.85,1.0,35.0,3500.0,False,15939.52904681662,0.9232,1.7692,7.0
455.0,181.85,1.0,40.0,4000.0,False,8880.968004053793,0.9232,1.7692,4.0
455.0,181.85,1.0,50.0,5000.0,False,5861.861825768416,0.9232,1.7692,2.5
455.0,181.85,1.0,65.0,6500.0,False,5678.7337794972855,0.9232,1.7692,1.8571
455.0,181.85,1.0,90.0,9000.0,False,3218.8955936941466,0.9232,1.7692,1.5
455.0,181.85,1.0,130.0,13000.0,False,3673.1657569145655,0.9232,1.7692,1.3
455.0,181.85,1.0,200.0,20000.0,False,2233.425131186686,0.9232,1.7692,1.1765
455.0,181.85,1.0,350.0,35000.0,False,2541.6850862211295,0.9232,1.7692,1.0938
455.0,181.85,1.0,600.0,60000.0,False,2635.7140468320913,0.9232,1.7692,1.0526
455.0,181.85,2.0,5.0,1000.0,True,,0.9232,1.625,
455.0,181.85,2.0,15.0,3000.0,True,,0.9232,1.625,
455.0,181.85,2.0,25.0,5000.0,False,2052.4146168258203,0.9232,1.625,2.5
455.0,181.85,2.0,35.0,7000.0,False,1463.8832355316129,0.9232,1.625,1.75
455.0,181.85,2.0,40.0,8000.0,False,1354.9961253796805,0.9232,1.625,1.6
455.0,181.85,2.0,50.0,10000.0,False,1019.3437760146027,0.9232,1.625,1.4286
455.0,181.85,2.0,65.0,13000.0,False,911.9267372213441,0.9232,1.625,1.3
455.0,181.85,2.0,90.0,18000.0,False,1026.1468029248663,0.9232,1.625,1.2
455.0,181.85,2.0,130.0,26000.0,False,825.8844169245971,0.9232,1.625,1.1304
455.0,181.85,2.0,200.0,40000.0,False,671.2601402687673,0.9232,1.625,1.0811
455.0,181.85,2.0,350.0,70000.0,False,662.723394219467,0.9232,1.625,1.0448
455.0,181.85,2.0,600.0,120000.0,False,671.7915670761469,0.9232,1.625,1.0256
455.0,181.85,4.0,5.0,2000.0,True,,0.9232,1.4545,
455.0,181.85,4.0,15.0,6000.0,False,556.9240200920563,0.9232,1.4545,2.0
455.0,181.85,4.0,25.0,10000.0,False,377.1889794611645,0.9232,1.4545,1.4286
455.0,181.85,4.0,35.0,14000.0,False,364.83397577493065,0.9232,1.4545,1.2727
455.0,181.85,4.0,40.0,16000.0,False,298.3475246432559,0.9232,1.4545,1.2308
455.0,181.85,4.0,50.0,20000.0,False,311.3779390392702,0.9232,1.4545,1.1765
455.0,181.85,4.0,65.0,26000.0,False,320.90605298708306,0.9232,1.4545,1.1304
455.0,181.85,4.0,90.0,36000.0,False,269.1629411262363,0.9232,1.4545,1.0909
455.0,181.85,4.0,130.0,52000.0,False,293.725963400493,0.9232,1.4545,1.0612
455.0,181.85,4.0,200.0,80000.0,False,243.14059370406005,0.9232,1.4545,1.039
455.0,181.85,4.0,350.0,140000.0,False,250.11253312441374,0.9232,1.4545,1.0219
455.0,181.85,4.0,600.0,240000.0,False,247.15746098744086,0.9232,1.4545,1.0127
455.0,181.85,8.0,5.0,4000.0,False,333.835932992411,0.9232,1.2941,4.0
455.0,181.85,8.0,15.0,12000.0,False,143.23106766905116,0.9232,1.2941,1.3333
455.0,181.85,8.0,25.0,20000.0,False,109.4907223083756,0.9232,1.2941,1.1765
455.0,181.85,8.0,35.0,28000.0,False,112.04874978572803,0.9232,1.2941,1.12
455.0,181.85,8.0,40.0,32000.0,False,118.42541001903025,0.9232,1.2941,1.1034
455.0,181.85,8.0,50.0,40000.0,False,115.43094325967353,0.9232,1.2941,1.0811
455.0,181.85,8.0,65.0,52000.0,False,117.0922898787238,0.9232,1.2941,1.0612
455.0,181.85,8.0,90.0,72000.0,False,102.66980183207119,0.9232,1.2941,1.0435
455.0,181.85,8.0,130.0,104000.0,False,96.49651318707267,0.9232,1.2941,1.0297
455.0,181.85,8.0,200.0,160000.0,False,100.55466577435716,0.9232,1.2941,1.0191
455.0,181.85,8.0,350.0,280000.0,False,78.36701966482107,0.9232,1.2941,1.0108
455.0,181.85,8.0,600.0,480000.0,False,80.87736390980538,0.9232,1.2941,1.0063
456.42,183.27,0.5,5.0,250.0,True,,0.926,1.8696,
456.42,183.27,0.5,15.0,750.0,True,,0.926,1.8696,
456.42,183.27,0.5,25.0,1250.0,True,,0.926,1.8696,
456.42,183.27,0.5,35.0,1750.0,True,,0.926,1.8696,
456.42,183.27,0.5,40.0,2000.0,True,,0.926,1.8696,
456.42,183.27,0.5,50.0,2500.0,True,,0.926,1.8696,
456.42,183.27,0.5,65.0,3250.0,False,85649.64269174972,0.926,1.8696,13.0
456.42,183.27,0.5,90.0,4500.0,False,20754.14326064123,0.926,1.8696,3.0
456.42,183.27,0.5,130.0,6500.0,False,15842.971759082937,0.926,1.8696,1.8571
456.42,183.27,0.5,200.0,10000.0,False,10019.906087048306,0.926,1.8696,1.4286
456.42,183.27,0.5,350.0,17500.0,False,9161.853320856902,0.926,1.8696,1.2069
456.42,183.27,0.5,600.0,30000.0,False,10847.833664071488,0.926,1.8696,1.1111
456.42,183.27,1.0,5.0,500.0,True,,0.926,1.7692,
456.42,183.27,1.0,15.0,1500.0,True,,0.926,1.7692,
456.42,183.27,1.0,25.0,2500.0,True,,0.926,1.7692,
456.42,183.27,1.0,35.0,3500.0,False,15066.88292952421,0.926,1.7692,7.0
456.42,183.27,1.0,40.0,4000.0,False,10144.688771519575,0.926,1.7692,4.0
456.42,183.27,1.0,50.0,5000.0,False,4934.624980838071,0.926,1.7692,2.5
456.42,183.27,1.0,65.0,6500.0,False,4088.8026358645448,0.926,1.7692,1.8571
456.42,183.27,1.0,90.0,9000.0,False,2953.498495212423,0.926,1.7692,1.5
456.42,183.27,1.0,130.0,13000.0,False,2805.3769121563446,0.926,1.7692,1.3
456.42,183.27,1.0,200.0,20000.0,False,3030.094322324595,0.926,1.7692,1.1765
456.42,183.27,1.0,350.0,35000.0,False,1916.5806629140354,0.926,1.7692,1.0938
456.42,183.27,1.0,600.0,60000.0,False,2551.000000408671,0.926,1.7692,1.0526
456.42,183.27,2.0,5.0,1000.0,True,,0.926,1.625,
456.42,183.27,2.0,15.0,3000.0,True,,0.926,1.625,
456.42,183.27,2.0,25.0,5000.0,False,1809.9960705034275,0.926,1.625,2.5
456.42,183.27,2.0,35.0,7000.0,False,1118.3639927323875,0.926,1.625,1.75
456.42,183.27,2.0,40.0,8000.0,False,899.8461750707979,0.926,1.625,1.6
456.42,183.27,2.0,50.0,10000.0,False,1008.9074091087506,0.926,1.625,1.4286
456.42,183.27,2.0,65.0,13000.0,False,838.8813173149637,0.926,1.625,1.3
456.42,183.27,2.0,90.0,18000.0,False,868.1390255663981,0.926,1.625,1.2
456.42,183.27,2.0,130.0,26000.0,False,792.3546048132218,0.926,1.625,1.1304
456.42,183.27,2.0,200.0,40000.0,False,960.4070991702027,0.926,1.625,1.0811
456.42,183.27,2.0,350.0,70000.0,False,704.1758835751593,0.926,1.625,1.0448
456.42,183.27,2.0,600.0,120000.0,False,614.5695260822208,0.926,1.625,1.0256
456.42,183.27,4.0,5.0,2000.0,True,,0.926,1.4545,
456.42,183.27,4.0,15.0,6000.0,False,493.4032430043812,0.926,1.4545,2.0
456.42,183.27,4.0,25.0,10000.0,False,354.5901791109864,0.926,1.4545,1.4286
456.42,183.27,4.0,35.0,14000.0,False,374.77597375821836,0.926,1.4545,1.2727
456.42,183.27,4.0,40.0,16000.0,False,335.0213639259726,0.926,1.4545,1.2308
456.42,183.27,4.0,50.0,20000.0,False,298.07282606277204,0.926,1.4545,1.1765
456.42,183.27,4.0,65.0,26000.0,False,338.1149771815708,0.926,1.4545,1.1304
456.42,183.27,4.0,90.0,36000.0,False,219.20013476571873,0.926,1.4545,1.0909
456.42,183.27,4.0,130.0,52000.0,False,231.53914256736834,0.926,1.4545,1.0612
456.42,183.27,4.0,200.0,80000.0,False,217.13582353580162,0.926,1.4545,1.039
456.42,183.27,4.0,350.0,140000.0,False,231.476481679292,0.926,1.4545,1.0219
456.42,183.27,4.0,600.0,240000.0,False,197.82130260968177,0.926,1.4545,1.0127
456.42,183.27,8.0,5.0,4000.0,False,408.24968665559436,0.926,1.2941,4.0
456.42,183.27,8.0,15.0,12000.0,False,119.6607468126693,0.926,1.2941,1.3333
456.42,183.27,8.0,25.0,20000.0,False,87.5499901740934,0.926,1.2941,1.1765
456.42,183.27,8.0,35.0,28000.0,False,89.23771680052334,0.926,1.2941,1.12
456.42,183.27,8.0,40.0,32000.0,False,107.3161457305343,0.926,1.2941,1.1034
456.42,183.27,8.0,50.0,40000.0,False,113.74879766889352,0.926,1.2941,1.0811
456.42,183.27,8.0,65.0,52000.0,False,132.8532340329892,0.926,1.2941,1.0612
456.42,183.27,8.0,90.0,72000.0,False,149.89738282714038,0.926,1.2941,1.0435
456.42,183.27,8.0,130.0,104000.0,False,101.67116760348621,0.926,1.2941,1.0297
456.42,183.27,8.0,200.0,160000.0,False,81.51680970743081,0.926,1.2941,1.0191
456.42,183.27,8.0,350.0,280000.0,False,68.12042644992331,0.926,1.2941,1.0108
456.42,183.27,8.0,600.0,480000.0,False,97.19684902889182,0.926,1.2941,1.0063
457.31,184.16,0.5,5.0,250.0,True,,0.9277,1.8696,
457.31,184.16,0.5,15.0,750.0,True,,0.9277,1.8696,
457.31,184.16,0.5,25.0,1250.0,True,,0.9277,1.8696,
457.31,184.16,0.5,35.0,1750.0,True,,0.9277,1.8696,
457.31,184.16,0.5,40.0,2000.0,True,,0.9277,1.8696,
457.31,184.16,0.5,50.0,2500.0,True,,0.9277,1.8696,
457.31,184.16,0.5,65.0,3250.0,False,88326.66577185175,0.9277,1.8696,13.0
457.31,184.16,0.5,90.0,4500.0,False,21635.653071860575,0.9277,1.8696,3.0
457.31,184.16,0.5,130.0,6500.0,False,13004.020098760324,0.9277,1.8696,1.8571
457.31,184.16,0.5,200.0,10000.0,False,10735.866769461705,0.9277,1.8696,1.4286
457.31,184.16,0.5,350.0,17500.0,False,10869.743736945577,0.9277,1.8696,1.2069
457.31,184.16,0.5,600.0,30000.0,False,8731.62646667833,0.9277,1.8696,1.1111
457.31,184.16,1.0,5.0,500.0,True,,0.9277,1.7692,
457.31,184.16,1.0,15.0,1500.0,True,,0.9277,1.7692,
457.31,184.16,1.0,25.0,2500.0,True,,0.9277,1.7692,
457.31,184.16,1.0,35.0,3500.0,False,14827.102320178205,0.9277,1.7692,7.0
457.31,184.16,1.0,40.0,4000.0,False,7428.233801124367,0.9277,1.7692,4.0
457.31,184.16,1.0,50.0,5000.0,False,4218.291172517664,0.9277,1.7692,2.5
457.31,184.16,1.0,65.0,6500.0,False,3745.049529917222,0.9277,1.7692,1.8571
457.31,184.16,1.0,90.0,9000.0,False,3227.602320457318,0.9277,1.7692,1.5
457.31,184.16,1.0,130.0,13000.0,False,3676.258679882741,0.9277,1.7692,1.3
457.31,184.16,1.0,200.0,20000.0,False,2602.3162873179463,0.9277,1.7692,1.1765
457.31,184.16,1.0,350.0,35000.0,False,2749.3510603912127,0.9277,1.7692,1.0938
457.31,184.16,1.0,600.0,60000.0,False,2118.5688184098335,0.9277,1.7692,1.0526
457.31,184.16,2.0,5.0,1000.0,True,,0.9277,1.625,
457.31,184.16,2.0,15.0,3000.0,True,,0.9277,1.625,
457.31,184.16,2.0,25.0,5000.0,False,1396.8727541044138,0.9277,1.625,2.5
457.31,184.16,2.0,35.0,7000.0,False,1010.5907872424362,0.9277,1.625,1.75
457.31,184.16,2.0,40.0,8000.0,False,957.8218713693656,0.9277,1.625,1.6
457.31,184.16,2.0,50.0,10000.0,False,1312.1043572045155,0.9277,1.625,1.4286
457.31,184.16,2.0,65.0,13000.0,False,767.0855745958759,0.9277,1.625,1.3
457.31,184.16,2.0,90.0,18000.0,False,908.2657758420268,0.9277,1.625,1.2
457.31,184.16,2.0,130.0,26000.0,False,658.922120005742,0.9277,1.625,1.1304
457.31,184.16,2.0,200.0,40000.0,False,829.7625673972602,0.9277,1.625,1.0811
457.31,184.16,2.0,350.0,70000.0,False,738.7705389709251,0.9277,1.625,1.0448
457.31,184.16,2.0,600.0,120000.0,False,668.6523216275991,0.9277,1.625,1.0256
457.31,184.16,4.0,5.0,2000.0,True,,0.9277,1.4545,
457.31,184.16,4.0,15.0,6000.0,False,456.06451270015157,0.9277,1.4545,2.0
457.31,184.16,4.0,25.0,10000.0,False,297.0968745967752,0.9277,1.4545,1.4286
457.31,184.16,4.0,35.0,14000.0,False,312.20947605243805,0.9277,1.4545,1.2727
457.31,184.16,4.0,40.0,16000.0,False,263.74779269196483,0.9277,1.4545,1.2308
457.31,184.16,4.0,50.0,20000.0,False,224.5906783312722,0.9277,1.4545,1.1765
457.31,184.16,4.0,65.0,26000.0,False,214.11497969575626,0.9277,1.4545,1.1304
457.31,184.16,4.0,90.0,36000.0,False,256.8522553641308,0.9277,1.4545,1.0909
457.31,184.16,4.0,130.0,52000.0,False,308.5514431697887,0.9277,1.4545,1.0612
457.31,184.16,4.0,200.0,80000.0,False,244.15943351230396,0.9277,1.4545,1.039
457.31,184.16,4.0,350.0,140000.0,False,230.3194413937172,0.9277,1.4545,1.0219
457.31,184.16,4.0,600.0,240000.0,False,242.5127233041898,0.9277,1.4545,1.0127
457.31,184.16,8.0,5.0,4000.0,False,431.30685856461105,0.9277,1.2941,4.0
457.31,184.16,8.0,15.0,12000.0,False,122.14570444825733,0.9277,1.2941,1.3333
457.31,184.16,8.0,25.0,20000.0,False,98.05269400547263,0.9277,1.2941,1.1765
457.31,184.16,8.0,35.0,28000.0,False,117.20179292744639,0.9277,1.2941,1.12
457.31,184.16,8.0,40.0,32000.0,False,104.31119822839861,0.9277,1.2941,1.1034
457.31,184.16,8.0,50.0,40000.0,False,120.65679657770244,0.9277,1.2941,1.0811
457.31,184.16,8.0,65.0,52000.0,False,96.69229977814341,0.9277,1.2941,1.0612
457.31,184.16,8.0,90.0,72000.0,False,76.97759787894924,0.9277,1.2941,1.0435
457.31,184.16,8.0,130.0,104000.0,False,74.34167421288092,0.9277,1.2941,1.0297
457.31,184.16,8.0,200.0,160000.0,False,115.72218745708072,0.9277,1.2941,1.0191
457.31,184.16,8.0,350.0,280000.0,False,116.04141326810576,0.9277,1.2941,1.0108
457.31,184.16,8.0,600.0,480000.0,False,86.83127903045616,0.9277,1.2941,1.0063
459.62,186.47,0.5,5.0,250.0,True,,0.9321,1.8696,
459.62,186.47,0.5,15.0,750.0,True,,0.9321,1.8696,
459.62,186.47,0.5,25.0,1250.0,True,,0.9321,1.8696,
459.62,186.47,0.5,35.0,1750.0,True,,0.9321,1.8696,
459.62,186.47,0.5,40.0,2000.0,True,,0.9321,1.8696,
459.62,186.47,0.5,50.0,2500.0,True,,0.9321,1.8696,
459.62,186.47,0.5,65.0,3250.0,False,83682.33710294709,0.9321,1.8696,13.0
459.62,186.47,0.5,90.0,4500.0,False,25467.05362761141,0.9321,1.8696,3.0
459.62,186.47,0.5,130.0,6500.0,False,10724.587749343718,0.9321,1.8696,1.8571
459.62,186.47,0.5,200.0,10000.0,False,8516.645654370332,0.9321,1.8696,1.4286
459.62,186.47,0.5,350.0,17500.0,False,9062.16378940328,0.9321,1.8696,1.2069
459.62,186.47,0.5,600.0,30000.0,False,7140.097394286756,0.9321,1.8696,1.1111
459.62,186.47,1.0,5.0,500.0,True,,0.9321,1.7692,
459.62,186.47,1.0,15.0,1500.0,True,,0.9321,1.7692,
459.62,186.47,1.0,25.0,2500.0,True,,0.9321,1.7692,
459.62,186.47,1.0,35.0,3500.0,False,13477.296105324198,0.9321,1.7692,7.0
459.62,186.47,1.0,40.0,4000.0,False,7520.5746931233825,0.9321,1.7692,4.0
459.62,186.47,1.0,50.0,5000.0,False,5067.2159518249755,0.9321,1.7692,2.5
459.62,186.47,1.0,65.0,6500.0,False,4419.498014508417,0.9321,1.7692,1.8571
459.62,186.47,1.0,90.0,9000.0,False,2929.7511122659525,0.9321,1.7692,1.5
459.62,186.47,1.0,130.0,13000.0,False,2758.865967951986,0.9321,1.7692,1.3
459.62,186.47,1.0,200.0,20000.0,False,1666.7202029190762,0.9321,1.7692,1.1765
459.62,186.47,1.0,350.0,35000.0,False,2092.101428593329,0.9321,1.7692,1.0938
459.62,186.47,1.0,600.0,60000.0,False,1787.2415263769053,0.9321,1.7692,1.0526
459.62,186.47,2.0,5.0,1000.0,True,,0.9321,1.625,
459.62,186.47,2.0,15.0,3000.0,True,,0.9321,1.625,
459.62,186.47,2.0,25.0,5000.0,False,1234.515279901398,0.9321,1.625,2.5
459.62,186.47,2.0,35.0,7000.0,False,909.4662110990744,0.9321,1.625,1.75
459.62,186.47,2.0,40.0,8000.0,False,902.212451767858,0.9321,1.625,1.6
459.62,186.47,2.0,50.0,10000.0,False,971.678743076164,0.9321,1.625,1.4286
459.62,186.47,2.0,65.0,13000.0,False,631.6719987498764,0.9321,1.625,1.3
459.62,186.47,2.0,90.0,18000.0,False,714.7130932496149,0.9321,1.625,1.2
459.62,186.47,2.0,130.0,26000.0,False,623.2463215815903,0.9321,1.625,1.1304
459.62,186.47,2.0,200.0,40000.0,False,610.1931159648728,0.9321,1.625,1.0811
459.62,186.47,2.0,350.0,70000.0,False,719.9496001389575,0.9321,1.625,1.0448
459.62,186.47,2.0,600.0,120000.0,False,659.1822402300799,0.9321,1.625,1.0256
459.62,186.47,4.0,5.0,2000.0,True,,0.9321,1.4545,
459.62,186.47,4.0,15.0,6000.0,False,498.14000894627395,0.9321,1.4545,2.0
459.62,186.47,4.0,25.0,10000.0,False,284.4687413644512,0.9321,1.4545,1.4286
459.62,186.47,4.0,35.0,14000.0,False,233.66651478276566,0.9321,1.4545,1.2727
459.62,186.47,4.0,40.0,16000.0,False,242.54440949370263,0.9321,1.4545,1.2308
459.62,186.47,4.0,50.0,20000.0,False,248.64290023014058,0.9321,1.4545,1.1765
459.62,186.47,4.0,65.0,26000.0,False,236.5625391572898,0.9321,1.4545,1.1304
459.62,186.47,4.0,90.0,36000.0,False,188.94905896647379,0.9321,1.4545,1.0909
459.62,186.47,4.0,130.0,52000.0,False,219.22994825941657,0.9321,1.4545,1.0612
459.62,186.47,4.0,200.0,80000.0,False,219.111283729592,0.9321,1.4545,1.039
459.62,186.47,4.0,350.0,140000.0,False,303.811330598514,0.9321,1.4545,1.0219
459.62,186.47,4.0,600.0,240000.0,False,273.48034572025443,0.9321,1.4545,1.0127
459.62,186.47,8.0,5.0,4000.0,False,277.1214483984869,0.9321,1.2941,4.0
459.62,186.47,8.0,15.0,12000.0,False,100.55678186731593,0.9321,1.2941,1.3333
459.62,186.47,8.0,25.0,20000.0,False,74.37728772033432,0.9321,1.2941,1.1765
459.62,186.47,8.0,35.0,28000.0,False,80.71065724936433,0.9321,1.2941,1.12
459.62,186.47,8.0,40.0,32000.0,False,91.09735927897393,0.9321,1.2941,1.1034
459.62,186.47,8.0,50.0,40000.0,False,102.00150601604513,0.9321,1.2941,1.0811
459.62,186.47,8.0,65.0,52000.0,False,74.90411569742075,0.9321,1.2941,1.0612
459.62,186.47,8.0,90.0,72000.0,False,74.48409717372378,0.9321,1.2941,1.0435
459.62,186.47,8.0,130.0,104000.0,False,58.751989793415554,0.9321,1.2941,1.0297
459.62,186.47,8.0,200.0,160000.0,False,78.31006315519615,0.9321,1.2941,1.0191
459.62,186.47,8.0,350.0,280000.0,False,67.86754436684714,0.9321,1.2941,1.0108
459.62,186.47,8.0,600.0,480000.0,False,73.18582043832915,0.9321,1.2941,1.0063
461.92,188.77,0.5,5.0,250.0,True,,0.9366,1.8696,
461.92,188.77,0.5,15.0,750.0,True,,0.9366,1.8696,
461.92,188.77,0.5,25.0,1250.0,True,,0.9366,1.8696,
461.92,188.77,0.5,35.0,1750.0,True,,0.9366,1.8696,
461.92,188.77,0.5,40.0,2000.0,True,,0.9366,1.8696,
461.92,188.77,0.5,50.0,2500.0,True,,0.9366,1.8696,
461.92,188.77,0.5,65.0,3250.0,False,69069.80082738448,0.9366,1.8696,13.0
461.92,188.77,0.5,90.0,4500.0,False,17924.531765154563,0.9366,1.8696,3.0
461.92,188.77,0.5,130.0,6500.0,False,8645.831596437703,0.9366,1.8696,1.8571
461.92,188.77,0.5,200.0,10000.0,False,6947.038932107504,0.9366,1.8696,1.4286
461.92,188.77,0.5,350.0,17500.0,False,10065.730724805791,0.9366,1.8696,1.2069
461.92,188.77,0.5,600.0,30000.0,False,5550.81346447038,0.9366,1.8696,1.1111
461.92,188.77,1.0,5.0,500.0,True,,0.9366,1.7692,
461.92,188.77,1.0,15.0,1500.0,True,,0.9366,1.7692,
461.92,188.77,1.0,25.0,2500.0,True,,0.9366,1.7692,
461.92,188.77,1.0,35.0,3500.0,False,10169.546651084036,0.9366,1.7692,7.0
461.92,188.77,1.0,40.0,4000.0,False,9023.539925894323,0.9366,1.7692,4.0
461.92,188.77,1.0,50.0,5000.0,False,6619.740216502561,0.9366,1.7692,2.5
461.92,188.77,1.0,65.0,6500.0,False,2667.947722993384,0.9366,1.7692,1.8571
461.92,188.77,1.0,90.0,9000.0,False,2430.83078143825,0.9366,1.7692,1.5
461.92,188.77,1.0,130.0,13000.0,False,2343.4001184710523,0.9366,1.7692,1.3
461.92,188.77,1.0,200.0,20000.0,False,2611.249639565331,0.9366,1.7692,1.1765
461.92,188.77,1.0,350.0,35000.0,False,1615.4101974028993,0.9366,1.7692,1.0938
461.92,188.77,1.0,600.0,60000.0,False,1737.603625397239,0.9366,1.7692,1.0526
461.92,188.77,2.0,5.0,1000.0,True,,0.9366,1.625,
461.92,188.77,2.0,15.0,3000.0,True,,0.9366,1.625,
461.92,188.77,2.0,25.0,5000.0,False,1480.2954432039778,0.9366,1.625,2.5
461.92,188.77,2.0,35.0,7000.0,False,984.3054853314673,0.9366,1.625,1.75
461.92,188.77,2.0,40.0,8000.0,False,796.8654316234914,0.9366,1.625,1.6
461.92,188.77,2.0,50.0,10000.0,False,737.8253191022296,0.9366,1.625,1.4286
461.92,188.77,2.0,65.0,13000.0,False,557.3734575244499,0.9366,1.625,1.3
461.92,188.77,2.0,90.0,18000.0,False,610.1477235095473,0.9366,1.625,1.2
461.92,188.77,2.0,130.0,26000.0,False,572.3494897877157,0.9366,1.625,1.1304
461.92,188.77,2.0,200.0,40000.0,False,589.8643689002718,0.9366,1.625,1.0811
461.92,188.77,2.0,350.0,70000.0,False,506.5429623850551,0.9366,1.625,1.0448
461.92,188.77,2.0,600.0,120000.0,False,580.0731340059477,0.9366,1.625,1.0256
461.92,188.77,4.0,5.0,2000.0,True,,0.9366,1.4545,
461.92,188.77,4.0,15.0,6000.0,False,421.71069647944427,0.9366,1.4545,2.0
461.92,188.77,4.0,25.0,10000.0,False,264.87401965658825,0.9366,1.4545,1.4286
461.92,188.77,4.0,35.0,14000.0,False,243.0313604624028,0.9366,1.4545,1.2727
461.92,188.77,4.0,40.0,16000.0,False,224.72504647159417,0.9366,1.4545,1.2308
461.92,188.77,4.0,50.0,20000.0,False,213.10746325380606,0.9366,1.4545,1.1765
461.92,188.77,4.0,65.0,26000.0,False,183.76055698066492,0.9366,1.4545,1.1304
461.92,188.77,4.0,90.0,36000.0,False,207.21367113257892,0.9366,1.4545,1.0909
461.92,188.77,4.0,130.0,52000.0,False,189.44436689823044,0.9366,1.4545,1.0612
461.92,188.77,4.0,200.0,80000.0,False,257.6137658078493,0.9366,1.4545,1.039
461.92,188.77,4.0,350.0,140000.0,False,234.37671276379103,0.9366,1.4545,1.0219
461.92,188.77,4.0,600.0,240000.0,False,194.36167692399593,0.9366,1.4545,1.0127
461.92,188.77,8.0,5.0,4000.0,False,249.6661092345757,0.9366,1.2941,4.0
461.92,188.77,8.0,15.0,12000.0,False,78.97323788537147,0.9366,1.2941,1.3333
461.92,188.77,8.0,25.0,20000.0,False,98.44313333736893,0.9366,1.2941,1.1765
461.92,188.77,8.0,35.0,28000.0,False,81.53478602320813,0.9366,1.2941,1.12
461.92,188.77,8.0,40.0,32000.0,False,82.99250195278519,0.9366,1.2941,1.1034
461.92,188.77,8.0,50.0,40000.0,False,58.239413060866,0.9366,1.2941,1.0811
461.92,188.77,8.0,65.0,52000.0,False,85.35575499797065,0.9366,1.2941,1.0612
461.92,188.77,8.0,90.0,72000.0,False,78.1798035543727,0.9366,1.2941,1.0435
461.92,188.77,8.0,130.0,104000.0,False,61.00735691796201,0.9366,1.2941,1.0297
461.92,188.77,8.0,200.0,160000.0,False,66.45253751375759,0.9366,1.2941,1.0191
461.92,188.77,8.0,350.0,280000.0,False,73.59803743625464,0.9366,1.2941,1.0108
461.92,188.77,8.0,600.0,480000.0,False,70.9821413586663,0.9366,1.2941,1.0063
464.23,191.08,0.5,5.0,250.0,True,,0.9412,1.8696,
464.23,191.08,0.5,15.0,750.0,True,,0.9412,1.8696,
464.23,191.08,0.5,25.0,1250.0,True,,0.9412,1.8696,
464.23,191.08,0.5,35.0,1750.0,True,,0.9412,1.8696,
464.23,191.08,0.5,40.0,2000.0,True,,0.9412,1.8696,
464.23,191.08,0.5,50.0,2500.0,True,,0.9412,1.8696,
464.23,191.08,0.5,65.0,3250.0,False,67058.77873353733,0.9412,1.8696,13.0
464.23,191.08,0.5,90.0,4500.0,False,15919.342800534238,0.9412,1.8696,3.0
464.23,191.08,0.5,130.0,6500.0,False,9637.757445332521,0.9412,1.8696,1.8571
464.23,191.08,0.5,200.0,10000.0,False,7877.457271273858,0.9412,1.8696,1.4286
464.23,191.08,0.5,350.0,17500.0,False,8111.005775813929,0.9412,1.8696,1.2069
464.23,191.08,0.5,600.0,30000.0,False,4074.7426822973953,0.9412,1.8696,1.1111
464.23,191.08,1.0,5.0,500.0,True,,0.9412,1.7692,
464.23,191.08,1.0,15.0,1500.0,True,,0.9412,1.7692,
464.23,191.08,1.0,25.0,2500.0,True,,0.9412,1.7692,
464.23,191.08,1.0,35.0,3500.0,False,10289.62823146284,0.9412,1.7692,7.0
464.23,191.08,1.0,40.0,4000.0,False,6255.900103661024,0.9412,1.7692,4.0
464.23,191.08,1.0,50.0,5000.0,False,3980.6441026218217,0.9412,1.7692,2.5
464.23,191.08,1.0,65.0,6500.0,False,2675.1510121986294,0.9412,1.7692,1.8571
464.23,191.08,1.0,90.0,9000.0,False,1755.4244006954414,0.9412,1.7692,1.5
464.23,191.08,1.0,130.0,13000.0,False,2079.8949710056295,0.9412,1.7692,1.3
464.23,191.08,1.0,200.0,20000.0,False,2321.8755187146,0.9412,1.7692,1.1765
464.23,191.08,1.0,350.0,35000.0,False,1323.5092856716933,0.9412,1.7692,1.0938
464.23,191.08,1.0,600.0,60000.0,False,1825.0754107636762,0.9412,1.7692,1.0526
464.23,191.08,2.0,5.0,1000.0,True,,0.9412,1.625,
464.23,191.08,2.0,15.0,3000.0,True,,0.9412,1.625,
464.23,191.08,2.0,25.0,5000.0,False,1115.2858756520895,0.9412,1.625,2.5
464.23,191.08,2.0,35.0,7000.0,False,812.6262034024963,0.9412,1.625,1.75
464.23,191.08,2.0,40.0,8000.0,False,640.2911187553212,0.9412,1.625,1.6
464.23,191.08,2.0,50.0,10000.0,False,636.7394921651401,0.9412,1.625,1.4286
464.23,191.08,2.0,65.0,13000.0,False,740.4255193018967,0.9412,1.625,1.3
464.23,191.08,2.0,90.0,18000.0,False,613.7415654934815,0.9412,1.625,1.2
464.23,191.08,2.0,130.0,26000.0,False,686.9786099194495,0.9412,1.625,1.1304
464.23,191.08,2.0,200.0,40000.0,False,604.5155649310014,0.9412,1.625,1.0811
464.23,191.08,2.0,350.0,70000.0,False,522.9677077230157,0.9412,1.625,1.0448
464.23,191.08,2.0,600.0,120000.0,False,624.3818249880301,0.9412,1.625,1.0256
464.23,191.08,4.0,5.0,2000.0,True,,0.9412,1.4545,
464.23,191.08,4.0,15.0,6000.0,False,344.12660164817606,0.9412,1.4545,2.0
464.23,191.08,4.0,25.0,10000.0,False,260.5739332542362,0.9412,1.4545,1.4286
464.23,191.08,4.0,35.0,14000.0,False,196.11277514046665,0.9412,1.4545,1.2727
464.23,191.08,4.0,40.0,16000.0,False,200.2636404037235,0.9412,1.4545,1.2308
464.23,191.08,4.0,50.0,20000.0,False,170.70191006624998,0.9412,1.4545,1.1765
464.23,191.08,4.0,65.0,26000.0,False,211.25234687131416,0.9412,1.4545,1.1304
464.23,191.08,4.0,90.0,36000.0,False,147.2717171971135,0.9412,1.4545,1.0909
464.23,191.08,4.0,130.0,52000.0,False,192.24862095565388,0.9412,1.4545,1.0612
464.23,191.08,4.0,200.0,80000.0,False,162.65591481283843,0.9412,1.4545,1.039
464.23,191.08,4.0,350.0,140000.0,False,196.24463606680098,0.9412,1.4545,1.0219
464.23,191.08,4.0,600.0,240000.0,False,182.58623717145397,0.9412,1.4545,1.0127
464.23,191.08,8.0,5.0,4000.0,False,327.15316582399424,0.9412,1.2941,4.0
464.23,191.08,8.0,15.0,12000.0,False,92.60428821568257,0.9412,1.2941,1.3333
464.23,191.08,8.0,25.0,20000.0,False,57.844019255068766,0.9412,1.2941,1.1765
464.23,191.08,8.0,35.0,28000.0,False,69.0149317151233,0.9412,1.2941,1.12
464.23,191.08,8.0,40.0,32000.0,False,57.608848022469076,0.9412,1.2941,1.1034
464.23,191.08,8.0,50.0,40000.0,False,62.25611345260819,0.9412,1.2941,1.0811
464.23,191.08,8.0,65.0,52000.0,False,82.85937211374511,0.9412,1.2941,1.0612
464.23,191.08,8.0,90.0,72000.0,False,71.4663607190139,0.9412,1.2941,1.0435
464.23,191.08,8.0,130.0,104000.0,False,57.71216547982249,0.9412,1.2941,1.0297
464.23,191.08,8.0,200.0,160000.0,False,54.48402712303222,0.9412,1.2941,1.0191
464.23,191.08,8.0,350.0,280000.0,False,63.22669393673132,0.9412,1.2941,1.0108
464.23,191.08,8.0,600.0,480000.0,False,52.18644381278594,0.9412,1.2941,1.0063
466.54,193.39,0.5,5.0,250.0,True,,0.9457,1.8696,
466.54,193.39,0.5,15.0,750.0,True,,0.9457,1.8696,
466.54,193.39,0.5,25.0,1250.0,True,,0.9457,1.8696,
466.54,193.39,0.5,35.0,1750.0,True,,0.9457,1.8696,
466.54,193.39,0.5,40.0,2000.0,True,,0.9457,1.8696,
466.54,193.39,0.5,50.0,2500.0,True,,0.9457,1.8696,
466.54,193.39,0.5,65.0,3250.0,False,56377.56318497636,0.9457,1.8696,13.0
466.54,193.39,0.5,90.0,4500.0,False,15077.5465999628,0.9457,1.8696,3.0
466.54,193.39,0.5,130.0,6500.0,False,10592.317365018744,0.9457,1.8696,1.8571
466.54,193.39,0.5,200.0,10000.0,False,7506.596087832473,0.9457,1.8696,1.4286
466.54,193.39,0.5,350.0,17500.0,False,4104.778376794106,0.9457,1.8696,1.2069
466.54,193.39,0.5,600.0,30000.0,False,5577.87830855629,0.9457,1.8696,1.1111
466.54,193.39,1.0,5.0,500.0,True,,0.9457,1.7692,
466.54,193.39,1.0,15.0,1500.0,True,,0.9457,1.7692,
466.54,193.39,1.0,25.0,2500.0,True,,0.9457,1.7692,
466.54,193.39,1.0,35.0,3500.0,False,9590.913057018563,0.9457,1.7692,7.0
466.54,193.39,1.0,40.0,4000.0,False,5768.884951459996,0.9457,1.7692,4.0
466.54,193.39,1.0,50.0,5000.0,False,4318.132826463483,0.9457,1.7692,2.5
466.54,193.39,1.0,65.0,6500.0,False,1847.1693301453397,0.9457,1.7692,1.8571
466.54,193.39,1.0,90.0,9000.0,False,1860.6027659377237,0.9457,1.7692,1.5
466.54,193.39,1.0,130.0,13000.0,False,1925.3372005031158,0.9457,1.7692,1.3
466.54,193.39,1.0,200.0,20000.0,False,1257.8207728113389,0.9457,1.7692,1.1765
466.54,193.39,1.0,350.0,35000.0,False,1849.851608965594,0.9457,1.7692,1.0938
466.54,193.39,1.0,600.0,60000.0,False,1507.7940594344807,0.9457,1.7692,1.0526
466.54,193.39,2.0,5.0,1000.0,True,,0.9457,1.625,
466.54,193.39,2.0,15.0,3000.0,True,,0.9457,1.625,
466.54,193.39,2.0,25.0,5000.0,False,1183.7936533574236,0.9457,1.625,2.5
466.54,193.39,2.0,35.0,7000.0,False,669.9314742751753,0.9457,1.625,1.75
466.54,193.39,2.0,40.0,8000.0,False,753.9072682107611,0.9457,1.625,1.6
466.54,193.39,2.0,50.0,10000.0,False,699.3468783587476,0.9457,1.625,1.4286
466.54,193.39,2.0,65.0,13000.0,False,561.4356471159158,0.9457,1.625,1.3
466.54,193.39,2.0,90.0,18000.0,False,518.3666870828154,0.9457,1.625,1.2
466.54,193.39,2.0,130.0,26000.0,False,490.9562398252597,0.9457,1.625,1.1304
466.54,193.39,2.0,200.0,40000.0,False,396.09771782766126,0.9457,1.625,1.0811
466.54,193.39,2.0,350.0,70000.0,False,426.1854208866126,0.9457,1.625,1.0448
466.54,193.39,2.0,600.0,120000.0,False,418.06654539456736,0.9457,1.625,1.0256
466.54,193.39,4.0,5.0,2000.0,True,,0.9457,1.4545,
466.54,193.39,4.0,15.0,6000.0,False,303.6928477687822,0.9457,1.4545,2.0
466.54,193.39,4.0,25.0,10000.0,False,237.93776365325584,0.9457,1.4545,1.4286
466.54,193.39,4.0,35.0,14000.0,False,155.67059523915879,0.9457,1.4545,1.2727
466.54,193.39,4.0,40.0,16000.0,False,173.16563625944616,0.9457,1.4545,1.2308
466.54,193.39,4.0,50.0,20000.0,False,210.62890118700898,0.9457,1.4545,1.1765
466.54,193.39,4.0,65.0,26000.0,False,144.95518838204345,0.9457,1.4545,1.1304
466.54,193.39,4.0,90.0,36000.0,False,138.24596250064397,0.9457,1.4545,1.0909
466.54,193.39,4.0,130.0,52000.0,False,156.8249022207838,0.9457,1.4545,1.0612
466.54,193.39,4.0,200.0,80000.0,False,169.05761139126426,0.9457,1.4545,1.039
466.54,193.39,4.0,350.0,140000.0,False,146.75080825010897,0.9457,1.4545,1.0219
466.54,193.39,4.0,600.0,240000.0,False,177.20077859122696,0.9457,1.4545,1.0127
466.54,193.39,8.0,5.0,4000.0,False,251.94170462255278,0.9457,1.2941,4.0
466.54,193.39,8.0,15.0,12000.0,False,83.79215219412148,0.9457,1.2941,1.3333
466.54,193.39,8.0,25.0,20000.0,False,70.81144754222036,0.9457,1.2941,1.1765
466.54,193.39,8.0,35.0,28000.0,False,87.95813140243834,0.9457,1.2941,1.12
466.54,193.39,8.0,40.0,32000.0,False,59.26684781279623,0.9457,1.2941,1.1034
466.54,193.39,8.0,50.0,40000.0,False,44.336908051441945,0.9457,1.2941,1.0811
466.54,193.39,8.0,65.0,52000.0,False,74.77217666631933,0.9457,1.2941,1.0612
466.54,193.39,8.0,90.0,72000.0,False,53.96247896953531,0.9457,1.2941,1.0435
466.54,193.39,8.0,130.0,104000.0,False,57.9648458255797,0.9457,1.2941,1.0297
466.54,193.39,8.0,200.0,160000.0,False,68.69970354425969,0.9457,1.2941,1.0191
466.54,193.39,8.0,350.0,280000.0,False,44.027632017472314,0.9457,1.2941,1.0108
466.54,193.39,8.0,600.0,480000.0,False,46.19662771677802,0.9457,1.2941,1.0063
468.85,195.7,0.5,5.0,250.0,True,,0.9503,1.8696,
468.85,195.7,0.5,15.0,750.0,True,,0.9503,1.8696,
468.85,195.7,0.5,25.0,1250.0,True,,0.9503,1.8696,
468.85,195.7,0.5,35.0,1750.0,True,,0.9503,1.8696,
468.85,195.7,0.5,40.0,2000.0,True,,0.9503,1.8696,
468.85,195.7,0.5,50.0,2500.0,True,,0.9503,1.8696,
468.85,195.7,0.5,65.0,3250.0,False,43662.42860142145,0.9503,1.8696,13.0
468.85,195.7,0.5,90.0,4500.0,False,11372.772860279005,0.9503,1.8696,3.0
468.85,195.7,0.5,130.0,6500.0,False,8471.562847688056,0.9503,1.8696,1.8571
468.85,195.7,0.5,200.0,10000.0,False,6599.760947895375,0.9503,1.8696,1.4286
468.85,195.7,0.5,350.0,17500.0,False,5372.125640414678,0.9503,1.8696,1.2069
468.85,195.7,0.5,600.0,30000.0,False,3838.861894671207,0.9503,1.8696,1.1111
468.85,195.7,1.0,5.0,500.0,True,,0.9503,1.7692,
468.85,195.7,1.0,15.0,1500.0,True,,0.9503,1.7692,
468.85,195.7,1.0,25.0,2500.0,True,,0.9503,1.7692,
468.85,195.7,1.0,35.0,3500.0,False,5974.096676464188,0.9503,1.7692,7.0
468.85,195.7,1.0,40.0,4000.0,False,4867.038629773178,0.9503,1.7692,4.0
468.85,195.7,1.0,50.0,5000.0,False,2811.062696895667,0.9503,1.7692,2.5
468.85,195.7,1.0,65.0,6500.0,False,2401.2401741902195,0.9503,1.7692,1.8571
468.85,195.7,1.0,90.0,9000.0,False,2011.330455006681,0.9503,1.7692,1.5
468.85,195.7,1.0,130.0,13000.0,False,1601.8172215909265,0.9503,1.7692,1.3
468.85,195.7,1.0,200.0,20000.0,False,1591.3411659398098,0.9503,1.7692,1.1765
468.85,195.7,1.0,350.0,35000.0,False,1366.1985934482257,0.9503,1.7692,1.0938
468.85,195.7,1.0,600.0,60000.0,False,1375.532968128248,0.9503,1.7692,1.0526
468.85,195.7,2.0,5.0,1000.0,True,,0.9503,1.625,
468.85,195.7,2.0,15.0,3000.0,True,,0.9503,1.625,
468.85,195.7,2.0,25.0,5000.0,False,835.2476720108641,0.9503,1.625,2.5
468.85,195.7,2.0,35.0,7000.0,False,632.5837528910712,0.9503,1.625,1.75
468.85,195.7,2.0,40.0,8000.0,False,611.9549051224976,0.9503,1.625,1.6
468.85,195.7,2.0,50.0,10000.0,False,599.9778673970504,0.9503,1.625,1.4286
468.85,195.7,2.0,65.0,13000.0,False,455.0656254217244,0.9503,1.625,1.3
468.85,195.7,2.0,90.0,18000.0,False,481.8511248653581,0.9503,1.625,1.2
468.85,195.7,2.0,130.0,26000.0,False,403.37435643415586,0.9503,1.625,1.1304
468.85,195.7,2.0,200.0,40000.0,False,394.44068258659007,0.9503,1.625,1.0811
468.85,195.7,2.0,350.0,70000.0,False,439.38192812398256,0.9503,1.625,1.0448
468.85,195.7,2.0,600.0,120000.0,False,282.4488024619189,0.9503,1.625,1.0256
468.85,195.7,4.0,5.0,2000.0,True,,0.9503,1.4545,
468.85,195.7,4.0,15.0,6000.0,False,210.18209057055404,0.9503,1.4545,2.0
468.85,195.7,4.0,25.0,10000.0,False,146.0056115047546,0.9503,1.4545,1.4286
468.85,195.7,4.0,35.0,14000.0,False,114.48199485461315,0.9503,1.4545,1.2727
468.85,195.7,4.0,40.0,16000.0,False,141.91064803633532,0.9503,1.4545,1.2308
468.85,195.7,4.0,50.0,20000.0,False,168.04502275155278,0.9503,1.4545,1.1765
468.85,195.7,4.0,65.0,26000.0,False,138.26437782739384,0.9503,1.4545,1.1304
468.85,195.7,4.0,90.0,36000.0,False,143.44874746677675,0.9503,1.4545,1.0909
468.85,195.7,4.0,130.0,52000.0,False,159.509577363591,0.9503,1.4545,1.0612
468.85,195.7,4.0,200.0,80000.0,False,161.85033566099727,0.9503,1.4545,1.039
468.85,195.7,4.0,350.0,140000.0,False,129.10018465588448,0.9503,1.4545,1.0219
468.85,195.7,4.0,600.0,240000.0,False,158.36691494287714,0.9503,1.4545,1.0127
468.85,195.7,8.0,5.0,4000.0,False,200.02352640090447,0.9503,1.2941,4.0
468.85,195.7,8.0,15.0,12000.0,False,57.997155754421534,0.9503,1.2941,1.3333
468.85,195.7,8.0,25.0,20000.0,False,53.0736466487059,0.9503,1.2941,1.1765
468.85,195.7,8.0,35.0,28000.0,False,44.23736704439884,0.9503,1.2941,1.12
468.85,195.7,8.0,40.0,32000.0,False,47.63375394871485,0.9503,1.2941,1.1034
468.85,195.7,8.0,50.0,40000.0,False,50.530679668653256,0.9503,1.2941,1.0811
468.85,195.7,8.0,65.0,52000.0,False,59.04399270524952,0.9503,1.2941,1.0612
468.85,195.7,8.0,90.0,72000.0,False,66.61945958592231,0.9503,1.2941,1.0435
468.85,195.7,8.0,130.0,104000.0,False,41.275321819821684,0.9503,1.2941,1.0297
468.85,195.7,8.0,200.0,160000.0,False,53.312656558893416,0.9503,1.2941,1.0191
468.85,195.7,8.0,350.0,280000.0,False,42.649354451075396,0.9503,1.2941,1.0108
468.85,195.7,8.0,600.0,480000.0,False,53.292510642903075,0.9503,1.2941,1.0063
469.84,196.69,0.5,5.0,250.0,True,,0.9523,1.8696,
469.84,196.69,0.5,15.0,750.0,True,,0.9523,1.8696,
469.84,196.69,0.5,25.0,1250.0,True,,0.9523,1.8696,
469.84,196.69,0.5,35.0,1750.0,True,,0.9523,1.8696,
469.84,196.69,0.5,40.0,2000.0,True,,0.9523,1.8696,
469.84,196.69,0.5,50.0,2500.0,True,,0.9523,1.8696,
469.84,196.69,0.5,65.0,3250.0,False,51785.33011818867,0.9523,1.8696,13.0
469.84,196.69,0.5,90.0,4500.0,False,9260.86041508304,0.9523,1.8696,3.0
469.84,196.69,0.5,130.0,6500.0,False,8672.042140735386,0.9523,1.8696,1.8571
469.84,196.69,0.5,200.0,10000.0,False,5300.204389989991,0.9523,1.8696,1.4286
469.84,196.69,0.5,350.0,17500.0,False,4525.7700645910645,0.9523,1.8696,1.2069
469.84,196.69,0.5,600.0,30000.0,False,3844.786985029674,0.9523,1.8696,1.1111
469.84,196.69,1.0,5.0,500.0,True,,0.9523,1.7692,
469.84,196.69,1.0,15.0,1500.0,True,,0.9523,1.7692,
469.84,196.69,1.0,25.0,2500.0,True,,0.9523,1.7692,
469.84,196.69,1.0,35.0,3500.0,False,7285.573540200728,0.9523,1.7692,7.0
469.84,196.69,1.0,40.0,4000.0,False,4896.919995536624,0.9523,1.7692,4.0
469.84,196.69,1.0,50.0,5000.0,False,2789.974870078164,0.9523,1.7692,2.5
469.84,196.69,1.0,65.0,6500.0,False,2239.980177880197,0.9523,1.7692,1.8571
469.84,196.69,1.0,90.0,9000.0,False,1818.2634443057543,0.9523,1.7692,1.5
469.84,196.69,1.0,130.0,13000.0,False,1819.5551001072458,0.9523,1.7692,1.3
469.84,196.69,1.0,200.0,20000.0,False,1283.0364751220202,0.9523,1.7692,1.1765
469.84,196.69,1.0,350.0,35000.0,False,1006.2313285310624,0.9523,1.7692,1.0938
469.84,196.69,1.0,600.0,60000.0,False,1418.3655177166927,0.9523,1.7692,1.0526
469.84,196.69,2.0,5.0,1000.0,True,,0.9523,1.625,
469.84,196.69,2.0,15.0,3000.0,True,,0.9523,1.625,
469.84,196.69,2.0,25.0,5000.0,False,840.3313653580129,0.9523,1.625,2.5
469.84,196.69,2.0,35.0,7000.0,False,730.7222621258522,0.9523,1.625,1.75
469.84,196.69,2.0,40.0,8000.0,False,598.6870375973378,0.9523,1.625,1.6
469.84,196.69,2.0,50.0,10000.0,False,494.83932057161917,0.9523,1.625,1.4286
469.84,196.69,2.0,65.0,13000.0,False,483.91508114023515,0.9523,1.625,1.3
469.84,196.69,2.0,90.0,18000.0,False,568.0459034404254,0.9523,1.625,1.2
469.84,196.69,2.0,130.0,26000.0,False,545.3229522022561,0.9523,1.625,1.1304
469.84,196.69,2.0,200.0,40000.0,False,385.9074223774803,0.9523,1.625,1.0811
469.84,196.69,2.0,350.0,70000.0,False,378.06268008931505,0.9523,1.625,1.0448
469.84,196.69,2.0,600.0,120000.0,False,425.8054799551969,0.9523,1.625,1.0256
469.84,196.69,4.0,5.0,2000.0,True,,0.9523,1.4545,
469.84,196.69,4.0,15.0,6000.0,False,213.937985619881,0.9523,1.4545,2.0
469.84,196.69,4.0,25.0,10000.0,False,182.36745959637892,0.9523,1.4545,1.4286
469.84,196.69,4.0,35.0,14000.0,False,153.95660703087665,0.9523,1.4545,1.2727
469.84,196.69,4.0,40.0,16000.0,False,156.6656249963755,0.9523,1.4545,1.2308
469.84,196.69,4.0,50.0,20000.0,False,126.07812685010028,0.9523,1.4545,1.1765
469.84,196.69,4.0,65.0,26000.0,False,108.15391577732525,0.9523,1.4545,1.1304
469.84,196.69,4.0,90.0,36000.0,False,97.07190787373605,0.9523,1.4545,1.0909
469.84,196.69,4.0,130.0,52000.0,False,108.98431405052412,0.9523,1.4545,1.0612
469.84,196.69,4.0,200.0,80000.0,False,117.77877546190766,0.9523,1.4545,1.039
469.84,196.69,4.0,350.0,140000.0,False,118.75599422696742,0.9523,1.4545,1.0219
469.84,196.69,4.0,600.0,240000.0,False,164.44096281535045,0.9523,1.4545,1.0127
469.84,196.69,8.0,5.0,4000.0,False,221.54046018621517,0.9523,1.2941,4.0
469.84,196.69,8.0,15.0,12000.0,False,54.151207680261095,0.9523,1.2941,1.3333
469.84,196.69,8.0,25.0,20000.0,False,58.15355825481818,0.9523,1.2941,1.1765
469.84,196.69,8.0,35.0,28000.0,False,49.4359958880436,0.9523,1.2941,1.12
469.84,196.69,8.0,40.0,32000.0,False,49.61024514792177,0.9523,1.2941,1.1034
469.84,196.69,8.0,50.0,40000.0,False,52.15250733479994,0.9523,1.2941,1.0811
469.84,196.69,8.0,65.0,52000.0,False,54.63698086553522,0.9523,1.2941,1.0612
469.84,196.69,8.0,90.0,72000.0,False,46.529322838729136,0.9523,1.2941,1.0435
469.84,196.69,8.0,130.0,104000.0,False,56.67085077747805,0.9523,1.2941,1.0297
469.84,196.69,8.0,200.0,160000.0,False,40.28781825309909,0.9523,1.2941,1.0191
469.84,196.69,8.0,350.0,280000.0,False,47.47175141273709,0.9523,1.2941,1.0108
469.84,196.69,8.0,600.0,480000.0,False,69.70921668709565,0.9523,1.2941,1.0063
471.15,198.0,0.5,5.0,250.0,True,,0.9549,1.8696,
471.15,198.0,0.5,15.0,750.0,True,,0.9549,1.8696,
471.15,198.0,0.5,25.0,1250.0,True,,0.9549,1.8696,
471.15,198.0,0.5,35.0,1750.0,True,,0.9549,1.8696,
471.15,198.0,0.5,40.0,2000.0,True,,0.9549,1.8696,
471.15,198.0,0.5,50.0,2500.0,True,,0.9549,1.8696,
471.15,198.0,0.5,65.0,3250.0,False,51144.84589198996,0.9549,1.8696,13.0
471.15,198.0,0.5,90.0,4500.0,False,14151.843079132233,0.9549,1.8696,3.0
471.15,198.0,0.5,130.0,6500.0,False,7163.635754419133,0.9549,1.8696,1.8571
471.15,198.0,0.5,200.0,10000.0,False,5930.104956703351,0.9549,1.8696,1.4286
471.15,198.0,0.5,350.0,17500.0,False,4552.994535864345,0.9549,1.8696,1.2069
471.15,198.0,0.5,600.0,30000.0,False,4120.810149972277,0.9549,1.8696,1.1111
471.15,198.0,1.0,5.0,500.0,True,,0.9549,1.7692,
471.15,198.0,1.0,15.0,1500.0,True,,0.9549,1.7692,
471.15,198.0,1.0,25.0,2500.0,True,,0.9549,1.7692,
471.15,198.0,1.0,35.0,3500.0,False,6696.239863198637,0.9549,1.7692,7.0
471.15,198.0,1.0,40.0,4000.0,False,4587.787720716125,0.9549,1.7692,4.0
471.15,198.0,1.0,50.0,5000.0,False,2365.805411133674,0.9549,1.7692,2.5
471.15,198.0,1.0,65.0,6500.0,False,2206.5613613862206,0.9549,1.7692,1.8571
471.15,198.0,1.0,90.0,9000.0,False,1898.030033145707,0.9549,1.7692,1.5
471.15,198.0,1.0,130.0,13000.0,False,1476.8365595954226,0.9549,1.7692,1.3
471.15,198.0,1.0,200.0,20000.0,False,1211.8401437191553,0.9549,1.7692,1.1765
471.15,198.0,1.0,350.0,35000.0,False,1258.9340369096278,0.9549,1.7692,1.0938
471.15,198.0,1.0,600.0,60000.0,False,1080.637020358899,0.9549,1.7692,1.0526
471.15,198.0,2.0,5.0,1000.0,True,,0.9549,1.625,
471.15,198.0,2.0,15.0,3000.0,True,,0.9549,1.625,
471.15,198.0,2.0,25.0,5000.0,False,951.7300638392071,0.9549,1.625,2.5
471.15,198.0,2.0,35.0,7000.0,False,439.9070800062564,0.9549,1.625,1.75
471.15,198.0,2.0,40.0,8000.0,False,503.3678281450512,0.9549,1.625,1.6
471.15,198.0,2.0,50.0,10000.0,False,350.62307714142855,0.9549,1.625,1.4286
471.15,198.0,2.0,65.0,13000.0,False,343.69814525572383,0.9549,1.625,1.3
471.15,198.0,2.0,90.0,18000.0,False,487.1438886918279,0.9549,1.625,1.2
471.15,198.0,2.0,130.0,26000.0,False,427.7499162118914,0.9549,1.625,1.1304
471.15,198.0,2.0,200.0,40000.0,False,321.08251750721655,0.9549,1.625,1.0811
471.15,198.0,2.0,350.0,70000.0,False,275.9130422480861,0.9549,1.625,1.0448
471.15,198.0,2.0,600.0,120000.0,False,217.52137679436942,0.9549,1.625,1.0256
471.15,198.0,4.0,5.0,2000.0,True,,0.9549,1.4545,
471.15,198.0,4.0,15.0,6000.0,False,209.6502931443857,0.9549,1.4545,2.0
471.15,198.0,4.0,25.0,10000.0,False,233.5871435525878,0.9549,1.4545,1.4286
471.15,198.0,4.0,35.0,14000.0,False,154.50287661599918,0.9549,1.4545,1.2727
471.15,198.0,4.0,40.0,16000.0,False,128.70481665810132,0.9549,1.4545,1.2308
471.15,198.0,4.0,50.0,20000.0,False,143.46612985057845,0.9549,1.4545,1.1765
471.15,198.0,4.0,65.0,26000.0,False,101.72535530134964,0.9549,1.4545,1.1304
471.15,198.0,4.0,90.0,36000.0,False,118.65627760594049,0.9549,1.4545,1.0909
471.15,198.0,4.0,130.0,52000.0,False,122.50637371098138,0.9549,1.4545,1.0612
471.15,198.0,4.0,200.0,80000.0,False,116.64371670982656,0.9549,1.4545,1.039
471.15,198.0,4.0,350.0,140000.0,False,130.85638610170327,0.9549,1.4545,1.0219
471.15,198.0,4.0,600.0,240000.0,False,121.2789887412589,0.9549,1.4545,1.0127
471.15,198.0,8.0,5.0,4000.0,False,194.29643173123202,0.9549,1.2941,4.0
471.15,198.0,8.0,15.0,12000.0,False,52.8399724229599,0.9549,1.2941,1.3333
471.15,198.0,8.0,25.0,20000.0,False,59.147419813482365,0.9549,1.2941,1.1765
471.15,198.0,8.0,35.0,28000.0,False,62.83491907003403,0.9549,1.2941,1.12
471.15,198.0,8.0,40.0,32000.0,False,41.9198462583686,0.9549,1.2941,1.1034
471.15,198.0,8.0,50.0,40000.0,False,41.581232379709505,0.9549,1.2941,1.0811
471.15,198.0,8.0,65.0,52000.0,False,56.97615224139641,0.9549,1.2941,1.0612
471.15,198.0,8.0,90.0,72000.0,False,44.5539023115247,0.9549,1.2941,1.0435
471.15,198.0,8.0,130.0,104000.0,False,55.85088205912097,0.9549,1.2941,1.0297
471.15,198.0,8.0,200.0,160000.0,False,41.90433912944307,0.9549,1.2941,1.0191
471.15,198.0,8.0,350.0,280000.0,False,55.250128216858386,0.9549,1.2941,1.0108
471.15,198.0,8.0,600.0,480000.0,False,45.09783374864296,0.9549,1.2941,1.0063
473.46,200.31,0.5,5.0,250.0,True,,0.9594,1.8696,
473.46,200.31,0.5,15.0,750.0,True,,0.9594,1.8696,
473.46,200.31,0.5,25.0,1250.0,True,,0.9594,1.8696,
473.46,200.31,0.5,35.0,1750.0,True,,0.9594,1.8696,
473.46,200.31,0.5,40.0,2000.0,True,,0.9594,1.8696,
473.46,200.31,0.5,50.0,2500.0,True,,0.9594,1.8696,
473.46,200.31,0.5,65.0,3250.0,False,45834.183248441215,0.9594,1.8696,13.0
473.46,200.31,0.5,90.0,4500.0,False,12867.00757383677,0.9594,1.8696,3.0
473.46,200.31,0.5,130.0,6500.0,False,5966.259178251151,0.9594,1.8696,1.8571
473.46,200.31,0.5,200.0,10000.0,False,4207.4346722373675,0.9594,1.8696,1.4286
473.46,200.31,0.5,350.0,17500.0,False,3827.1258520615825,0.9594,1.8696,1.2069
473.46,200.31,0.5,600.0,30000.0,False,4033.1878747121123,0.9594,1.8696,1.1111
473.46,200.31,1.0,5.0,500.0,True,,0.9594,1.7692,
473.46,200.31,1.0,15.0,1500.0,True,,0.9594,1.7692,
473.46,200.31,1.0,25.0,2500.0,True,,0.9594,1.7692,
473.46,200.31,1.0,35.0,3500.0,False,5305.270392362614,0.9594,1.7692,7.0
473.46,200.31,1.0,40.0,4000.0,False,4218.878980804139,0.9594,1.7692,4.0
473.46,200.31,1.0,50.0,5000.0,False,2210.302725720818,0.9594,1.7692,2.5
473.46,200.31,1.0,65.0,6500.0,False,2114.5997675661606,0.9594,1.7692,1.8571
473.46,200.31,1.0,90.0,9000.0,False,1003.9884470234067,0.9594,1.7692,1.5
473.46,200.31,1.0,130.0,13000.0,False,1107.4209573851458,0.9594,1.7692,1.3
473.46,200.31,1.0,200.0,20000.0,False,875.642968521572,0.9594,1.7692,1.1765
473.46,200.31,1.0,350.0,35000.0,False,926.1974766197184,0.9594,1.7692,1.0938
473.46,200.31,1.0,600.0,60000.0,False,1047.1766433250436,0.9594,1.7692,1.0526
473.46,200.31,2.0,5.0,1000.0,True,,0.9594,1.625,
473.46,200.31,2.0,15.0,3000.0,True,,0.9594,1.625,
473.46,200.31,2.0,25.0,5000.0,False,717.77882080884,0.9594,1.625,2.5
473.46,200.31,2.0,35.0,7000.0,False,496.8876216332495,0.9594,1.625,1.75
473.46,200.31,2.0,40.0,8000.0,False,460.7615357167231,0.9594,1.625,1.6
473.46,200.31,2.0,50.0,10000.0,False,434.3879003622119,0.9594,1.625,1.4286
473.46,200.31,2.0,65.0,13000.0,False,329.5864190006128,0.9594,1.625,1.3
473.46,200.31,2.0,90.0,18000.0,False,393.5089205860706,0.9594,1.625,1.2
473.46,200.31,2.0,130.0,26000.0,False,368.2481207622019,0.9594,1.625,1.1304
473.46,200.31,2.0,200.0,40000.0,False,337.8060677080707,0.9594,1.625,1.0811
473.46,200.31,2.0,350.0,70000.0,False,334.9687934458586,0.9594,1.625,1.0448
473.46,200.31,2.0,600.0,120000.0,False,316.2506965685232,0.9594,1.625,1.0256
473.46,200.31,4.0,5.0,2000.0,True,,0.9594,1.4545,
473.46,200.31,4.0,15.0,6000.0,False,275.1516170570129,0.9594,1.4545,2.0
473.46,200.31,4.0,25.0,10000.0,False,142.95428914087856,0.9594,1.4545,1.4286
473.46,200.31,4.0,35.0,14000.0,False,123.22521268602036,0.9594,1.4545,1.2727
473.46,200.31,4.0,40.0,16000.0,False,111.44423510956943,0.9594,1.4545,1.2308
473.46,200.31,4.0,50.0,20000.0,False,102.16545770740578,0.9594,1.4545,1.1765
473.46,200.31,4.0,65.0,26000.0,False,95.09207744644812,0.9594,1.4545,1.1304
473.46,200.31,4.0,90.0,36000.0,False,96.79602065732134,0.9594,1.4545,1.0909
473.46,200.31,4.0,130.0,52000.0,False,106.45639532531612,0.9594,1.4545,1.0612
473.46,200.31,4.0,200.0,80000.0,False,110.75046268015447,0.9594,1.4545,1.039
473.46,200.31,4.0,350.0,140000.0,False,104.40179931150784,0.9594,1.4545,1.0219
473.46,200.31,4.0,600.0,240000.0,False,91.5296162810764,0.9594,1.4545,1.0127
473.46,200.31,8.0,5.0,4000.0,False,179.33577029042584,0.9594,1.2941,4.0
473.46,200.31,8.0,15.0,12000.0,False,58.35422639821104,0.9594,1.2941,1.3333
473.46,200.31,8.0,25.0,20000.0,False,44.99311589888941,0.9594,1.2941,1.1765
473.46,200.31,8.0,35.0,28000.0,False,39.77859996117265,0.9594,1.2941,1.12
473.46,200.31,8.0,40.0,32000.0,False,46.92929351123907,0.9594,1.2941,1.1034
473.46,200.31,8.0,50.0,40000.0,False,43.55808759186081,0.9594,1.2941,1.0811
473.46,200.31,8.0,65.0,52000.0,False,33.45302266661435,0.9594,1.2941,1.0612
473.46,200.31,8.0,90.0,72000.0,False,40.45945617836984,0.9594,1.2941,1.0435
473.46,200.31,8.0,130.0,104000.0,False,41.951473975078294,0.9594,1.2941,1.0297
473.46,200.31,8.0,200.0,160000.0,False,34.87993050271937,0.9594,1.2941,1.0191
473.46,200.31,8.0,350.0,280000.0,False,40.73902264964726,0.9594,1.2941,1.0108
473.46,200.31,8.0,600.0,480000.0,False,31.6894575092575,0.9594,1.2941,1.0063
475.77,202.62,0.5,5.0,250.0,True,,0.964,1.8696,
475.77,202.62,0.5,15.0,750.0,True,,0.964,1.8696,
475.77,202.62,0.5,25.0,1250.0,True,,0.964,1.8696,
475.77,202.62,0.5,35.0,1750.0,True,,0.964,1.8696,
475.77,202.62,0.5,40.0,2000.0,True,,0.964,1.8696,
475.77,202.62,0.5,50.0,2500.0,True,,0.964,1.8696,
475.77,202.62,0.5,65.0,3250.0,False,48057.097883312366,0.964,1.8696,13.0
475.77,202.62,0.5,90.0,4500.0,False,10944.284507049879,0.964,1.8696,3.0
475.77,202.62,0.5,130.0,6500.0,False,5409.594731205084,0.964,1.8696,1.8571
475.77,202.62,0.5,200.0,10000.0,False,4564.028449115126,0.964,1.8696,1.4286
475.77,202.62,0.5,350.0,17500.0,False,2543.5900976848075,0.964,1.8696,1.2069
475.77,202.62,0.5,600.0,30000.0,False,2826.1657585065986,0.964,1.8696,1.1111
475.77,202.62,1.0,5.0,500.0,True,,0.964,1.7692,
475.77,202.62,1.0,15.0,1500.0,True,,0.964,1.7692,
475.77,202.62,1.0,25.0,2500.0,True,,0.964,1.7692,
475.77,202.62,1.0,35.0,3500.0,False,5726.839699688913,0.964,1.7692,7.0
475.77,202.62,1.0,40.0,4000.0,False,2911.868407605023,0.964,1.7692,4.0
475.77,202.62,1.0,50.0,5000.0,False,2379.21532032819,0.964,1.7692,2.5
475.77,202.62,1.0,65.0,6500.0,False,2142.458967747207,0.964,1.7692,1.8571
475.77,202.62,1.0,90.0,9000.0,False,1074.9707284985038,0.964,1.7692,1.5
475.77,202.62,1.0,130.0,13000.0,False,980.262668221009,0.964,1.7692,1.3
475.77,202.62,1.0,200.0,20000.0,False,1042.0153937094403,0.964,1.7692,1.1765
475.77,202.62,1.0,350.0,35000.0,False,1190.7699475839465,0.964,1.7692,1.0938
475.77,202.62,1.0,600.0,60000.0,False,749.2052351508245,0.964,1.7692,1.0526
475.77,202.62,2.0,5.0,1000.0,True,,0.964,1.625,
475.77,202.62,2.0,15.0,3000.0,True,,0.964,1.625,
475.77,202.62,2.0,25.0,5000.0,False,682.7078102336245,0.964,1.625,2.5
475.77,202.62,2.0,35.0,7000.0,False,605.0017979891363,0.964,1.625,1.75
475.77,202.62,2.0,40.0,8000.0,False,328.54064895180505,0.964,1.625,1.6
475.77,202.62,2.0,50.0,10000.0,False,310.1125751688646,0.964,1.625,1.4286
475.77,202.62,2.0,65.0,13000.0,False,320.9367579058686,0.964,1.625,1.3
475.77,202.62,2.0,90.0,18000.0,False,291.9708910801888,0.964,1.625,1.2
475.77,202.62,2.0,130.0,26000.0,False,335.93353557496846,0.964,1.625,1.1304
475.77,202.62,2.0,200.0,40000.0,False,294.89852490607836,0.964,1.625,1.0811
475.77,202.62,2.0,350.0,70000.0,False,210.60390210963024,0.964,1.625,1.0448
475.77,202.62,2.0,600.0,120000.0,False,291.5029666049902,0.964,1.625,1.0256
475.77,202.62,4.0,5.0,2000.0,True,,0.964,1.4545,
475.77,202.62,4.0,15.0,6000.0,False,165.85211732329154,0.964,1.4545,2.0
475.77,202.62,4.0,25.0,10000.0,False,156.40084185955766,0.964,1.4545,1.4286
475.77,202.62,4.0,35.0,14000.0,False,104.75288610124728,0.964,1.4545,1.2727
475.77,202.62,4.0,40.0,16000.0,False,101.16241116334382,0.964,1.4545,1.2308
475.77,202.62,4.0,50.0,20000.0,False,115.38436452030042,0.964,1.4545,1.1765
475.77,202.62,4.0,65.0,26000.0,False,114.6199048275956,0.964,1.4545,1.1304
475.77,202.62,4.0,90.0,36000.0,False,105.51007710426825,0.964,1.4545,1.0909
475.77,202.62,4.0,130.0,52000.0,False,74.52718865621627,0.964,1.4545,1.0612
475.77,202.62,4.0,200.0,80000.0,False,101.8505520781146,0.964,1.4545,1.039
475.77,202.62,4.0,350.0,140000.0,False,79.13026933994509,0.964,1.4545,1.0219
475.77,202.62,4.0,600.0,240000.0,False,94.86457832407247,0.964,1.4545,1.0127
475.77,202.62,8.0,5.0,4000.0,False,112.88144292649132,0.964,1.2941,4.0
475.77,202.62,8.0,15.0,12000.0,False,49.8109225886943,0.964,1.2941,1.3333
475.77,202.62,8.0,25.0,20000.0,False,36.420543173413186,0.964,1.2941,1.1765
475.77,202.62,8.0,35.0,28000.0,False,32.28289044363071,0.964,1.2941,1.12
475.77,202.62,8.0,40.0,32000.0,False,42.910518732285475,0.964,1.2941,1.1034
475.77,202.62,8.0,50.0,40000.0,False,39.16612105113409,0.964,1.2941,1.0811
475.77,202.62,8.0,65.0,52000.0,False,33.81588947210724,0.964,1.2941,1.0612
475.77,202.62,8.0,90.0,72000.0,False,45.32416510394549,0.964,1.2941,1.0435
475.77,202.62,8.0,130.0,104000.0,False,33.675696785279015,0.964,1.2941,1.0297
475.77,202.62,8.0,200.0,160000.0,False,35.77853224108754,0.964,1.2941,1.0191
475.77,202.62,8.0,350.0,280000.0,False,36.77112934571575,0.964,1.2941,1.0108
475.77,202.62,8.0,600.0,480000.0,False,32.038029446252004,0.964,1.2941,1.0063
478.08,204.93,0.5,5.0,250.0,True,,0.9686,1.8696,
478.08,204.93,0.5,15.0,750.0,True,,0.9686,1.8696,
478.08,204.93,0.5,25.0,1250.0,True,,0.9686,1.8696,
478.08,204.93,0.5,35.0,1750.0,True,,0.9686,1.8696,
478.08,204.93,0.5,40.0,2000.0,True,,0.9686,1.8696,
478.08,204.93,0.5,50.0,2500.0,True,,0.9686,1.8696,
478.08,204.93,0.5,65.0,3250.0,False,37669.96734610499,0.9686,1.8696,13.0
478.08,204.93,0.5,90.0,4500.0,False,7477.045968489184,0.9686,1.8696,3.0
478.08,204.93,0.5,130.0,6500.0,False,4714.000042195229,0.9686,1.8696,1.8571
478.08,204.93,0.5,200.0,10000.0,False,4731.842650292216,0.9686,1.8696,1.4286
478.08,204.93,0.5,350.0,17500.0,False,2787.674336345458,0.9686,1.8696,1.2069
478.08,204.93,0.5,600.0,30000.0,False,2089.002792650531,0.9686,1.8696,1.1111
478.08,204.93,1.0,5.0,500.0,True,,0.9686,1.7692,
478.08,204.93,1.0,15.0,1500.0,True,,0.9686,1.7692,
478.08,204.93,1.0,25.0,2500.0,True,,0.9686,1.7692,
478.08,204.93,1.0,35.0,3500.0,False,6801.220032756926,0.9686,1.7692,7.0
478.08,204.93,1.0,40.0,4000.0,False,4473.830014971182,0.9686,1.7692,4.0
478.08,204.93,1.0,50.0,5000.0,False,1795.0837108437559,0.9686,1.7692,2.5
478.08,204.93,1.0,65.0,6500.0,False,1059.7836851407828,0.9686,1.7692,1.8571
478.08,204.93,1.0,90.0,9000.0,False,1092.4728823614257,0.9686,1.7692,1.5
478.08,204.93,1.0,130.0,13000.0,False,950.2616952432503,0.9686,1.7692,1.3
478.08,204.93,1.0,200.0,20000.0,False,872.4775705936905,0.9686,1.7692,1.1765
478.08,204.93,1.0,350.0,35000.0,False,706.2085184143704,0.9686,1.7692,1.0938
478.08,204.93,1.0,600.0,60000.0,False,876.1471524736402,0.9686,1.7692,1.0526
478.08,204.93,2.0,5.0,1000.0,True,,0.9686,1.625,
478.08,204.93,2.0,15.0,3000.0,True,,0.9686,1.625,
478.08,204.93,2.0,25.0,5000.0,False,634.9958320505275,0.9686,1.625,2.5
478.08,204.93,2.0,35.0,7000.0,False,328.35867818507614,0.9686,1.625,1.75
478.08,204.93,2.0,40.0,8000.0,False,417.1870723727794,0.9686,1.625,1.6
478.08,204.93,2.0,50.0,10000.0,False,456.33595799425365,0.9686,1.625,1.4286
478.08,204.93,2.0,65.0,13000.0,False,313.1899612303554,0.9686,1.625,1.3
478.08,204.93,2.0,90.0,18000.0,False,267.8358732030766,0.9686,1.625,1.2
478.08,204.93,2.0,130.0,26000.0,False,259.8107384570793,0.9686,1.625,1.1304
478.08,204.93,2.0,200.0,40000.0,False,278.35621809937396,0.9686,1.625,1.0811
478.08,204.93,2.0,350.0,70000.0,False,189.20923738926317,0.9686,1.625,1.0448
478.08,204.93,2.0,600.0,120000.0,False,246.81227080709235,0.9686,1.625,1.0256
478.08,204.93,4.0,5.0,2000.0,True,,0.9686,1.4545,
478.08,204.93,4.0,15.0,6000.0,False,152.22939413678608,0.9686,1.4545,2.0
478.08,204.93,4.0,25.0,10000.0,False,152.11847573859285,0.9686,1.4545,1.4286
478.08,204.93,4.0,35.0,14000.0,False,100.06771569281261,0.9686,1.4545,1.2727
478.08,204.93,4.0,40.0,16000.0,False,127.5659484282222,0.9686,1.4545,1.2308
478.08,204.93,4.0,50.0,20000.0,False,80.4606939955644,0.9686,1.4545,1.1765
478.08,204.93,4.0,65.0,26000.0,False,99.63386971020323,0.9686,1.4545,1.1304
478.08,204.93,4.0,90.0,36000.0,False,92.36354660664027,0.9686,1.4545,1.0909
478.08,204.93,4.0,130.0,52000.0,False,75.1794032353935,0.9686,1.4545,1.0612
478.08,204.93,4.0,200.0,80000.0,False,86.1113819311003,0.9686,1.4545,1.039
478.08,204.93,4.0,350.0,140000.0,False,98.92384278579864,0.9686,1.4545,1.0219
478.08,204.93,4.0,600.0,240000.0,False,77.85288792162812,0.9686,1.4545,1.0127
478.08,204.93,8.0,5.0,4000.0,False,96.76976891277073,0.9686,1.2941,4.0
478.08,204.93,8.0,15.0,12000.0,False,41.46635293038671,0.9686,1.2941,1.3333
478.08,204.93,8.0,25.0,20000.0,False,32.040160848235374,0.9686,1.2941,1.1765
478.08,204.93,8.0,35.0,28000.0,False,33.1755189084943,0.9686,1.2941,1.12
478.08,204.93,8.0,40.0,32000.0,False,33.988987819831365,0.9686,1.2941,1.1034
478.08,204.93,8.0,50.0,40000.0,False,26.10034117828385,0.9686,1.2941,1.0811
478.08,204.93,8.0,65.0,52000.0,False,25.969151341243485,0.9686,1.2941,1.0612
478.08,204.93,8.0,90.0,72000.0,False,34.97747618953127,0.9686,1.2941,1.0435
478.08,204.93,8.0,130.0,104000.0,False,29.686644217319145,0.9686,1.2941,1.0297
478.08,204.93,8.0,200.0,160000.0,False,21.629346692764933,0.9686,1.2941,1.0191
478.08,204.93,8.0,350.0,280000.0,False,35.45744977190659,0.9686,1.2941,1.0108
478.08,204.93,8.0,600.0,480000.0,False,32.686421710124634,0.9686,1.2941,1.0063
480.38,207.23,0.5,5.0,250.0,True,,0.9732,1.8696,
480.38,207.23,0.5,15.0,750.0,True,,0.9732,1.8696,
480.38,207.23,0.5,25.0,1250.0,True,,0.9732,1.8696,
480.38,207.23,0.5,35.0,1750.0,True,,0.9732,1.8696,
480.38,207.23,0.5,40.0,2000.0,True,,0.9732,1.8696,
480.38,207.23,0.5,50.0,2500.0,True,,0.9732,1.8696,
480.38,207.23,0.5,65.0,3250.0,False,28159.994959379066,0.9732,1.8696,13.0
480.38,207.23,0.5,90.0,4500.0,False,5936.513305611698,0.9732,1.8696,3.0
480.38,207.23,0.5,130.0,6500.0,False,5075.599323662084,0.9732,1.8696,1.8571
480.38,207.23,0.5,200.0,10000.0,False,3629.561186679287,0.9732,1.8696,1.4286
480.38,207.23,0.5,350.0,17500.0,False,4159.840750206174,0.9732,1.8696,1.2069
480.38,207.23,0.5,600.0,30000.0,False,2853.148221963646,0.9732,1.8696,1.1111
480.38,207.23,1.0,5.0,500.0,True,,0.9732,1.7692,
480.38,207.23,1.0,15.0,1500.0,True,,0.9732,1.7692,
480.38,207.23,1.0,25.0,2500.0,True,,0.9732,1.7692,
480.38,207.23,1.0,35.0,3500.0,False,5055.151385256924,0.9732,1.7692,7.0
480.38,207.23,1.0,40.0,4000.0,False,2658.0621732593877,0.9732,1.7692,4.0
480.38,207.23,1.0,50.0,5000.0,False,1925.429945977967,0.9732,1.7692,2.5
480.38,207.23,1.0,65.0,6500.0,False,1389.7782026898226,0.9732,1.7692,1.8571
480.38,207.23,1.0,90.0,9000.0,False,1233.1428076929708,0.9732,1.7692,1.5
480.38,207.23,1.0,130.0,13000.0,False,819.1467789403151,0.9732,1.7692,1.3
480.38,207.23,1.0,200.0,20000.0,False,750.9246147848074,0.9732,1.7692,1.1765
480.38,207.23,1.0,350.0,35000.0,False,693.5644303127452,0.9732,1.7692,1.0938
480.38,207.23,1.0,600.0,60000.0,False,807.5548762187675,0.9732,1.7692,1.0526
480.38,207.23,2.0,5.0,1000.0,True,,0.9732,1.625,
480.38,207.23,2.0,15.0,3000.0,True,,0.9732,1.625,
480.38,207.23,2.0,25.0,5000.0,False,656.2155780048005,0.9732,1.625,2.5
480.38,207.23,2.0,35.0,7000.0,False,342.48647778747244,0.9732,1.625,1.75
480.38,207.23,2.0,40.0,8000.0,False,314.7346906804332,0.9732,1.625,1.6
480.38,207.23,2.0,50.0,10000.0,False,313.9485093709654,0.9732,1.625,1.4286
480.38,207.23,2.0,65.0,13000.0,False,262.68156037378446,0.9732,1.625,1.3
480.38,207.23,2.0,90.0,18000.0,False,290.2005009907492,0.9732,1.625,1.2
480.38,207.23,2.0,130.0,26000.0,False,169.06414355010477,0.9732,1.625,1.1304
480.38,207.23,2.0,200.0,40000.0,False,200.2162928585496,0.9732,1.625,1.0811
480.38,207.23,2.0,350.0,70000.0,False,194.78232141716248,0.9732,1.625,1.0448
480.38,207.23,2.0,600.0,120000.0,False,151.82170943983627,0.9732,1.625,1.0256
480.38,207.23,4.0,5.0,2000.0,True,,0.9732,1.4545,
480.38,207.23,4.0,15.0,6000.0,False,124.73646677116108,0.9732,1.4545,2.0
480.38,207.23,4.0,25.0,10000.0,False,89.74778600605083,0.9732,1.4545,1.4286
480.38,207.23,4.0,35.0,14000.0,False,88.99660212967571,0.9732,1.4545,1.2727
480.38,207.23,4.0,40.0,16000.0,False,104.81386686766356,0.9732,1.4545,1.2308
480.38,207.23,4.0,50.0,20000.0,False,81.72513985242722,0.9732,1.4545,1.1765
480.38,207.23,4.0,65.0,26000.0,False,69.79637651984336,0.9732,1.4545,1.1304
480.38,207.23,4.0,90.0,36000.0,False,77.95018960189984,0.9732,1.4545,1.0909
480.38,207.23,4.0,130.0,52000.0,False,89.5145601896969,0.9732,1.4545,1.0612
480.38,207.23,4.0,200.0,80000.0,False,64.67852451985738,0.9732,1.4545,1.039
480.38,207.23,4.0,350.0,140000.0,False,64.24327803244697,0.9732,1.4545,1.0219
480.38,207.23,4.0,600.0,240000.0,False,79.35749981586832,0.9732,1.4545,1.0127
480.38,207.23,8.0,5.0,4000.0,False,107.73661364407933,0.9732,1.2941,4.0
480.38,207.23,8.0,15.0,12000.0,False,40.91228228122781,0.9732,1.2941,1.3333
480.38,207.23,8.0,25.0,20000.0,False,32.69092292287227,0.9732,1.2941,1.1765
480.38,207.23,8.0,35.0,28000.0,False,34.64674475314253,0.9732,1.2941,1.12
480.38,207.23,8.0,40.0,32000.0,False,26.306180140015247,0.9732,1.2941,1.1034
480.38,207.23,8.0,50.0,40000.0,False,30.04734745495783,0.9732,1.2941,1.0811
480.38,207.23,8.0,65.0,52000.0,False,28.629723475338963,0.9732,1.2941,1.0612
480.38,207.23,8.0,90.0,72000.0,False,24.210865451238675,0.9732,1.2941,1.0435
480.38,207.23,8.0,130.0,104000.0,False,22.677522423450927,0.9732,1.2941,1.0297
480.38,207.23,8.0,200.0,160000.0,False,31.45053227104193,0.9732,1.2941,1.0191
480.38,207.23,8.0,350.0,280000.0,False,26.702435589681585,0.9732,1.2941,1.0108
480.38,207.23,8.0,600.0,480000.0,False,24.036009770126054,0.9732,1.2941,1.0063
482.69,209.54,0.5,5.0,250.0,True,,0.9777,1.8696,
482.69,209.54,0.5,15.0,750.0,True,,0.9777,1.8696,
482.69,209.54,0.5,25.0,1250.0,True,,0.9777,1.8696,
482.69,209.54,0.5,35.0,1750.0,True,,0.9777,1.8696,
482.69,209.54,0.5,40.0,2000.0,True,,0.9777,1.8696,
482.69,209.54,0.5,50.0,2500.0,True,,0.9777,1.8696,
482.69,209.54,0.5,65.0,3250.0,False,27602.426689383716,0.9777,1.8696,13.0
482.69,209.54,0.5,90.0,4500.0,False,7653.754354402491,0.9777,1.8696,3.0
482.69,209.54,0.5,130.0,6500.0,False,2841.4364230262486,0.9777,1.8696,1.8571
482.69,209.54,0.5,200.0,10000.0,False,2458.5219005305844,0.9777,1.8696,1.4286
482.69,209.54,0.5,350.0,17500.0,False,2263.6995426310564,0.9777,1.8696,1.2069
482.69,209.54,0.5,600.0,30000.0,False,2979.9857574577313,0.9777,1.8696,1.1111
482.69,209.54,1.0,5.0,500.0,True,,0.9777,1.7692,
482.69,209.54,1.0,15.0,1500.0,True,,0.9777,1.7692,
482.69,209.54,1.0,25.0,2500.0,True,,0.9777,1.7692,
482.69,209.54,1.0,35.0,3500.0,False,4445.922272982309,0.9777,1.7692,7.0
482.69,209.54,1.0,40.0,4000.0,False,2732.128794751366,0.9777,1.7692,4.0
482.69,209.54,1.0,50.0,5000.0,False,1282.6852479027332,0.9777,1.7692,2.5
482.69,209.54,1.0,65.0,6500.0,False,955.8043550070835,0.9777,1.7692,1.8571
482.69,209.54,1.0,90.0,9000.0,False,976.6043257684622,0.9777,1.7692,1.5
482.69,209.54,1.0,130.0,13000.0,False,798.3521808876816,0.9777,1.7692,1.3
482.69,209.54,1.0,200.0,20000.0,False,777.6481462827699,0.9777,1.7692,1.1765
482.69,209.54,1.0,350.0,35000.0,False,647.3621825708199,0.9777,1.7692,1.0938
482.69,209.54,1.0,600.0,60000.0,False,668.1143013963119,0.9777,1.7692,1.0526
482.69,209.54,2.0,5.0,1000.0,True,,0.9777,1.625,
482.69,209.54,2.0,15.0,3000.0,True,,0.9777,1.625,
482.69,209.54,2.0,25.0,5000.0,False,479.52595093666946,0.9777,1.625,2.5
482.69,209.54,2.0,35.0,7000.0,False,368.3635342548369,0.9777,1.625,1.75
482.69,209.54,2.0,40.0,8000.0,False,338.2699653093426,0.9777,1.625,1.6
482.69,209.54,2.0,50.0,10000.0,False,209.86900783079415,0.9777,1.625,1.4286
482.69,209.54,2.0,65.0,13000.0,False,173.82749514674046,0.9777,1.625,1.3
482.69,209.54,2.0,90.0,18000.0,False,261.2225655505184,0.9777,1.625,1.2
482.69,209.54,2.0,130.0,26000.0,False,253.040740436756,0.9777,1.625,1.1304
482.69,209.54,2.0,200.0,40000.0,False,173.756954165673,0.9777,1.625,1.0811
482.69,209.54,2.0,350.0,70000.0,False,148.05987174129567,0.9777,1.625,1.0448
482.69,209.54,2.0,600.0,120000.0,False,194.99276400561322,0.9777,1.625,1.0256
482.69,209.54,4.0,5.0,2000.0,True,,0.9777,1.4545,
482.69,209.54,4.0,15.0,6000.0,False,148.07541482151217,0.9777,1.4545,2.0
482.69,209.54,4.0,25.0,10000.0,False,120.45339460803584,0.9777,1.4545,1.4286
482.69,209.54,4.0,35.0,14000.0,False,88.5489478089509,0.9777,1.4545,1.2727
482.69,209.54,4.0,40.0,16000.0,False,74.95070639334618,0.9777,1.4545,1.2308
482.69,209.54,4.0,50.0,20000.0,False,66.25415138611434,0.9777,1.4545,1.1765
482.69,209.54,4.0,65.0,26000.0,False,72.91313527758038,0.9777,1.4545,1.1304
482.69,209.54,4.0,90.0,36000.0,False,67.1595049166055,0.9777,1.4545,1.0909
482.69,209.54,4.0,130.0,52000.0,False,58.680766976770315,0.9777,1.4545,1.0612
482.69,209.54,4.0,200.0,80000.0,False,90.96577615088643,0.9777,1.4545,1.039
482.69,209.54,4.0,350.0,140000.0,False,86.00328955547184,0.9777,1.4545,1.0219
482.69,209.54,4.0,600.0,240000.0,False,77.31862522203204,0.9777,1.4545,1.0127
482.69,209.54,8.0,5.0,4000.0,False,86.67272993263654,0.9777,1.2941,4.0
482.69,209.54,8.0,15.0,12000.0,False,37.70932722336425,0.9777,1.2941,1.3333
482.69,209.54,8.0,25.0,20000.0,False,32.21510333122151,0.9777,1.2941,1.1765
482.69,209.54,8.0,35.0,28000.0,False,29.775414259753052,0.9777,1.2941,1.12
482.69,209.54,8.0,40.0,32000.0,False,33.110894330514896,0.9777,1.2941,1.1034
482.69,209.54,8.0,50.0,40000.0,False,29.584178612965335,0.9777,1.2941,1.0811
482.69,209.54,8.0,65.0,52000.0,False,29.500229858512427,0.9777,1.2941,1.0612
482.69,209.54,8.0,90.0,72000.0,False,28.56173989010178,0.9777,1.2941,1.0435
482.69,209.54,8.0,130.0,104000.0,False,26.960196988523194,0.9777,1.2941,1.0297
482.69,209.54,8.0,200.0,160000.0,False,19.40166407866386,0.9777,1.2941,1.0191
482.69,209.54,8.0,350.0,280000.0,False,25.464561941338218,0.9777,1.2941,1.0108
482.69,209.54,8.0,600.0,480000.0,False,23.03035937597229,0.9777,1.2941,1.0063
483.26,210.11,0.5,5.0,250.0,True,,0.9788,1.8696,
483.26,210.11,0.5,15.0,750.0,True,,0.9788,1.8696,
483.26,210.11,0.5,25.0,1250.0,True,,0.9788,1.8696,
483.26,210.11,0.5,35.0,1750.0,True,,0.9788,1.8696,
483.26,210.11,0.5,40.0,2000.0,True,,0.9788,1.8696,
483.26,210.11,0.5,50.0,2500.0,True,,0.9788,1.8696,
483.26,210.11,0.5,65.0,3250.0,False,22478.80740856935,0.9788,1.8696,13.0
483.26,210.11,0.5,90.0,4500.0,False,8088.833579514818,0.9788,1.8696,3.0
483.26,210.11,0.5,130.0,6500.0,False,5042.93507192892,0.9788,1.8696,1.8571
483.26,210.11,0.5,200.0,10000.0,False,3669.8757010365402,0.9788,1.8696,1.4286
483.26,210.11,0.5,350.0,17500.0,False,2627.240360243921,0.9788,1.8696,1.2069
483.26,210.11,0.5,600.0,30000.0,False,2850.669965826515,0.9788,1.8696,1.1111
483.26,210.11,1.0,5.0,500.0,True,,0.9788,1.7692,
483.26,210.11,1.0,15.0,1500.0,True,,0.9788,1.7692,
483.26,210.11,1.0,25.0,2500.0,True,,0.9788,1.7692,
483.26,210.11,1.0,35.0,3500.0,False,4152.148228368689,0.9788,1.7692,7.0
483.26,210.11,1.0,40.0,4000.0,False,2441.5221388652344,0.9788,1.7692,4.0
483.26,210.11,1.0,50.0,5000.0,False,1256.3086092417507,0.9788,1.7692,2.5
483.26,210.11,1.0,65.0,6500.0,False,1167.0691705267654,0.9788,1.7692,1.8571
483.26,210.11,1.0,90.0,9000.0,False,896.2200693303416,0.9788,1.7692,1.5
483.26,210.11,1.0,130.0,13000.0,False,633.1006697753851,0.9788,1.7692,1.3
483.26,210.11,1.0,200.0,20000.0,False,691.2505588245505,0.9788,1.7692,1.1765
483.26,210.11,1.0,350.0,35000.0,False,639.9024370655802,0.9788,1.7692,1.0938
483.26,210.11,1.0,600.0,60000.0,False,816.1437208282412,0.9788,1.7692,1.0526
483.26,210.11,2.0,5.0,1000.0,True,,0.9788,1.625,
483.26,210.11,2.0,15.0,3000.0,True,,0.9788,1.625,
483.26,210.11,2.0,25.0,5000.0,False,520.833666877252,0.9788,1.625,2.5
483.26,210.11,2.0,35.0,7000.0,False,319.3669023612136,0.9788,1.625,1.75
483.26,210.11,2.0,40.0,8000.0,False,302.5751655952973,0.9788,1.625,1.6
483.26,210.11,2.0,50.0,10000.0,False,261.9922184767898,0.9788,1.625,1.4286
483.26,210.11,2.0,65.0,13000.0,False,229.73699828876002,0.9788,1.625,1.3
483.26,210.11,2.0,90.0,18000.0,False,185.8547545940616,0.9788,1.625,1.2
483.26,210.11,2.0,130.0,26000.0,False,201.3314475293358,0.9788,1.625,1.1304
483.26,210.11,2.0,200.0,40000.0,False,176.10049126070467,0.9788,1.625,1.0811
483.26,210.11,2.0,350.0,70000.0,False,157.78972528275924,0.9788,1.625,1.0448
483.26,210.11,2.0,600.0,120000.0,False,201.74591969023462,0.9788,1.625,1.0256
483.26,210.11,4.0,5.0,2000.0,True,,0.9788,1.4545,
483.26,210.11,4.0,15.0,6000.0,False,132.82125165262087,0.9788,1.4545,2.0
483.26,210.11,4.0,25.0,10000.0,False,68.43170149636717,0.9788,1.4545,1.4286
483.26,210.11,4.0,35.0,14000.0,False,78.25140099791243,0.9788,1.4545,1.2727
483.26,210.11,4.0,40.0,16000.0,False,89.49313736521198,0.9788,1.4545,1.2308
483.26,210.11,4.0,50.0,20000.0,False,86.36390847256938,0.9788,1.4545,1.1765
483.26,210.11,4.0,65.0,26000.0,False,82.56990110512999,0.9788,1.4545,1.1304
483.26,210.11,4.0,90.0,36000.0,False,68.71831311945193,0.9788,1.4545,1.0909
483.26,210.11,4.0,130.0,52000.0,False,58.54724256051085,0.9788,1.4545,1.0612
483.26,210.11,4.0,200.0,80000.0,False,55.30336523912838,0.9788,1.4545,1.039
483.26,210.11,4.0,350.0,140000.0,False,67.39154767829285,0.9788,1.4545,1.0219
483.26,210.11,4.0,600.0,240000.0,False,67.13047807504717,0.9788,1.4545,1.0127
483.26,210.11,8.0,5.0,4000.0,False,117.39978900875137,0.9788,1.2941,4.0
483.26,210.11,8.0,15.0,12000.0,False,38.04882115420402,0.9788,1.2941,1.3333
483.26,210.11,8.0,25.0,20000.0,False,27.90694864934161,0.9788,1.2941,1.1765
483.26,210.11,8.0,35.0,28000.0,False,22.485909887137623,0.9788,1.2941,1.12
483.26,210.11,8.0,40.0,32000.0,False,25.451257836178293,0.9788,1.2941,1.1034
483.26,210.11,8.0,50.0,40000.0,False,27.024322748420058,0.9788,1.2941,1.0811
483.26,210.11,8.0,65.0,52000.0,False,24.910814239509982,0.9788,1.2941,1.0612
483.26,210.11,8.0,90.0,72000.0,False,23.151662229833132,0.9788,1.2941,1.0435
483.26,210.11,8.0,130.0,104000.0,False,25.878025877594617,0.9788,1.2941,1.0297
483.26,210.11,8.0,200.0,160000.0,False,22.863126836361452,0.9788,1.2941,1.0191
483.26,210.11,8.0,350.0,280000.0,False,22.259152375543977,0.9788,1.2941,1.0108
483.26,210.11,8.0,600.0,480000.0,False,25.51275748250996,0.9788,1.2941,1.0063
485.0,211.85,0.5,5.0,250.0,True,,0.9822,1.8696,
485.0,211.85,0.5,15.0,750.0,True,,0.9822,1.8696,
485.0,211.85,0.5,25.0,1250.0,True,,0.9822,1.8696,
485.0,211.85,0.5,35.0,1750.0,True,,0.9822,1.8696,
485.0,211.85,0.5,40.0,2000.0,True,,0.9822,1.8696,
485.0,211.85,0.5,50.0,2500.0,True,,0.9822,1.8696,
485.0,211.85,0.5,65.0,3250.0,False,23568.976555244582,0.9822,1.8696,13.0
485.0,211.85,0.5,90.0,4500.0,False,5992.500501881398,0.9822,1.8696,3.0
485.0,211.85,0.5,130.0,6500.0,False,3725.8709474473767,0.9822,1.8696,1.8571
485.0,211.85,0.5,200.0,10000.0,False,2318.7805392156984,0.9822,1.8696,1.4286
485.0,211.85,0.5,350.0,17500.0,False,2162.2446825619186,0.9822,1.8696,1.2069
485.0,211.85,0.5,600.0,30000.0,False,2654.636889901122,0.9822,1.8696,1.1111
485.0,211.85,1.0,5.0,500.0,True,,0.9822,1.7692,
485.0,211.85,1.0,15.0,1500.0,True,,0.9822,1.7692,
485.0,211.85,1.0,25.0,2500.0,True,,0.9822,1.7692,
485.0,211.85,1.0,35.0,3500.0,False,3200.115833696606,0.9822,1.7692,7.0
485.0,211.85,1.0,40.0,4000.0,False,1584.6839373138093,0.9822,1.7692,4.0
485.0,211.85,1.0,50.0,5000.0,False,1029.0157305167409,0.9822,1.7692,2.5
485.0,211.85,1.0,65.0,6500.0,False,1015.1074667173665,0.9822,1.7692,1.8571
485.0,211.85,1.0,90.0,9000.0,False,820.1167956464584,0.9822,1.7692,1.5
485.0,211.85,1.0,130.0,13000.0,False,695.1076322850738,0.9822,1.7692,1.3
485.0,211.85,1.0,200.0,20000.0,False,768.1549478836967,0.9822,1.7692,1.1765
485.0,211.85,1.0,350.0,35000.0,False,398.6289593272882,0.9822,1.7692,1.0938
485.0,211.85,1.0,600.0,60000.0,False,607.9103616314667,0.9822,1.7692,1.0526
485.0,211.85,2.0,5.0,1000.0,True,,0.9822,1.625,
485.0,211.85,2.0,15.0,3000.0,True,,0.9822,1.625,
485.0,211.85,2.0,25.0,5000.0,False,529.1095661672094,0.9822,1.625,2.5
485.0,211.85,2.0,35.0,7000.0,False,247.432481031467,0.9822,1.625,1.75
485.0,211.85,2.0,40.0,8000.0,False,253.08406851505273,0.9822,1.625,1.6
485.0,211.85,2.0,50.0,10000.0,False,213.66945626942942,0.9822,1.625,1.4286
485.0,211.85,2.0,65.0,13000.0,False,190.35703211638062,0.9822,1.625,1.3
485.0,211.85,2.0,90.0,18000.0,False,191.3437069549951,0.9822,1.625,1.2
485.0,211.85,2.0,130.0,26000.0,False,234.49029059595773,0.9822,1.625,1.1304
485.0,211.85,2.0,200.0,40000.0,False,238.4735995448001,0.9822,1.625,1.0811
485.0,211.85,2.0,350.0,70000.0,False,166.35113186820513,0.9822,1.625,1.0448
485.0,211.85,2.0,600.0,120000.0,False,228.55249189246675,0.9822,1.625,1.0256
485.0,211.85,4.0,5.0,2000.0,True,,0.9822,1.4545,
485.0,211.85,4.0,15.0,6000.0,False,115.73835576718498,0.9822,1.4545,2.0
485.0,211.85,4.0,25.0,10000.0,False,106.97306091552336,0.9822,1.4545,1.4286
485.0,211.85,4.0,35.0,14000.0,False,72.24157397755938,0.9822,1.4545,1.2727
485.0,211.85,4.0,40.0,16000.0,False,72.25102229902177,0.9822,1.4545,1.2308
485.0,211.85,4.0,50.0,20000.0,False,71.5351214415391,0.9822,1.4545,1.1765
485.0,211.85,4.0,65.0,26000.0,False,104.82358682337866,0.9822,1.4545,1.1304
485.0,211.85,4.0,90.0,36000.0,False,71.34681122343999,0.9822,1.4545,1.0909
485.0,211.85,4.0,130.0,52000.0,False,54.936731056587234,0.9822,1.4545,1.0612
485.0,211.85,4.0,200.0,80000.0,False,69.1597697128808,0.9822,1.4545,1.039
485.0,211.85,4.0,350.0,140000.0,False,55.714200127450326,0.9822,1.4545,1.0219
485.0,211.85,4.0,600.0,240000.0,False,54.161194990885285,0.9822,1.4545,1.0127
485.0,211.85,8.0,5.0,4000.0,False,101.94737134447593,0.9822,1.2941,4.0
485.0,211.85,8.0,15.0,12000.0,False,29.791319479110342,0.9822,1.2941,1.3333
485.0,211.85,8.0,25.0,20000.0,False,27.28064467526306,0.9822,1.2941,1.1765
485.0,211.85,8.0,35.0,28000.0,False,24.960600866772022,0.9822,1.2941,1.12
485.0,211.85,8.0,40.0,32000.0,False,25.8109724329414,0.9822,1.2941,1.1034
485.0,211.85,8.0,50.0,40000.0,False,25.625259747571445,0.9822,1.2941,1.0811
485.0,211.85,8.0,65.0,52000.0,False,17.650260251139393,0.9822,1.2941,1.0612
485.0,211.85,8.0,90.0,72000.0,False,25.64677063504905,0.9822,1.2941,1.0435
485.0,211.85,8.0,130.0,104000.0,False,19.763555634277463,0.9822,1.2941,1.0297
485.0,211.85,8.0,200.0,160000.0,False,18.255297052462254,0.9822,1.2941,1.0191
485.0,211.85,8.0,350.0,280000.0,False,22.28430364512731,0.9822,1.2941,1.0108
485.0,211.85,8.0,600.0,480000.0,False,22.663119493399012,0.9822,1.2941,1.0063
487.31,214.16,0.5,5.0,250.0,True,,0.9867,1.8696,
487.31,214.16,0.5,15.0,750.0,True,,0.9867,1.8696,
487.31,214.16,0.5,25.0,1250.0,True,,0.9867,1.8696,
487.31,214.16,0.5,35.0,1750.0,True,,0.9867,1.8696,
487.31,214.16,0.5,40.0,2000.0,True,,0.9867,1.8696,
487.31,214.16,0.5,50.0,2500.0,True,,0.9867,1.8696,
487.31,214.16,0.5,65.0,3250.0,False,20179.22775385576,0.9867,1.8696,13.0
487.31,214.16,0.5,90.0,4500.0,False,5853.251863114518,0.9867,1.8696,3.0
487.31,214.16,0.5,130.0,6500.0,False,2615.4685177911565,0.9867,1.8696,1.8571
487.31,214.16,0.5,200.0,10000.0,False,2314.893530056401,0.9867,1.8696,1.4286
487.31,214.16,0.5,350.0,17500.0,False,1904.1799144423278,0.9867,1.8696,1.2069
487.31,214.16,0.5,600.0,30000.0,False,1900.4728785022917,0.9867,1.8696,1.1111
487.31,214.16,1.0,5.0,500.0,True,,0.9867,1.7692,
487.31,214.16,1.0,15.0,1500.0,True,,0.9867,1.7692,
487.31,214.16,1.0,25.0,2500.0,True,,0.9867,1.7692,
487.31,214.16,1.0,35.0,3500.0,False,3552.949367294451,0.9867,1.7692,7.0
487.31,214.16,1.0,40.0,4000.0,False,1673.8873789148154,0.9867,1.7692,4.0
487.31,214.16,1.0,50.0,5000.0,False,1356.58621492023,0.9867,1.7692,2.5
487.31,214.16,1.0,65.0,6500.0,False,912.586720524653,0.9867,1.7692,1.8571
487.31,214.16,1.0,90.0,9000.0,False,549.7517010129537,0.9867,1.7692,1.5
487.31,214.16,1.0,130.0,13000.0,False,471.7122226570955,0.9867,1.7692,1.3
487.31,214.16,1.0,200.0,20000.0,False,571.6143719072616,0.9867,1.7692,1.1765
487.31,214.16,1.0,350.0,35000.0,False,515.0482648859999,0.9867,1.7692,1.0938
487.31,214.16,1.0,600.0,60000.0,False,504.5030224855342,0.9867,1.7692,1.0526
487.31,214.16,2.0,5.0,1000.0,True,,0.9867,1.625,
487.31,214.16,2.0,15.0,3000.0,True,,0.9867,1.625,
487.31,214.16,2.0,25.0,5000.0,False,372.87077821906144,0.9867,1.625,2.5
487.31,214.16,2.0,35.0,7000.0,False,271.1272644045788,0.9867,1.625,1.75
487.31,214.16,2.0,40.0,8000.0,False,276.2454073889257,0.9867,1.625,1.6
487.31,214.16,2.0,50.0,10000.0,False,181.117821306243,0.9867,1.625,1.4286
487.31,214.16,2.0,65.0,13000.0,False,163.31928404185481,0.9867,1.625,1.3
487.31,214.16,2.0,90.0,18000.0,False,152.5452899514975,0.9867,1.625,1.2
487.31,214.16,2.0,130.0,26000.0,False,176.81047201472074,0.9867,1.625,1.1304
487.31,214.16,2.0,200.0,40000.0,False,195.16438538294872,0.9867,1.625,1.0811
487.31,214.16,2.0,350.0,70000.0,False,146.67808156336076,0.9867,1.625,1.0448
487.31,214.16,2.0,600.0,120000.0,False,105.55175364341267,0.9867,1.625,1.0256
487.31,214.16,4.0,5.0,2000.0,True,,0.9867,1.4545,
487.31,214.16,4.0,15.0,6000.0,False,79.74596767369765,0.9867,1.4545,2.0
487.31,214.16,4.0,25.0,10000.0,False,64.9110169923319,0.9867,1.4545,1.4286
487.31,214.16,4.0,35.0,14000.0,False,60.267961903797286,0.9867,1.4545,1.2727
487.31,214.16,4.0,40.0,16000.0,False,59.6013960719516,0.9867,1.4545,1.2308
487.31,214.16,4.0,50.0,20000.0,False,60.922588975353264,0.9867,1.4545,1.1765
487.31,214.16,4.0,65.0,26000.0,False,55.54193381001595,0.9867,1.4545,1.1304
487.31,214.16,4.0,90.0,36000.0,False,65.74017601698401,0.9867,1.4545,1.0909
487.31,214.16,4.0,130.0,52000.0,False,49.36880523482351,0.9867,1.4545,1.0612
487.31,214.16,4.0,200.0,80000.0,False,47.00112069648432,0.9867,1.4545,1.039
487.31,214.16,4.0,350.0,140000.0,False,56.531090135314436,0.9867,1.4545,1.0219
487.31,214.16,4.0,600.0,240000.0,False,41.41033133488649,0.9867,1.4545,1.0127
487.31,214.16,8.0,5.0,4000.0,False,84.35800900755518,0.9867,1.2941,4.0
487.31,214.16,8.0,15.0,12000.0,False,26.9339261539088,0.9867,1.2941,1.3333
487.31,214.16,8.0,25.0,20000.0,False,22.890550724379526,0.9867,1.2941,1.1765
487.31,214.16,8.0,35.0,28000.0,False,28.272560443473864,0.9867,1.2941,1.12
487.31,214.16,8.0,40.0,32000.0,False,19.993967304737755,0.9867,1.2941,1.1034
487.31,214.16,8.0,50.0,40000.0,False,29.292394364377994,0.9867,1.2941,1.0811
487.31,214.16,8.0,65.0,52000.0,False,20.408068561158395,0.9867,1.2941,1.0612
487.31,214.16,8.0,90.0,72000.0,False,17.138523825786777,0.9867,1.2941,1.0435
487.31,214.16,8.0,130.0,104000.0,False,20.698887538386987,0.9867,1.2941,1.0297
487.31,214.16,8.0,200.0,160000.0,False,17.25001248264364,0.9867,1.2941,1.0191
487.31,214.16,8.0,350.0,280000.0,False,17.963292265670646,0.9867,1.2941,1.0108
487.31,214.16,8.0,600.0,480000.0,False,21.245524157158638,0.9867,1.2941,1.0063
489.62,216.47,0.5,5.0,250.0,True,,0.9912,1.8696,
489.62,216.47,0.5,15.0,750.0,True,,0.9912,1.8696,
489.62,216.47,0.5,25.0,1250.0,True,,0.9912,1.8696,
489.62,216.47,0.5,35.0,1750.0,True,,0.9912,1.8696,
489.62,216.47,0.5,40.0,2000.0,True,,0.9912,1.8696,
489.62,216.47,0.5,50.0,2500.0,True,,0.9912,1.8696,
489.62,216.47,0.5,65.0,3250.0,False,21780.47602425767,0.9912,1.8696,13.0
489.62,216.47,0.5,90.0,4500.0,False,4212.3236704833425,0.9912,1.8696,3.0
489.62,216.47,0.5,130.0,6500.0,False,3319.709511939592,0.9912,1.8696,1.8571
489.62,216.47,0.5,200.0,10000.0,False,2619.6177499813994,0.9912,1.8696,1.4286
489.62,216.47,0.5,350.0,17500.0,False,2307.6387082846027,0.9912,1.8696,1.2069
489.62,216.47,0.5,600.0,30000.0,False,1854.2862094533045,0.9912,1.8696,1.1111
489.62,216.47,1.0,5.0,500.0,True,,0.9912,1.7692,
489.62,216.47,1.0,15.0,1500.0,True,,0.9912,1.7692,
489.62,216.47,1.0,25.0,2500.0,True,,0.9912,1.7692,
489.62,216.47,1.0,35.0,3500.0,False,3741.3994254758436,0.9912,1.7692,7.0
489.62,216.47,1.0,40.0,4000.0,False,1314.1760094296842,0.9912,1.7692,4.0
489.62,216.47,1.0,50.0,5000.0,False,1038.3573705240747,0.9912,1.7692,2.5
489.62,216.47,1.0,65.0,6500.0,False,710.3650284142435,0.9912,1.7692,1.8571
489.62,216.47,1.0,90.0,9000.0,False,665.2344465752828,0.9912,1.7692,1.5
489.62,216.47,1.0,130.0,13000.0,False,519.796518322965,0.9912,1.7692,1.3
489.62,216.47,1.0,200.0,20000.0,False,499.8888609892828,0.9912,1.7692,1.1765
489.62,216.47,1.0,350.0,35000.0,False,631.898596822684,0.9912,1.7692,1.0938
489.62,216.47,1.0,600.0,60000.0,False,447.0300719526299,0.9912,1.7692,1.0526
489.62,216.47,2.0,5.0,1000.0,True,,0.9912,1.625,
489.62,216.47,2.0,15.0,3000.0,True,,0.9912,1.625,
489.62,216.47,2.0,25.0,5000.0,False,356.5573603821,0.9912,1.625,2.5
489.62,216.47,2.0,35.0,7000.0,False,226.53759978077306,0.9912,1.625,1.75
489.62,216.47,2.0,40.0,8000.0,False,216.91296032547464,0.9912,1.625,1.6
489.62,216.47,2.0,50.0,10000.0,False,191.6580878627399,0.9912,1.625,1.4286
489.62,216.47,2.0,65.0,13000.0,False,186.3726978030419,0.9912,1.625,1.3
489.62,216.47,2.0,90.0,18000.0,False,191.56999160835232,0.9912,1.625,1.2
489.62,216.47,2.0,130.0,26000.0,False,193.99782892242902,0.9912,1.625,1.1304
489.62,216.47,2.0,200.0,40000.0,False,151.79639250689993,0.9912,1.625,1.0811
489.62,216.47,2.0,350.0,70000.0,False,152.98963923942165,0.9912,1.625,1.0448
489.62,216.47,2.0,600.0,120000.0,False,115.67952795048916,0.9912,1.625,1.0256
489.62,216.47,4.0,5.0,2000.0,True,,0.9912,1.4545,
489.62,216.47,4.0,15.0,6000.0,False,90.9455144910364,0.9912,1.4545,2.0
489.62,216.47,4.0,25.0,10000.0,False,75.79355630123409,0.9912,1.4545,1.4286
489.62,216.47,4.0,35.0,14000.0,False,66.77656988057129,0.9912,1.4545,1.2727
489.62,216.47,4.0,40.0,16000.0,False,58.53797803866177,0.9912,1.4545,1.2308
489.62,216.47,4.0,50.0,20000.0,False,61.915647814518934,0.9912,1.4545,1.1765
489.62,216.47,4.0,65.0,26000.0,False,56.06502874305165,0.9912,1.4545,1.1304
489.62,216.47,4.0,90.0,36000.0,False,60.18073183366956,0.9912,1.4545,1.0909
489.62,216.47,4.0,130.0,52000.0,False,51.066168336104155,0.9912,1.4545,1.0612
489.62,216.47,4.0,200.0,80000.0,False,45.38407994876516,0.9912,1.4545,1.039
489.62,216.47,4.0,350.0,140000.0,False,49.51781983540078,0.9912,1.4545,1.0219
489.62,216.47,4.0,600.0,240000.0,False,30.062680198411307,0.9912,1.4545,1.0127
489.62,216.47,8.0,5.0,4000.0,False,75.41799053858375,0.9912,1.2941,4.0
489.62,216.47,8.0,15.0,12000.0,False,13.73213593864444,0.9912,1.2941,1.3333
489.62,216.47,8.0,25.0,20000.0,False,16.172593408326787,0.9912,1.2941,1.1765
489.62,216.47,8.0,35.0,28000.0,False,21.336358764686004,0.9912,1.2941,1.12
489.62,216.47,8.0,40.0,32000.0,False,21.102427888881955,0.9912,1.2941,1.1034
489.62,216.47,8.0,50.0,40000.0,False,16.166090197156056,0.9912,1.2941,1.0811
489.62,216.47,8.0,65.0,52000.0,False,16.978141803499437,0.9912,1.2941,1.0612
489.62,216.47,8.0,90.0,72000.0,False,22.815939418170327,0.9912,1.2941,1.0435
489.62,216.47,8.0,130.0,104000.0,False,17.0471747953518,0.9912,1.2941,1.0297
489.62,216.47,8.0,200.0,160000.0,False,25.398361981532318,0.9912,1.2941,1.0191
489.62,216.47,8.0,350.0,280000.0,False,17.98976068648635,0.9912,1.2941,1.0108
489.62,216.47,8.0,600.0,480000.0,False,19.044791761169527,0.9912,1.2941,1.0063
491.92,218.77,0.5,5.0,250.0,True,,0.9957,1.8696,
491.92,218.77,0.5,15.0,750.0,True,,0.9957,1.8696,
491.92,218.77,0.5,25.0,1250.0,True,,0.9957,1.8696,
491.92,218.77,0.5,35.0,1750.0,True,,0.9957,1.8696,
491.92,218.77,0.5,40.0,2000.0,True,,0.9957,1.8696,
491.92,218.77,0.5,50.0,2500.0,True,,0.9957,1.8696,
491.92,218.77,0.5,65.0,3250.0,False,22868.27174128225,0.9957,1.8696,13.0
491.92,218.77,0.5,90.0,4500.0,False,4222.959878636375,0.9957,1.8696,3.0
491.92,218.77,0.5,130.0,6500.0,False,2205.5072558228585,0.9957,1.8696,1.8571
491.92,218.77,0.5,200.0,10000.0,False,1939.607717813667,0.9957,1.8696,1.4286
491.92,218.77,0.5,350.0,17500.0,False,1656.953276177491,0.9957,1.8696,1.2069
491.92,218.77,0.5,600.0,30000.0,False,1249.7195760157895,0.9957,1.8696,1.1111
491.92,218.77,1.0,5.0,500.0,True,,0.9957,1.7692,
491.92,218.77,1.0,15.0,1500.0,True,,0.9957,1.7692,
491.92,218.77,1.0,25.0,2500.0,True,,0.9957,1.7692,
491.92,218.77,1.0,35.0,3500.0,False,2627.7112455370393,0.9957,1.7692,7.0
491.92,218.77,1.0,40.0,4000.0,False,1395.9056653939158,0.9957,1.7692,4.0
491.92,218.77,1.0,50.0,5000.0,False,1120.2168420676358,0.9957,1.7692,2.5
491.92,218.77,1.0,65.0,6500.0,False,728.1915623071594,0.9957,1.7692,1.8571
491.92,218.77,1.0,90.0,9000.0,False,560.8081704117384,0.9957,1.7692,1.5
491.92,218.77,1.0,130.0,13000.0,False,499.08186178014523,0.9957,1.7692,1.3
491.92,218.77,1.0,200.0,20000.0,False,474.5278887479059,0.9957,1.7692,1.1765
491.92,218.77,1.0,350.0,35000.0,False,467.9996030479674,0.9957,1.7692,1.0938
491.92,218.77,1.0,600.0,60000.0,False,353.4244063949639,0.9957,1.7692,1.0526
491.92,218.77,2.0,5.0,1000.0,True,,0.9957,1.625,
491.92,218.77,2.0,15.0,3000.0,True,,0.9957,1.625,
491.92,218.77,2.0,25.0,5000.0,False,256.6544813326639,0.9957,1.625,2.5
491.92,218.77,2.0,35.0,7000.0,False,247.89266076861045,0.9957,1.625,1.75
491.92,218.77,2.0,40.0,8000.0,False,180.5181381625352,0.9957,1.625,1.6
491.92,218.77,2.0,50.0,10000.0,False,138.63253407465902,0.9957,1.625,1.4286
491.92,218.77,2.0,65.0,13000.0,False,166.769785865098,0.9957,1.625,1.3
491.92,218.77,2.0,90.0,18000.0,False,154.3936006930534,0.9957,1.625,1.2
491.92,218.77,2.0,130.0,26000.0,False,107.84264740573703,0.9957,1.625,1.1304
491.92,218.77,2.0,200.0,40000.0,False,134.2981007434265,0.9957,1.625,1.0811
491.92,218.77,2.0,350.0,70000.0,False,140.02461789625966,0.9957,1.625,1.0448
491.92,218.77,2.0,600.0,120000.0,False,130.21070401403622,0.9957,1.625,1.0256
491.92,218.77,4.0,5.0,2000.0,True,,0.9957,1.4545,
491.92,218.77,4.0,15.0,6000.0,False,90.72037157969669,0.9957,1.4545,2.0
491.92,218.77,4.0,25.0,10000.0,False,47.744893173832274,0.9957,1.4545,1.4286
491.92,218.77,4.0,35.0,14000.0,False,55.183037412629794,0.9957,1.4545,1.2727
491.92,218.77,4.0,40.0,16000.0,False,48.52523314113679,0.9957,1.4545,1.2308
491.92,218.77,4.0,50.0,20000.0,False,45.147636846241305,0.9957,1.4545,1.1765
491.92,218.77,4.0,65.0,26000.0,False,53.14495585048841,0.9957,1.4545,1.1304
491.92,218.77,4.0,90.0,36000.0,False,56.19007199121827,0.9957,1.4545,1.0909
491.92,218.77,4.0,130.0,52000.0,False,57.30663788369776,0.9957,1.4545,1.0612
491.92,218.77,4.0,200.0,80000.0,False,52.210306936529975,0.9957,1.4545,1.039
491.92,218.77,4.0,350.0,140000.0,False,41.47284610170704,0.9957,1.4545,1.0219
491.92,218.77,4.0,600.0,240000.0,False,44.04995537832628,0.9957,1.4545,1.0127
491.92,218.77,8.0,5.0,4000.0,False,71.53444162502164,0.9957,1.2941,4.0
491.92,218.77,8.0,15.0,12000.0,False,21.64382096042956,0.9957,1.2941,1.3333
491.92,218.77,8.0,25.0,20000.0,False,19.124969798835345,0.9957,1.2941,1.1765
491.92,218.77,8.0,35.0,28000.0,False,20.201419979864653,0.9957,1.2941,1.12
491.92,218.77,8.0,40.0,32000.0,False,17.433766319733646,0.9957,1.2941,1.1034
491.92,218.77,8.0,50.0,40000.0,False,15.447230689731184,0.9957,1.2941,1.0811
491.92,218.77,8.0,65.0,52000.0,False,15.896734383978103,0.9957,1.2941,1.0612
491.92,218.77,8.0,90.0,72000.0,False,18.292797697929387,0.9957,1.2941,1.0435
491.92,218.77,8.0,130.0,104000.0,False,16.421322106844258,0.9957,1.2941,1.0297
491.92,218.77,8.0,200.0,160000.0,False,17.095593654790427,0.9957,1.2941,1.0191
491.92,218.77,8.0,350.0,280000.0,False,17.816860466557447,0.9957,1.2941,1.0108
491.92,218.77,8.0,600.0,480000.0,False,15.163703376953029,0.9957,1.2941,1.0063
494.23,221.08,0.5,5.0,250.0,True,,1.0001,1.8696,
494.23,221.08,0.5,15.0,750.0,True,,1.0001,1.8696,
494.23,221.08,0.5,25.0,1250.0,True,,1.0001,1.8696,
494.23,221.08,0.5,35.0,1750.0,True,,1.0001,1.8696,
494.23,221.08,0.5,40.0,2000.0,True,,1.0001,1.8696,
494.23,221.08,0.5,50.0,2500.0,True,,1.0001,1.8696,
494.23,221.08,0.5,65.0,3250.0,False,18006.68905559851,1.0001,1.8696,13.0
494.23,221.08,0.5,90.0,4500.0,False,3926.684378683295,1.0001,1.8696,3.0
494.23,221.08,0.5,130.0,6500.0,False,1908.2259079838086,1.0001,1.8696,1.8571
494.23,221.08,0.5,200.0,10000.0,False,2193.2344754614637,1.0001,1.8696,1.4286
494.23,221.08,0.5,350.0,17500.0,False,1384.4420977783968,1.0001,1.8696,1.2069
494.23,221.08,0.5,600.0,30000.0,False,1071.921610282795,1.0001,1.8696,1.1111
494.23,221.08,1.0,5.0,500.0,True,,1.0001,1.7692,
494.23,221.08,1.0,15.0,1500.0,True,,1.0001,1.7692,
494.23,221.08,1.0,25.0,2500.0,True,,1.0001,1.7692,
494.23,221.08,1.0,35.0,3500.0,False,2091.3677434699093,1.0001,1.7692,7.0
494.23,221.08,1.0,40.0,4000.0,False,1199.3770164741525,1.0001,1.7692,4.0
494.23,221.08,1.0,50.0,5000.0,False,880.541175563864,1.0001,1.7692,2.5
494.23,221.08,1.0,65.0,6500.0,False,622.8972600728546,1.0001,1.7692,1.8571
494.23,221.08,1.0,90.0,9000.0,False,498.37872201483066,1.0001,1.7692,1.5
494.23,221.08,1.0,130.0,13000.0,False,498.56776615988525,1.0001,1.7692,1.3
494.23,221.08,1.0,200.0,20000.0,False,432.6461527363101,1.0001,1.7692,1.1765
494.23,221.08,1.0,350.0,35000.0,False,400.7906817202952,1.0001,1.7692,1.0938
494.23,221.08,1.0,600.0,60000.0,False,391.187710973395,1.0001,1.7692,1.0526
494.23,221.08,2.0,5.0,1000.0,True,,1.0001,1.625,
494.23,221.08,2.0,15.0,3000.0,True,,1.0001,1.625,
494.23,221.08,2.0,25.0,5000.0,False,294.8526962090437,1.0001,1.625,2.5
494.23,221.08,2.0,35.0,7000.0,False,137.16543490062662,1.0001,1.625,1.75
494.23,221.08,2.0,40.0,8000.0,False,162.89451695477976,1.0001,1.625,1.6
494.23,221.08,2.0,50.0,10000.0,False,110.76472962321135,1.0001,1.625,1.4286
494.23,221.08,2.0,65.0,13000.0,False,140.54647516350755,1.0001,1.625,1.3
494.23,221.08,2.0,90.0,18000.0,False,128.94572451499624,1.0001,1.625,1.2
494.23,221.08,2.0,130.0,26000.0,False,142.19468332859057,1.0001,1.625,1.1304
494.23,221.08,2.0,200.0,40000.0,False,138.91630994116014,1.0001,1.625,1.0811
494.23,221.08,2.0,350.0,70000.0,False,115.81381338167694,1.0001,1.625,1.0448
494.23,221.08,2.0,600.0,120000.0,False,102.31216809008698,1.0001,1.625,1.0256
494.23,221.08,4.0,5.0,2000.0,True,,1.0001,1.4545,
494.23,221.08,4.0,15.0,6000.0,False,79.50704881838246,1.0001,1.4545,2.0
494.23,221.08,4.0,25.0,10000.0,False,48.784450901101394,1.0001,1.4545,1.4286
494.23,221.08,4.0,35.0,14000.0,False,47.034317449337934,1.0001,1.4545,1.2727
494.23,221.08,4.0,40.0,16000.0,False,52.74579992928731,1.0001,1.4545,1.2308
494.23,221.08,4.0,50.0,20000.0,False,39.99592453385673,1.0001,1.4545,1.1765
494.23,221.08,4.0,65.0,26000.0,False,47.15209556086569,1.0001,1.4545,1.1304
494.23,221.08,4.0,90.0,36000.0,False,44.63623249347015,1.0001,1.4545,1.0909
494.23,221.08,4.0,130.0,52000.0,False,33.99212848180607,1.0001,1.4545,1.0612
494.23,221.08,4.0,200.0,80000.0,False,44.443986533525205,1.0001,1.4545,1.039
494.23,221.08,4.0,350.0,140000.0,False,41.94548433998498,1.0001,1.4545,1.0219
494.23,221.08,4.0,600.0,240000.0,False,38.00782273483886,1.0001,1.4545,1.0127
494.23,221.08,8.0,5.0,4000.0,False,50.95250311042072,1.0001,1.2941,4.0
494.23,221.08,8.0,15.0,12000.0,False,16.73913204366356,1.0001,1.2941,1.3333
494.23,221.08,8.0,25.0,20000.0,False,15.499652243502874,1.0001,1.2941,1.1765
494.23,221.08,8.0,35.0,28000.0,False,17.35127341902857,1.0001,1.2941,1.12
494.23,221.08,8.0,40.0,32000.0,False,13.654161439229629,1.0001,1.2941,1.1034
494.23,221.08,8.0,50.0,40000.0,False,16.48641030339503,1.0001,1.2941,1.0811
494.23,221.08,8.0,65.0,52000.0,False,12.5799985492103,1.0001,1.2941,1.0612
494.23,221.08,8.0,90.0,72000.0,False,14.452933026317742,1.0001,1.2941,1.0435
494.23,221.08,8.0,130.0,104000.0,False,14.949316657959907,1.0001,1.2941,1.0297
494.23,221.08,8.0,200.0,160000.0,False,21.002586072530335,1.0001,1.2941,1.0191
494.23,221.08,8.0,350.0,280000.0,False,11.741420380104932,1.0001,1.2941,1.0108
494.23,221.08,8.0,600.0,480000.0,False,17.9218357336731,1.0001,1.2941,1.0063
496.54,223.39,0.5,5.0,250.0,True,,1.0044,1.8696,
496.54,223.39,0.5,15.0,750.0,True,,1.0044,1.8696,
496.54,223.39,0.5,25.0,1250.0,True,,1.0044,1.8696,
496.54,223.39,0.5,35.0,1750.0,True,,1.0044,1.8696,
496.54,223.39,0.5,40.0,2000.0,True,,1.0044,1.8696,
496.54,223.39,0.5,50.0,2500.0,True,,1.0044,1.8696,
496.54,223.39,0.5,65.0,3250.0,False,14737.752167986286,1.0044,1.8696,13.0
496.54,223.39,0.5,90.0,4500.0,False,3536.9852257690623,1.0044,1.8696,3.0
496.54,223.39,0.5,130.0,6500.0,False,2095.4703778528624,1.0044,1.8696,1.8571
496.54,223.39,0.5,200.0,10000.0,False,1692.7774195170425,1.0044,1.8696,1.4286
496.54,223.39,0.5,350.0,17500.0,False,1307.3289976156316,1.0044,1.8696,1.2069
496.54,223.39,0.5,600.0,30000.0,False,1531.8171335480588,1.0044,1.8696,1.1111
496.54,223.39,1.0,5.0,500.0,True,,1.0044,1.7692,
496.54,223.39,1.0,15.0,1500.0,True,,1.0044,1.7692,
496.54,223.39,1.0,25.0,2500.0,True,,1.0044,1.7692,
496.54,223.39,1.0,35.0,3500.0,False,2047.7345718450867,1.0044,1.7692,7.0
496.54,223.39,1.0,40.0,4000.0,False,1485.0139478644944,1.0044,1.7692,4.0
496.54,223.39,1.0,50.0,5000.0,False,711.0093360502949,1.0044,1.7692,2.5
496.54,223.39,1.0,65.0,6500.0,False,576.5438090255952,1.0044,1.7692,1.8571
496.54,223.39,1.0,90.0,9000.0,False,400.10244307755306,1.0044,1.7692,1.5
496.54,223.39,1.0,130.0,13000.0,False,436.0111076416667,1.0044,1.7692,1.3
496.54,223.39,1.0,200.0,20000.0,False,457.7566540073657,1.0044,1.7692,1.1765
496.54,223.39,1.0,350.0,35000.0,False,338.6809888419643,1.0044,1.7692,1.0938
496.54,223.39,1.0,600.0,60000.0,False,320.15662729025894,1.0044,1.7692,1.0526
496.54,223.39,2.0,5.0,1000.0,True,,1.0044,1.625,
496.54,223.39,2.0,15.0,3000.0,True,,1.0044,1.625,
496.54,223.39,2.0,25.0,5000.0,False,203.8721512497364,1.0044,1.625,2.5
496.54,223.39,2.0,35.0,7000.0,False,162.97825553923406,1.0044,1.625,1.75
496.54,223.39,2.0,40.0,8000.0,False,121.44717452836444,1.0044,1.625,1.6
496.54,223.39,2.0,50.0,10000.0,False,120.07759350219268,1.0044,1.625,1.4286
496.54,223.39,2.0,65.0,13000.0,False,129.64203452339478,1.0044,1.625,1.3
496.54,223.39,2.0,90.0,18000.0,False,140.97300763802116,1.0044,1.625,1.2
496.54,223.39,2.0,130.0,26000.0,False,166.0649292069752,1.0044,1.625,1.1304
496.54,223.39,2.0,200.0,40000.0,False,95.42767961775012,1.0044,1.625,1.0811
496.54,223.39,2.0,350.0,70000.0,False,124.89739329291974,1.0044,1.625,1.0448
496.54,223.39,2.0,600.0,120000.0,False,102.54231887547903,1.0044,1.625,1.0256
496.54,223.39,4.0,5.0,2000.0,True,,1.0044,1.4545,
496.54,223.39,4.0,15.0,6000.0,False,64.78112654753829,1.0044,1.4545,2.0
496.54,223.39,4.0,25.0,10000.0,False,50.50732534518255,1.0044,1.4545,1.4286
496.54,223.39,4.0,35.0,14000.0,False,42.5637860821161,1.0044,1.4545,1.2727
496.54,223.39,4.0,40.0,16000.0,False,41.460990367540695,1.0044,1.4545,1.2308
496.54,223.39,4.0,50.0,20000.0,False,36.6650221431832,1.0044,1.4545,1.1765
496.54,223.39,4.0,65.0,26000.0,False,30.369540337405223,1.0044,1.4545,1.1304
496.54,223.39,4.0,90.0,36000.0,False,28.67489114991052,1.0044,1.4545,1.0909
496.54,223.39,4.0,130.0,52000.0,False,38.78231808765446,1.0044,1.4545,1.0612
496.54,223.39,4.0,200.0,80000.0,False,33.02518557800977,1.0044,1.4545,1.039
496.54,223.39,4.0,350.0,140000.0,False,30.96329380883969,1.0044,1.4545,1.0219
496.54,223.39,4.0,600.0,240000.0,False,33.596063306890755,1.0044,1.4545,1.0127
496.54,223.39,8.0,5.0,4000.0,False,57.691634457618,1.0044,1.2941,4.0
496.54,223.39,8.0,15.0,12000.0,False,17.537029984100673,1.0044,1.2941,1.3333
496.54,223.39,8.0,25.0,20000.0,False,13.649305886659379,1.0044,1.2941,1.1765
496.54,223.39,8.0,35.0,28000.0,False,17.23342150532873,1.0044,1.2941,1.12
496.54,223.39,8.0,40.0,32000.0,False,17.901703551671115,1.0044,1.2941,1.1034
496.54,223.39,8.0,50.0,40000.0,False,14.90539190500477,1.0044,1.2941,1.0811
496.54,223.39,8.0,65.0,52000.0,False,15.721841559875916,1.0044,1.2941,1.0612
496.54,223.39,8.0,90.0,72000.0,False,16.09375960184097,1.0044,1.2941,1.0435
496.54,223.39,8.0,130.0,104000.0,False,15.617049908846033,1.0044,1.2941,1.0297
496.54,223.39,8.0,200.0,160000.0,False,14.30516794873179,1.0044,1.2941,1.0191
496.54,223.39,8.0,350.0,280000.0,False,14.15548433607016,1.0044,1.2941,1.0108
496.54,223.39,8.0,600.0,480000.0,False,13.92654428101518,1.0044,1.2941,1.0063
496.68,223.53,0.5,5.0,250.0,True,,1.0047,1.8696,
496.68,223.53,0.5,15.0,750.0,True,,1.0047,1.8696,
496.68,223.53,0.5,25.0,1250.0,True,,1.0047,1.8696,
496.68,223.53,0.5,35.0,1750.0,True,,1.0047,1.8696,
496.68,223.53,0.5,40.0,2000.0,True,,1.0047,1.8696,
496.68,223.53,0.5,50.0,2500.0,True,,1.0047,1.8696,
496.68,223.53,0.5,65.0,3250.0,False,12139.274187691806,1.0047,1.8696,13.0
496.68,223.53,0.5,90.0,4500.0,False,3668.6291105213813,1.0047,1.8696,3.0
496.68,223.53,0.5,130.0,6500.0,False,1668.2320341359662,1.0047,1.8696,1.8571
496.68,223.53,0.5,200.0,10000.0,False,1395.9599521942173,1.0047,1.8696,1.4286
496.68,223.53,0.5,350.0,17500.0,False,1615.564259584485,1.0047,1.8696,1.2069
496.68,223.53,0.5,600.0,30000.0,False,1387.4823291099071,1.0047,1.8696,1.1111
496.68,223.53,1.0,5.0,500.0,True,,1.0047,1.7692,
496.68,223.53,1.0,15.0,1500.0,True,,1.0047,1.7692,
496.68,223.53,1.0,25.0,2500.0,True,,1.0047,1.7692,
496.68,223.53,1.0,35.0,3500.0,False,2722.1585338151035,1.0047,1.7692,7.0
496.68,223.53,1.0,40.0,4000.0,False,1194.7637358590866,1.0047,1.7692,4.0
496.68,223.53,1.0,50.0,5000.0,False,654.3313904554103,1.0047,1.7692,2.5
496.68,223.53,1.0,65.0,6500.0,False,557.3169783716407,1.0047,1.7692,1.8571
496.68,223.53,1.0,90.0,9000.0,False,473.86872571432923,1.0047,1.7692,1.5
496.68,223.53,1.0,130.0,13000.0,False,409.2691886847222,1.0047,1.7692,1.3
496.68,223.53,1.0,200.0,20000.0,False,433.86417833908814,1.0047,1.7692,1.1765
496.68,223.53,1.0,350.0,35000.0,False,322.33201783802286,1.0047,1.7692,1.0938
496.68,223.53,1.0,600.0,60000.0,False,345.24661778941436,1.0047,1.7692,1.0526
496.68,223.53,2.0,5.0,1000.0,True,,1.0047,1.625,
496.68,223.53,2.0,15.0,3000.0,True,,1.0047,1.625,
496.68,223.53,2.0,25.0,5000.0,False,206.33523362548624,1.0047,1.625,2.5
496.68,223.53,2.0,35.0,7000.0,False,179.22982376863567,1.0047,1.625,1.75
496.68,223.53,2.0,40.0,8000.0,False,153.23542221842467,1.0047,1.625,1.6
496.68,223.53,2.0,50.0,10000.0,False,122.2060405918623,1.0047,1.625,1.4286
496.68,223.53,2.0,65.0,13000.0,False,120.12049866213624,1.0047,1.625,1.3
496.68,223.53,2.0,90.0,18000.0,False,111.74290361473832,1.0047,1.625,1.2
496.68,223.53,2.0,130.0,26000.0,False,103.91617733789184,1.0047,1.625,1.1304
496.68,223.53,2.0,200.0,40000.0,False,134.98562106573024,1.0047,1.625,1.0811
496.68,223.53,2.0,350.0,70000.0,False,98.54775535666435,1.0047,1.625,1.0448
496.68,223.53,2.0,600.0,120000.0,False,94.65502113906697,1.0047,1.625,1.0256
496.68,223.53,4.0,5.0,2000.0,True,,1.0047,1.4545,
496.68,223.53,4.0,15.0,6000.0,False,48.04770834989891,1.0047,1.4545,2.0
496.68,223.53,4.0,25.0,10000.0,False,41.10824647235733,1.0047,1.4545,1.4286
496.68,223.53,4.0,35.0,14000.0,False,40.260303048914764,1.0047,1.4545,1.2727
496.68,223.53,4.0,40.0,16000.0,False,36.54068756986408,1.0047,1.4545,1.2308
496.68,223.53,4.0,50.0,20000.0,False,47.6289120490136,1.0047,1.4545,1.1765
496.68,223.53,4.0,65.0,26000.0,False,36.289431662704985,1.0047,1.4545,1.1304
496.68,223.53,4.0,90.0,36000.0,False,43.55144655552934,1.0047,1.4545,1.0909
496.68,223.53,4.0,130.0,52000.0,False,35.24571705564102,1.0047,1.4545,1.0612
496.68,223.53,4.0,200.0,80000.0,False,34.3798381619994,1.0047,1.4545,1.039
496.68,223.53,4.0,350.0,140000.0,False,33.181979219230506,1.0047,1.4545,1.0219
496.68,223.53,4.0,600.0,240000.0,False,33.341841984453275,1.0047,1.4545,1.0127
496.68,223.53,8.0,5.0,4000.0,False,65.81200220610053,1.0047,1.2941,4.0
496.68,223.53,8.0,15.0,12000.0,False,11.970305937209485,1.0047,1.2941,1.3333
496.68,223.53,8.0,25.0,20000.0,False,11.078160883520791,1.0047,1.2941,1.1765
496.68,223.53,8.0,35.0,28000.0,False,13.12530012807072,1.0047,1.2941,1.12
496.68,223.53,8.0,40.0,32000.0,False,14.059634208404907,1.0047,1.2941,1.1034
496.68,223.53,8.0,50.0,40000.0,False,15.243692632853948,1.0047,1.2941,1.0811
496.68,223.53,8.0,65.0,52000.0,False,14.484442098110415,1.0047,1.2941,1.0612
496.68,223.53,8.0,90.0,72000.0,False,12.523555887933707,1.0047,1.2941,1.0435
496.68,223.53,8.0,130.0,104000.0,False,15.25360015233105,1.0047,1.2941,1.0297
496.68,223.53,8.0,200.0,160000.0,False,15.12192889184496,1.0047,1.2941,1.0191
496.68,223.53,8.0,350.0,280000.0,False,13.211258545032786,1.0047,1.2941,1.0108
496.68,223.53,8.0,600.0,480000.0,False,14.781211238627595,1.0047,1.2941,1.0063
498.85,225.7,0.5,5.0,250.0,True,,1.0088,1.8696,
498.85,225.7,0.5,15.0,750.0,True,,1.0088,1.8696,
498.85,225.7,0.5,25.0,1250.0,True,,1.0088,1.8696,
498.85,225.7,0.5,35.0,1750.0,True,,1.0088,1.8696,
498.85,225.7,0.5,40.0,2000.0,True,,1.0088,1.8696,
498.85,225.7,0.5,50.0,2500.0,True,,1.0088,1.8696,
498.85,225.7,0.5,65.0,3250.0,False,13463.807701720929,1.0088,1.8696,13.0
498.85,225.7,0.5,90.0,4500.0,False,2741.6196586562346,1.0088,1.8696,3.0
498.85,225.7,0.5,130.0,6500.0,False,2050.0634864340386,1.0088,1.8696,1.8571
498.85,225.7,0.5,200.0,10000.0,False,1444.0128505910416,1.0088,1.8696,1.4286
498.85,225.7,0.5,350.0,17500.0,False,1200.108819888494,1.0088,1.8696,1.2069
498.85,225.7,0.5,600.0,30000.0,False,1377.76494193385,1.0088,1.8696,1.1111
498.85,225.7,1.0,5.0,500.0,True,,1.0088,1.7692,
498.85,225.7,1.0,15.0,1500.0,True,,1.0088,1.7692,
498.85,225.7,1.0,25.0,2500.0,True,,1.0088,1.7692,
498.85,225.7,1.0,35.0,3500.0,False,1361.7168838299522,1.0088,1.7692,7.0
498.85,225.7,1.0,40.0,4000.0,False,908.5627932574628,1.0088,1.7692,4.0
498.85,225.7,1.0,50.0,5000.0,False,587.8386087328516,1.0088,1.7692,2.5
498.85,225.7,1.0,65.0,6500.0,False,494.11702341212214,1.0088,1.7692,1.8571
498.85,225.7,1.0,90.0,9000.0,False,405.65220315747365,1.0088,1.7692,1.5
498.85,225.7,1.0,130.0,13000.0,False,291.3390428453983,1.0088,1.7692,1.3
498.85,225.7,1.0,200.0,20000.0,False,285.1363514536504,1.0088,1.7692,1.1765
498.85,225.7,1.0,350.0,35000.0,False,270.0772891841608,1.0088,1.7692,1.0938
498.85,225.7,1.0,600.0,60000.0,False,427.57477080897326,1.0088,1.7692,1.0526
498.85,225.7,2.0,5.0,1000.0,True,,1.0088,1.625,
498.85,225.7,2.0,15.0,3000.0,True,,1.0088,1.625,
498.85,225.7,2.0,25.0,5000.0,False,283.19035245687184,1.0088,1.625,2.5
498.85,225.7,2.0,35.0,7000.0,False,142.2264699976543,1.0088,1.625,1.75
498.85,225.7,2.0,40.0,8000.0,False,130.97852870069192,1.0088,1.625,1.6
498.85,225.7,2.0,50.0,10000.0,False,103.94496905361571,1.0088,1.625,1.4286
498.85,225.7,2.0,65.0,13000.0,False,84.41220275055275,1.0088,1.625,1.3
498.85,225.7,2.0,90.0,18000.0,False,101.93718597907437,1.0088,1.625,1.2
498.85,225.7,2.0,130.0,26000.0,False,84.14081763131482,1.0088,1.625,1.1304
498.85,225.7,2.0,200.0,40000.0,False,92.27758224349532,1.0088,1.625,1.0811
498.85,225.7,2.0,350.0,70000.0,False,71.04681431578115,1.0088,1.625,1.0448
498.85,225.7,2.0,600.0,120000.0,False,79.09019501452046,1.0088,1.625,1.0256
498.85,225.7,4.0,5.0,2000.0,True,,1.0088,1.4545,
498.85,225.7,4.0,15.0,6000.0,False,60.774353702124124,1.0088,1.4545,2.0
498.85,225.7,4.0,25.0,10000.0,False,44.85042321197299,1.0088,1.4545,1.4286
498.85,225.7,4.0,35.0,14000.0,False,40.266082595410666,1.0088,1.4545,1.2727
498.85,225.7,4.0,40.0,16000.0,False,30.00285843149515,1.0088,1.4545,1.2308
498.85,225.7,4.0,50.0,20000.0,False,39.743584427996936,1.0088,1.4545,1.1765
498.85,225.7,4.0,65.0,26000.0,False,29.793707354728877,1.0088,1.4545,1.1304
498.85,225.7,4.0,90.0,36000.0,False,35.64706107592387,1.0088,1.4545,1.0909
498.85,225.7,4.0,130.0,52000.0,False,31.486354452617086,1.0088,1.4545,1.0612
498.85,225.7,4.0,200.0,80000.0,False,25.11561411383345,1.0088,1.4545,1.039
498.85,225.7,4.0,350.0,140000.0,False,28.961242833334204,1.0088,1.4545,1.0219
498.85,225.7,4.0,600.0,240000.0,False,31.788671511326864,1.0088,1.4545,1.0127
498.85,225.7,8.0,5.0,4000.0,False,50.34954182628954,1.0088,1.2941,4.0
498.85,225.7,8.0,15.0,12000.0,False,14.988514967449658,1.0088,1.2941,1.3333
498.85,225.7,8.0,25.0,20000.0,False,16.99698736016912,1.0088,1.2941,1.1765
498.85,225.7,8.0,35.0,28000.0,False,14.957392393578019,1.0088,1.2941,1.12
498.85,225.7,8.0,40.0,32000.0,False,12.190930900712878,1.0088,1.2941,1.1034
498.85,225.7,8.0,50.0,40000.0,False,13.890847422528884,1.0088,1.2941,1.0811
498.85,225.7,8.0,65.0,52000.0,False,16.284973222224256,1.0088,1.2941,1.0612
498.85,225.7,8.0,90.0,72000.0,False,16.07688708377571,1.0088,1.2941,1.0435
498.85,225.7,8.0,130.0,104000.0,False,9.83375397944145,1.0088,1.2941,1.0297
498.85,225.7,8.0,200.0,160000.0,False,10.182783421896163,1.0088,1.2941,1.0191
498.85,225.7,8.0,350.0,280000.0,False,14.50161853279163,1.0088,1.2941,1.0108
498.85,225.7,8.0,600.0,480000.0,False,9.85794576400685,1.0088,1.2941,1.0063
501.15,228.0,0.5,5.0,250.0,True,,1.013,1.8696,
501.15,228.0,0.5,15.0,750.0,True,,1.013,1.8696,
501.15,228.0,0.5,25.0,1250.0,True,,1.013,1.8696,
501.15,228.0,0.5,35.0,1750.0,True,,1.013,1.8696,
501.15,228.0,0.5,40.0,2000.0,True,,1.013,1.8696,
501.15,228.0,0.5,50.0,2500.0,True,,1.013,1.8696,
501.15,228.0,0.5,65.0,3250.0,False,9510.929746360833,1.013,1.8696,13.0
501.15,228.0,0.5,90.0,4500.0,False,2488.1926871987507,1.013,1.8696,3.0
501.15,228.0,0.5,130.0,6500.0,False,1764.6399306317367,1.013,1.8696,1.8571
501.15,228.0,0.5,200.0,10000.0,False,1255.0669118595106,1.013,1.8696,1.4286
501.15,228.0,0.5,350.0,17500.0,False,976.6188146095542,1.013,1.8696,1.2069
501.15,228.0,0.5,600.0,30000.0,False,895.9256009016914,1.013,1.8696,1.1111
501.15,228.0,1.0,5.0,500.0,True,,1.013,1.7692,
501.15,228.0,1.0,15.0,1500.0,True,,1.013,1.7692,
501.15,228.0,1.0,25.0,2500.0,True,,1.013,1.7692,
501.15,228.0,1.0,35.0,3500.0,False,1586.0410408048454,1.013,1.7692,7.0
501.15,228.0,1.0,40.0,4000.0,False,883.8652387941588,1.013,1.7692,4.0
501.15,228.0,1.0,50.0,5000.0,False,887.5566522720608,1.013,1.7692,2.5
501.15,228.0,1.0,65.0,6500.0,False,489.6067698824347,1.013,1.7692,1.8571
501.15,228.0,1.0,90.0,9000.0,False,431.99570914566164,1.013,1.7692,1.5
501.15,228.0,1.0,130.0,13000.0,False,304.5816920132492,1.013,1.7692,1.3
501.15,228.0,1.0,200.0,20000.0,False,288.4616410989599,1.013,1.7692,1.1765
501.15,228.0,1.0,350.0,35000.0,False,247.7736804985834,1.013,1.7692,1.0938
501.15,228.0,1.0,600.0,60000.0,False,178.30110700988448,1.013,1.7692,1.0526
501.15,228.0,2.0,5.0,1000.0,True,,1.013,1.625,
501.15,228.0,2.0,15.0,3000.0,True,,1.013,1.625,
501.15,228.0,2.0,25.0,5000.0,False,157.72784272555873,1.013,1.625,2.5
501.15,228.0,2.0,35.0,7000.0,False,103.4723760474412,1.013,1.625,1.75
501.15,228.0,2.0,40.0,8000.0,False,88.57217493236598,1.013,1.625,1.6
501.15,228.0,2.0,50.0,10000.0,False,92.6336800387558,1.013,1.625,1.4286
501.15,228.0,2.0,65.0,13000.0,False,123.02521193212237,1.013,1.625,1.3
501.15,228.0,2.0,90.0,18000.0,False,92.4749525576419,1.013,1.625,1.2
501.15,228.0,2.0,130.0,26000.0,False,106.42798715512703,1.013,1.625,1.1304
501.15,228.0,2.0,200.0,40000.0,False,89.20085467121403,1.013,1.625,1.0811
501.15,228.0,2.0,350.0,70000.0,False,91.14650341106196,1.013,1.625,1.0448
501.15,228.0,2.0,600.0,120000.0,False,69.50960550596163,1.013,1.625,1.0256
501.15,228.0,4.0,5.0,2000.0,True,,1.013,1.4545,
501.15,228.0,4.0,15.0,6000.0,False,57.69559842094727,1.013,1.4545,2.0
501.15,228.0,4.0,25.0,10000.0,False,42.49656045138196,1.013,1.4545,1.4286
501.15,228.0,4.0,35.0,14000.0,False,31.127946782038368,1.013,1.4545,1.2727
501.15,228.0,4.0,40.0,16000.0,False,35.69503071434564,1.013,1.4545,1.2308
501.15,228.0,4.0,50.0,20000.0,False,34.15428849557089,1.013,1.4545,1.1765
501.15,228.0,4.0,65.0,26000.0,False,27.760398534690648,1.013,1.4545,1.1304
501.15,228.0,4.0,90.0,36000.0,False,24.582558199789585,1.013,1.4545,1.0909
501.15,228.0,4.0,130.0,52000.0,False,23.69455402439991,1.013,1.4545,1.0612
501.15,228.0,4.0,200.0,80000.0,False,28.06822369634212,1.013,1.4545,1.039
501.15,228.0,4.0,350.0,140000.0,False,28.621381406857857,1.013,1.4545,1.0219
501.15,228.0,4.0,600.0,240000.0,False,23.97810136486961,1.013,1.4545,1.0127
501.15,228.0,8.0,5.0,4000.0,False,41.377900564023825,1.013,1.2941,4.0
501.15,228.0,8.0,15.0,12000.0,False,14.96519843355755,1.013,1.2941,1.3333
501.15,228.0,8.0,25.0,20000.0,False,13.299312070737004,1.013,1.2941,1.1765
501.15,228.0,8.0,35.0,28000.0,False,14.564331279422401,1.013,1.2941,1.12
501.15,228.0,8.0,40.0,32000.0,False,13.769444503105168,1.013,1.2941,1.1034
501.15,228.0,8.0,50.0,40000.0,False,9.58531845010565,1.013,1.2941,1.0811
501.15,228.0,8.0,65.0,52000.0,False,14.075365265957126,1.013,1.2941,1.0612
501.15,228.0,8.0,90.0,72000.0,False,9.928187283764977,1.013,1.2941,1.0435
501.15,228.0,8.0,130.0,104000.0,False,12.409546771986747,1.013,1.2941,1.0297
501.15,228.0,8.0,200.0,160000.0,False,10.607812701897668,1.013,1.2941,1.0191
501.15,228.0,8.0,350.0,280000.0,False,9.790518950899708,1.013,1.2941,1.0108
501.15,228.0,8.0,600.0,480000.0,False,7.905667104011137,1.013,1.2941,1.0063
503.46,230.31,0.5,5.0,250.0,True,,1.0172,1.8696,
503.46,230.31,0.5,15.0,750.0,True,,1.0172,1.8696,
503.46,230.31,0.5,25.0,1250.0,True,,1.0172,1.8696,
503.46,230.31,0.5,35.0,1750.0,True,,1.0172,1.8696,
503.46,230.31,0.5,40.0,2000.0,True,,1.0172,1.8696,
503.46,230.31,0.5,50.0,2500.0,True,,1.0172,1.8696,
503.46,230.31,0.5,65.0,3250.0,False,10148.688647449066,1.0172,1.8696,13.0
503.46,230.31,0.5,90.0,4500.0,False,1901.8643126708039,1.0172,1.8696,3.0
503.46,230.31,0.5,130.0,6500.0,False,1719.8961527577462,1.0172,1.8696,1.8571
503.46,230.31,0.5,200.0,10000.0,False,1436.6638593917637,1.0172,1.8696,1.4286
503.46,230.31,0.5,350.0,17500.0,False,857.8254846937014,1.0172,1.8696,1.2069
503.46,230.31,0.5,600.0,30000.0,False,931.2625302769665,1.0172,1.8696,1.1111
503.46,230.31,1.0,5.0,500.0,True,,1.0172,1.7692,
503.46,230.31,1.0,15.0,1500.0,True,,1.0172,1.7692,
503.46,230.31,1.0,25.0,2500.0,True,,1.0172,1.7692,
503.46,230.31,1.0,35.0,3500.0,False,1421.253460123058,1.0172,1.7692,7.0
503.46,230.31,1.0,40.0,4000.0,False,824.0364055863384,1.0172,1.7692,4.0
503.46,230.31,1.0,50.0,5000.0,False,635.6562922852172,1.0172,1.7692,2.5
503.46,230.31,1.0,65.0,6500.0,False,417.9875000958281,1.0172,1.7692,1.8571
503.46,230.31,1.0,90.0,9000.0,False,440.8062221254817,1.0172,1.7692,1.5
503.46,230.31,1.0,130.0,13000.0,False,273.75196290466295,1.0172,1.7692,1.3
503.46,230.31,1.0,200.0,20000.0,False,309.39303860954186,1.0172,1.7692,1.1765
503.46,230.31,1.0,350.0,35000.0,False,251.24215361793804,1.0172,1.7692,1.0938
503.46,230.31,1.0,600.0,60000.0,False,268.5005747976848,1.0172,1.7692,1.0526
503.46,230.31,2.0,5.0,1000.0,True,,1.0172,1.625,
503.46,230.31,2.0,15.0,3000.0,True,,1.0172,1.625,
503.46,230.31,2.0,25.0,5000.0,False,162.83788670374253,1.0172,1.625,2.5
503.46,230.31,2.0,35.0,7000.0,False,120.99146728833435,1.0172,1.625,1.75
503.46,230.31,2.0,40.0,8000.0,False,109.5320126918852,1.0172,1.625,1.6
503.46,230.31,2.0,50.0,10000.0,False,87.77743290977607,1.0172,1.625,1.4286
503.46,230.31,2.0,65.0,13000.0,False,100.00443721803754,1.0172,1.625,1.3
503.46,230.31,2.0,90.0,18000.0,False,92.14809122873976,1.0172,1.625,1.2
503.46,230.31,2.0,130.0,26000.0,False,86.07109053068527,1.0172,1.625,1.1304
503.46,230.31,2.0,200.0,40000.0,False,94.8260776459447,1.0172,1.625,1.0811
503.46,230.31,2.0,350.0,70000.0,False,90.44504289079616,1.0172,1.625,1.0448
503.46,230.31,2.0,600.0,120000.0,False,67.53285140974016,1.0172,1.625,1.0256
503.46,230.31,4.0,5.0,2000.0,True,,1.0172,1.4545,
503.46,230.31,4.0,15.0,6000.0,False,50.643073081226504,1.0172,1.4545,2.0
503.46,230.31,4.0,25.0,10000.0,False,31.15056157241747,1.0172,1.4545,1.4286
503.46,230.31,4.0,35.0,14000.0,False,30.580507212070664,1.0172,1.4545,1.2727
503.46,230.31,4.0,40.0,16000.0,False,26.93359467087347,1.0172,1.4545,1.2308
503.46,230.31,4.0,50.0,20000.0,False,35.91758140686844,1.0172,1.4545,1.1765
503.46,230.31,4.0,65.0,26000.0,False,28.584210277557645,1.0172,1.4545,1.1304
503.46,230.31,4.0,90.0,36000.0,False,25.279769220521157,1.0172,1.4545,1.0909
503.46,230.31,4.0,130.0,52000.0,False,30.39152050591234,1.0172,1.4545,1.0612
503.46,230.31,4.0,200.0,80000.0,False,17.963219995863046,1.0172,1.4545,1.039
503.46,230.31,4.0,350.0,140000.0,False,18.08790603495903,1.0172,1.4545,1.0219
503.46,230.31,4.0,600.0,240000.0,False,27.320900982427005,1.0172,1.4545,1.0127
503.46,230.31,8.0,5.0,4000.0,False,37.34077044005386,1.0172,1.2941,4.0
503.46,230.31,8.0,15.0,12000.0,False,12.806721626395957,1.0172,1.2941,1.3333
503.46,230.31,8.0,25.0,20000.0,False,8.919863614902473,1.0172,1.2941,1.1765
503.46,230.31,8.0,35.0,28000.0,False,10.324965230602945,1.0172,1.2941,1.12
503.46,230.31,8.0,40.0,32000.0,False,13.786469318939574,1.0172,1.2941,1.1034
503.46,230.31,8.0,50.0,40000.0,False,11.317074773037435,1.0172,1.2941,1.0811
503.46,230.31,8.0,65.0,52000.0,False,10.070401178439964,1.0172,1.2941,1.0612
503.46,230.31,8.0,90.0,72000.0,False,9.037862258132424,1.0172,1.2941,1.0435
503.46,230.31,8.0,130.0,104000.0,False,8.97825548901775,1.0172,1.2941,1.0297
503.46,230.31,8.0,200.0,160000.0,False,6.850142597230564,1.0172,1.2941,1.0191
503.46,230.31,8.0,350.0,280000.0,False,9.719549821953745,1.0172,1.2941,1.0108
503.46,230.31,8.0,600.0,480000.0,False,10.567816696794804,1.0172,1.2941,1.0063
505.77,232.62,0.5,5.0,250.0,True,,1.0214,1.8696,
505.77,232.62,0.5,15.0,750.0,True,,1.0214,1.8696,
505.77,232.62,0.5,25.0,1250.0,True,,1.0214,1.8696,
505.77,232.62,0.5,35.0,1750.0,True,,1.0214,1.8696,
505.77,232.62,0.5,40.0,2000.0,True,,1.0214,1.8696,
505.77,232.62,0.5,50.0,2500.0,True,,1.0214,1.8696,
505.77,232.62,0.5,65.0,3250.0,False,7385.619029898508,1.0214,1.8696,13.0
505.77,232.62,0.5,90.0,4500.0,False,1954.8784772017877,1.0214,1.8696,3.0
505.77,232.62,0.5,130.0,6500.0,False,1123.3865070799613,1.0214,1.8696,1.8571
505.77,232.62,0.5,200.0,10000.0,False,889.4077754419244,1.0214,1.8696,1.4286
505.77,232.62,0.5,350.0,17500.0,False,875.4675015761903,1.0214,1.8696,1.2069
505.77,232.62,0.5,600.0,30000.0,False,584.8665772111191,1.0214,1.8696,1.1111
505.77,232.62,1.0,5.0,500.0,True,,1.0214,1.7692,
505.77,232.62,1.0,15.0,1500.0,True,,1.0214,1.7692,
505.77,232.62,1.0,25.0,2500.0,True,,1.0214,1.7692,
505.77,232.62,1.0,35.0,3500.0,False,1560.9380465945512,1.0214,1.7692,7.0
505.77,232.62,1.0,40.0,4000.0,False,910.837165095249,1.0214,1.7692,4.0
505.77,232.62,1.0,50.0,5000.0,False,489.61377220557523,1.0214,1.7692,2.5
505.77,232.62,1.0,65.0,6500.0,False,260.3233334388665,1.0214,1.7692,1.8571
505.77,232.62,1.0,90.0,9000.0,False,262.6950439892772,1.0214,1.7692,1.5
505.77,232.62,1.0,130.0,13000.0,False,318.07623005974546,1.0214,1.7692,1.3
505.77,232.62,1.0,200.0,20000.0,False,157.7184220220989,1.0214,1.7692,1.1765
505.77,232.62,1.0,350.0,35000.0,False,211.1302335097803,1.0214,1.7692,1.0938
505.77,232.62,1.0,600.0,60000.0,False,179.34022394778736,1.0214,1.7692,1.0526
505.77,232.62,2.0,5.0,1000.0,True,,1.0214,1.625,
505.77,232.62,2.0,15.0,3000.0,True,,1.0214,1.625,
505.77,232.62,2.0,25.0,5000.0,False,176.49857406854434,1.0214,1.625,2.5
505.77,232.62,2.0,35.0,7000.0,False,98.95698051192147,1.0214,1.625,1.75
505.77,232.62,2.0,40.0,8000.0,False,106.37102864431333,1.0214,1.625,1.6
505.77,232.62,2.0,50.0,10000.0,False,97.30306868792921,1.0214,1.625,1.4286
505.77,232.62,2.0,65.0,13000.0,False,107.13981467702266,1.0214,1.625,1.3
505.77,232.62,2.0,90.0,18000.0,False,72.83646958031359,1.0214,1.625,1.2
505.77,232.62,2.0,130.0,26000.0,False,74.83947585442549,1.0214,1.625,1.1304
505.77,232.62,2.0,200.0,40000.0,False,54.138183942680904,1.0214,1.625,1.0811
505.77,232.62,2.0,350.0,70000.0,False,78.15555827113822,1.0214,1.625,1.0448
505.77,232.62,2.0,600.0,120000.0,False,57.25860867910728,1.0214,1.625,1.0256
505.77,232.62,4.0,5.0,2000.0,True,,1.0214,1.4545,
505.77,232.62,4.0,15.0,6000.0,False,39.54858619301117,1.0214,1.4545,2.0
505.77,232.62,4.0,25.0,10000.0,False,30.62552051127759,1.0214,1.4545,1.4286
505.77,232.62,4.0,35.0,14000.0,False,21.65476007789745,1.0214,1.4545,1.2727
505.77,232.62,4.0,40.0,16000.0,False,27.397472357522627,1.0214,1.4545,1.2308
505.77,232.62,4.0,50.0,20000.0,False,29.257465173807994,1.0214,1.4545,1.1765
505.77,232.62,4.0,65.0,26000.0,False,25.40734450359964,1.0214,1.4545,1.1304
505.77,232.62,4.0,90.0,36000.0,False,18.488938468901292,1.0214,1.4545,1.0909
505.77,232.62,4.0,130.0,52000.0,False,22.406428776085612,1.0214,1.4545,1.0612
505.77,232.62,4.0,200.0,80000.0,False,24.97864946446738,1.0214,1.4545,1.039
505.77,232.62,4.0,350.0,140000.0,False,16.584343243404955,1.0214,1.4545,1.0219
505.77,232.62,4.0,600.0,240000.0,False,18.53868760527022,1.0214,1.4545,1.0127
505.77,232.62,8.0,5.0,4000.0,False,37.91305463174774,1.0214,1.2941,4.0
505.77,232.62,8.0,15.0,12000.0,False,11.538808290367811,1.0214,1.2941,1.3333
505.77,232.62,8.0,25.0,20000.0,False,10.400295999684833,1.0214,1.2941,1.1765
505.77,232.62,8.0,35.0,28000.0,False,12.302131092016042,1.0214,1.2941,1.12
505.77,232.62,8.0,40.0,32000.0,False,9.837903112406938,1.0214,1.2941,1.1034
505.77,232.62,8.0,50.0,40000.0,False,9.916146056769035,1.0214,1.2941,1.0811
505.77,232.62,8.0,65.0,52000.0,False,13.244135490815719,1.0214,1.2941,1.0612
505.77,232.62,8.0,90.0,72000.0,False,8.39812554160652,1.0214,1.2941,1.0435
505.77,232.62,8.0,130.0,104000.0,False,7.592094952852456,1.0214,1.2941,1.0297
505.77,232.62,8.0,200.0,160000.0,False,9.030584283627288,1.0214,1.2941,1.0191
505.77,232.62,8.0,350.0,280000.0,False,8.97228473242697,1.0214,1.2941,1.0108
505.77,232.62,8.0,600.0,480000.0,False,7.727473028222206,1.0214,1.2941,1.0063
508.08,234.93,0.5,5.0,250.0,True,,1.0255,1.8696,
508.08,234.93,0.5,15.0,750.0,True,,1.0255,1.8696,
508.08,234.93,0.5,25.0,1250.0,True,,1.0255,1.8696,
508.08,234.93,0.5,35.0,1750.0,True,,1.0255,1.8696,
508.08,234.93,0.5,40.0,2000.0,True,,1.0255,1.8696,
508.08,234.93,0.5,50.0,2500.0,True,,1.0255,1.8696,
508.08,234.93,0.5,65.0,3250.0,False,7202.001544294161,1.0255,1.8696,13.0
508.08,234.93,0.5,90.0,4500.0,False,2743.8392536207716,1.0255,1.8696,3.0
508.08,234.93,0.5,130.0,6500.0,False,1261.5421537135835,1.0255,1.8696,1.8571
508.08,234.93,0.5,200.0,10000.0,False,827.8703755275909,1.0255,1.8696,1.4286
508.08,234.93,0.5,350.0,17500.0,False,895.5752336229015,1.0255,1.8696,1.2069
508.08,234.93,0.5,600.0,30000.0,False,706.9876496191022,1.0255,1.8696,1.1111
508.08,234.93,1.0,5.0,500.0,True,,1.0255,1.7692,
508.08,234.93,1.0,15.0,1500.0,True,,1.0255,1.7692,
508.08,234.93,1.0,25.0,2500.0,True,,1.0255,1.7692,
508.08,234.93,1.0,35.0,3500.0,False,1231.8967665357627,1.0255,1.7692,7.0
508.08,234.93,1.0,40.0,4000.0,False,795.4975015038003,1.0255,1.7692,4.0
508.08,234.93,1.0,50.0,5000.0,False,376.47092006660154,1.0255,1.7692,2.5
508.08,234.93,1.0,65.0,6500.0,False,357.904325713085,1.0255,1.7692,1.8571
508.08,234.93,1.0,90.0,9000.0,False,365.30796747910637,1.0255,1.7692,1.5
508.08,234.93,1.0,130.0,13000.0,False,254.83679709607154,1.0255,1.7692,1.3
508.08,234.93,1.0,200.0,20000.0,False,203.2465001832213,1.0255,1.7692,1.1765
508.08,234.93,1.0,350.0,35000.0,False,185.28196162893886,1.0255,1.7692,1.0938
508.08,234.93,1.0,600.0,60000.0,False,180.92357661656473,1.0255,1.7692,1.0526
508.08,234.93,2.0,5.0,1000.0,True,,1.0255,1.625,
508.08,234.93,2.0,15.0,3000.0,True,,1.0255,1.625,
508.08,234.93,2.0,25.0,5000.0,False,135.3513173468054,1.0255,1.625,2.5
508.08,234.93,2.0,35.0,7000.0,False,93.00211424933876,1.0255,1.625,1.75
508.08,234.93,2.0,40.0,8000.0,False,103.24737049374794,1.0255,1.625,1.6
508.08,234.93,2.0,50.0,10000.0,False,61.95268801425269,1.0255,1.625,1.4286
508.08,234.93,2.0,65.0,13000.0,False,83.2078497028151,1.0255,1.625,1.3
508.08,234.93,2.0,90.0,18000.0,False,63.75489699904083,1.0255,1.625,1.2
508.08,234.93,2.0,130.0,26000.0,False,67.27723437915962,1.0255,1.625,1.1304
508.08,234.93,2.0,200.0,40000.0,False,51.34619188667129,1.0255,1.625,1.0811
508.08,234.93,2.0,350.0,70000.0,False,71.72036237954805,1.0255,1.625,1.0448
508.08,234.93,2.0,600.0,120000.0,False,69.53571258557278,1.0255,1.625,1.0256
508.08,234.93,4.0,5.0,2000.0,True,,1.0255,1.4545,
508.08,234.93,4.0,15.0,6000.0,False,44.65304705727582,1.0255,1.4545,2.0
508.08,234.93,4.0,25.0,10000.0,False,22.005634106147244,1.0255,1.4545,1.4286
508.08,234.93,4.0,35.0,14000.0,False,27.86487698161769,1.0255,1.4545,1.2727
508.08,234.93,4.0,40.0,16000.0,False,25.28482508219431,1.0255,1.4545,1.2308
508.08,234.93,4.0,50.0,20000.0,False,17.87789495808194,1.0255,1.4545,1.1765
508.08,234.93,4.0,65.0,26000.0,False,21.775696387041283,1.0255,1.4545,1.1304
508.08,234.93,4.0,90.0,36000.0,False,22.276411516209386,1.0255,1.4545,1.0909
508.08,234.93,4.0,130.0,52000.0,False,22.301891606672818,1.0255,1.4545,1.0612
508.08,234.93,4.0,200.0,80000.0,False,20.627955245735276,1.0255,1.4545,1.039
508.08,234.93,4.0,350.0,140000.0,False,20.639010489087404,1.0255,1.4545,1.0219
508.08,234.93,4.0,600.0,240000.0,False,24.421338523694118,1.0255,1.4545,1.0127
508.08,234.93,8.0,5.0,4000.0,False,35.91158503925473,1.0255,1.2941,4.0
508.08,234.93,8.0,15.0,12000.0,False,6.478469720671274,1.0255,1.2941,1.3333
508.08,234.93,8.0,25.0,20000.0,False,8.379293852615382,1.0255,1.2941,1.1765
508.08,234.93,8.0,35.0,28000.0,False,8.162018716021388,1.0255,1.2941,1.12
508.08,234.93,8.0,40.0,32000.0,False,6.33750897935994,1.0255,1.2941,1.1034
508.08,234.93,8.0,50.0,40000.0,False,8.190291579126368,1.0255,1.2941,1.0811
508.08,234.93,8.0,65.0,52000.0,False,9.560094244308623,1.0255,1.2941,1.0612
508.08,234.93,8.0,90.0,72000.0,False,6.622248298059901,1.0255,1.2941,1.0435
508.08,234.93,8.0,130.0,104000.0,False,8.089694939187943,1.0255,1.2941,1.0297
508.08,234.93,8.0,200.0,160000.0,False,6.635373689612519,1.0255,1.2941,1.0191
508.08,234.93,8.0,350.0,280000.0,False,6.826730023891278,1.0255,1.2941,1.0108
508.08,234.93,8.0,600.0,480000.0,False,9.381495234831789,1.0255,1.2941,1.0063
510.11,236.96,0.5,5.0,250.0,True,,1.0291,1.8696,
510.11,236.96,0.5,15.0,750.0,True,,1.0291,1.8696,
510.11,236.96,0.5,25.0,1250.0,True,,1.0291,1.8696,
510.11,236.96,0.5,35.0,1750.0,True,,1.0291,1.8696,
510.11,236.96,0.5,40.0,2000.0,True,,1.0291,1.8696,
510.11,236.96,0.5,50.0,2500.0,True,,1.0291,1.8696,
510.11,236.96,0.5,65.0,3250.0,False,7060.63831381468,1.0291,1.8696,13.0
510.11,236.96,0.5,90.0,4500.0,False,1894.4223010216729,1.0291,1.8696,3.0
510.11,236.96,0.5,130.0,6500.0,False,826.4021716736412,1.0291,1.8696,1.8571
510.11,236.96,0.5,200.0,10000.0,False,1112.9257448418123,1.0291,1.8696,1.4286
510.11,236.96,0.5,350.0,17500.0,False,778.3491116262383,1.0291,1.8696,1.2069
510.11,236.96,0.5,600.0,30000.0,False,636.9623788496845,1.0291,1.8696,1.1111
510.11,236.96,1.0,5.0,500.0,True,,1.0291,1.7692,
510.11,236.96,1.0,15.0,1500.0,True,,1.0291,1.7692,
510.11,236.96,1.0,25.0,2500.0,True,,1.0291,1.7692,
510.11,236.96,1.0,35.0,3500.0,False,1270.6389220885997,1.0291,1.7692,7.0
510.11,236.96,1.0,40.0,4000.0,False,539.0748677275061,1.0291,1.7692,4.0
510.11,236.96,1.0,50.0,5000.0,False,497.0563295388756,1.0291,1.7692,2.5
510.11,236.96,1.0,65.0,6500.0,False,294.5575817449652,1.0291,1.7692,1.8571
510.11,236.96,1.0,90.0,9000.0,False,242.23000205347276,1.0291,1.7692,1.5
510.11,236.96,1.0,130.0,13000.0,False,201.0691618886472,1.0291,1.7692,1.3
510.11,236.96,1.0,200.0,20000.0,False,179.55009230011692,1.0291,1.7692,1.1765
510.11,236.96,1.0,350.0,35000.0,False,202.1168036308431,1.0291,1.7692,1.0938
510.11,236.96,1.0,600.0,60000.0,False,182.12847371006782,1.0291,1.7692,1.0526
510.11,236.96,2.0,5.0,1000.0,True,,1.0291,1.625,
510.11,236.96,2.0,15.0,3000.0,True,,1.0291,1.625,
510.11,236.96,2.0,25.0,5000.0,False,141.23581954605473,1.0291,1.625,2.5
510.11,236.96,2.0,35.0,7000.0,False,89.53902858650162,1.0291,1.625,1.75
510.11,236.96,2.0,40.0,8000.0,False,88.5317832416574,1.0291,1.625,1.6
510.11,236.96,2.0,50.0,10000.0,False,68.73274008084215,1.0291,1.625,1.4286
510.11,236.96,2.0,65.0,13000.0,False,93.05605560245496,1.0291,1.625,1.3
510.11,236.96,2.0,90.0,18000.0,False,48.594483373843566,1.0291,1.625,1.2
510.11,236.96,2.0,130.0,26000.0,False,69.97380375493766,1.0291,1.625,1.1304
510.11,236.96,2.0,200.0,40000.0,False,68.00122218924382,1.0291,1.625,1.0811
510.11,236.96,2.0,350.0,70000.0,False,47.103948089776935,1.0291,1.625,1.0448
510.11,236.96,2.0,600.0,120000.0,False,73.41196027526695,1.0291,1.625,1.0256
510.11,236.96,4.0,5.0,2000.0,True,,1.0291,1.4545,
510.11,236.96,4.0,15.0,6000.0,False,40.89501251883707,1.0291,1.4545,2.0
510.11,236.96,4.0,25.0,10000.0,False,29.104220099628794,1.0291,1.4545,1.4286
510.11,236.96,4.0,35.0,14000.0,False,22.508719650928082,1.0291,1.4545,1.2727
510.11,236.96,4.0,40.0,16000.0,False,20.98048731617371,1.0291,1.4545,1.2308
510.11,236.96,4.0,50.0,20000.0,False,20.07840771762712,1.0291,1.4545,1.1765
510.11,236.96,4.0,65.0,26000.0,False,21.10941819502552,1.0291,1.4545,1.1304
510.11,236.96,4.0,90.0,36000.0,False,23.70596507857517,1.0291,1.4545,1.0909
510.11,236.96,4.0,130.0,52000.0,False,19.204755726604837,1.0291,1.4545,1.0612
510.11,236.96,4.0,200.0,80000.0,False,15.959305222610496,1.0291,1.4545,1.039
510.11,236.96,4.0,350.0,140000.0,False,20.365920607296697,1.0291,1.4545,1.0219
510.11,236.96,4.0,600.0,240000.0,False,20.476723120196972,1.0291,1.4545,1.0127
510.11,236.96,8.0,5.0,4000.0,False,30.025721265176855,1.0291,1.2941,4.0
510.11,236.96,8.0,15.0,12000.0,False,10.145883004415136,1.0291,1.2941,1.3333
510.11,236.96,8.0,25.0,20000.0,False,7.686309884830251,1.0291,1.2941,1.1765
510.11,236.96,8.0,35.0,28000.0,False,6.629579707682546,1.0291,1.2941,1.12
510.11,236.96,8.0,40.0,32000.0,False,6.5914421100482645,1.0291,1.2941,1.1034
510.11,236.96,8.0,50.0,40000.0,False,5.7557718632766175,1.0291,1.2941,1.0811
510.11,236.96,8.0,65.0,52000.0,False,7.482199590408867,1.0291,1.2941,1.0612
510.11,236.96,8.0,90.0,72000.0,False,7.011862771737337,1.0291,1.2941,1.0435
510.11,236.96,8.0,130.0,104000.0,False,6.558968344726383,1.0291,1.2941,1.0297
510.11,236.96,8.0,200.0,160000.0,False,4.4510778737953505,1.0291,1.2941,1.0191
510.11,236.96,8.0,350.0,280000.0,False,5.704387274021872,1.0291,1.2941,1.0108
510.11,236.96,8.0,600.0,480000.0,False,8.100751297611255,1.0291,1.2941,1.0063
510.38,237.23,0.5,5.0,250.0,True,,1.0296,1.8696,
510.38,237.23,0.5,15.0,750.0,True,,1.0296,1.8696,
510.38,237.23,0.5,25.0,1250.0,True,,1.0296,1.8696,
510.38,237.23,0.5,35.0,1750.0,True,,1.0296,1.8696,
510.38,237.23,0.5,40.0,2000.0,True,,1.0296,1.8696,
510.38,237.23,0.5,50.0,2500.0,True,,1.0296,1.8696,
510.38,237.23,0.5,65.0,3250.0,False,6844.247400073245,1.0296,1.8696,13.0
510.38,237.23,0.5,90.0,4500.0,False,1842.003958222721,1.0296,1.8696,3.0
510.38,237.23,0.5,130.0,6500.0,False,876.8576980430523,1.0296,1.8696,1.8571
510.38,237.23,0.5,200.0,10000.0,False,1031.1078561223947,1.0296,1.8696,1.4286
510.38,237.23,0.5,350.0,17500.0,False,687.0151936133514,1.0296,1.8696,1.2069
510.38,237.23,0.5,600.0,30000.0,False,675.0419928039875,1.0296,1.8696,1.1111
510.38,237.23,1.0,5.0,500.0,True,,1.0296,1.7692,
510.38,237.23,1.0,15.0,1500.0,True,,1.0296,1.7692,
510.38,237.23,1.0,25.0,2500.0,True,,1.0296,1.7692,
510.38,237.23,1.0,35.0,3500.0,False,1631.073072977278,1.0296,1.7692,7.0
510.38,237.23,1.0,40.0,4000.0,False,825.4895980961694,1.0296,1.7692,4.0
510.38,237.23,1.0,50.0,5000.0,False,392.4943628768444,1.0296,1.7692,2.5
510.38,237.23,1.0,65.0,6500.0,False,279.2960881699047,1.0296,1.7692,1.8571
510.38,237.23,1.0,90.0,9000.0,False,234.82713382705626,1.0296,1.7692,1.5
510.38,237.23,1.0,130.0,13000.0,False,230.68780157560664,1.0296,1.7692,1.3
510.38,237.23,1.0,200.0,20000.0,False,190.36658265758123,1.0296,1.7692,1.1765
510.38,237.23,1.0,350.0,35000.0,False,169.44727615162904,1.0296,1.7692,1.0938
510.38,237.23,1.0,600.0,60000.0,False,215.63491478388502,1.0296,1.7692,1.0526
510.38,237.23,2.0,5.0,1000.0,True,,1.0296,1.625,
510.38,237.23,2.0,15.0,3000.0,True,,1.0296,1.625,
510.38,237.23,2.0,25.0,5000.0,False,124.30280170263474,1.0296,1.625,2.5
510.38,237.23,2.0,35.0,7000.0,False,124.975215530916,1.0296,1.625,1.75
510.38,237.23,2.0,40.0,8000.0,False,82.03748720281496,1.0296,1.625,1.6
510.38,237.23,2.0,50.0,10000.0,False,94.44654311055272,1.0296,1.625,1.4286
510.38,237.23,2.0,65.0,13000.0,False,69.37478464693513,1.0296,1.625,1.3
510.38,237.23,2.0,90.0,18000.0,False,70.12833585110995,1.0296,1.625,1.2
510.38,237.23,2.0,130.0,26000.0,False,51.288776900049285,1.0296,1.625,1.1304
510.38,237.23,2.0,200.0,40000.0,False,48.10850343517939,1.0296,1.625,1.0811
510.38,237.23,2.0,350.0,70000.0,False,56.61759518600199,1.0296,1.625,1.0448
510.38,237.23,2.0,600.0,120000.0,False,60.16928970463507,1.0296,1.625,1.0256
510.38,237.23,4.0,5.0,2000.0,True,,1.0296,1.4545,
510.38,237.23,4.0,15.0,6000.0,False,34.984542317334885,1.0296,1.4545,2.0
510.38,237.23,4.0,25.0,10000.0,False,20.47975021726238,1.0296,1.4545,1.4286
510.38,237.23,4.0,35.0,14000.0,False,18.044554723045426,1.0296,1.4545,1.2727
510.38,237.23,4.0,40.0,16000.0,False,17.275504347438694,1.0296,1.4545,1.2308
510.38,237.23,4.0,50.0,20000.0,False,15.691140795628744,1.0296,1.4545,1.1765
510.38,237.23,4.0,65.0,26000.0,False,19.98027997744598,1.0296,1.4545,1.1304
510.38,237.23,4.0,90.0,36000.0,False,22.454445788341022,1.0296,1.4545,1.0909
510.38,237.23,4.0,130.0,52000.0,False,18.414376893588674,1.0296,1.4545,1.0612
510.38,237.23,4.0,200.0,80000.0,False,12.869750808446764,1.0296,1.4545,1.039
510.38,237.23,4.0,350.0,140000.0,False,17.266497922631675,1.0296,1.4545,1.0219
510.38,237.23,4.0,600.0,240000.0,False,17.18229670982785,1.0296,1.4545,1.0127
510.38,237.23,8.0,5.0,4000.0,False,36.79781777372954,1.0296,1.2941,4.0
510.38,237.23,8.0,15.0,12000.0,False,7.198378235994778,1.0296,1.2941,1.3333
510.38,237.23,8.0,25.0,20000.0,False,7.453335566539255,1.0296,1.2941,1.1765
510.38,237.23,8.0,35.0,28000.0,False,9.717719363187134,1.0296,1.2941,1.12
510.38,237.23,8.0,40.0,32000.0,False,7.930223300084171,1.0296,1.2941,1.1034
510.38,237.23,8.0,50.0,40000.0,False,7.902687350941161,1.0296,1.2941,1.0811
510.38,237.23,8.0,65.0,52000.0,False,7.2525668621713315,1.0296,1.2941,1.0612
510.38,237.23,8.0,90.0,72000.0,False,7.3654158796977995,1.0296,1.2941,1.0435
510.38,237.23,8.0,130.0,104000.0,False,7.772999935715602,1.0296,1.2941,1.0297
510.38,237.23,8.0,200.0,160000.0,False,6.063271053067748,1.0296,1.2941,1.0191
510.38,237.23,8.0,350.0,280000.0,False,7.746377029161054,1.0296,1.2941,1.0108
510.38,237.23,8.0,600.0,480000.0,False,5.501735184738253,1.0296,1.2941,1.0063
512.69,239.54,0.5,5.0,250.0,True,,1.0336,1.8696,
512.69,239.54,0.5,15.0,750.0,True,,1.0336,1.8696,
512.69,239.54,0.5,25.0,1250.0,True,,1.0336,1.8696,
512.69,239.54,0.5,35.0,1750.0,True,,1.0336,1.8696,
512.69,239.54,0.5,40.0,2000.0,True,,1.0336,1.8696,
512.69,239.54,0.5,50.0,2500.0,True,,1.0336,1.8696,
512.69,239.54,0.5,65.0,3250.0,False,7147.660680220164,1.0336,1.8696,13.0
512.69,239.54,0.5,90.0,4500.0,False,1612.8519434150505,1.0336,1.8696,3.0
512.69,239.54,0.5,130.0,6500.0,False,886.1897534496818,1.0336,1.8696,1.8571
512.69,239.54,0.5,200.0,10000.0,False,745.1667388061769,1.0336,1.8696,1.4286
512.69,239.54,0.5,350.0,17500.0,False,575.3664026047893,1.0336,1.8696,1.2069
512.69,239.54,0.5,600.0,30000.0,False,495.1898219787706,1.0336,1.8696,1.1111
512.69,239.54,1.0,5.0,500.0,True,,1.0336,1.7692,
512.69,239.54,1.0,15.0,1500.0,True,,1.0336,1.7692,
512.69,239.54,1.0,25.0,2500.0,True,,1.0336,1.7692,
512.69,239.54,1.0,35.0,3500.0,False,981.9218767659693,1.0336,1.7692,7.0
512.69,239.54,1.0,40.0,4000.0,False,501.367757125041,1.0336,1.7692,4.0
512.69,239.54,1.0,50.0,5000.0,False,388.1353673254536,1.0336,1.7692,2.5
512.69,239.54,1.0,65.0,6500.0,False,231.173889661754,1.0336,1.7692,1.8571
512.69,239.54,1.0,90.0,9000.0,False,246.8807616482801,1.0336,1.7692,1.5
512.69,239.54,1.0,130.0,13000.0,False,161.06148982141653,1.0336,1.7692,1.3
512.69,239.54,1.0,200.0,20000.0,False,159.8472232383015,1.0336,1.7692,1.1765
512.69,239.54,1.0,350.0,35000.0,False,147.3138669056882,1.0336,1.7692,1.0938
512.69,239.54,1.0,600.0,60000.0,False,189.94016772703682,1.0336,1.7692,1.0526
512.69,239.54,2.0,5.0,1000.0,True,,1.0336,1.625,
512.69,239.54,2.0,15.0,3000.0,True,,1.0336,1.625,
512.69,239.54,2.0,25.0,5000.0,False,119.56056218531089,1.0336,1.625,2.5
512.69,239.54,2.0,35.0,7000.0,False,77.15717177695419,1.0336,1.625,1.75
512.69,239.54,2.0,40.0,8000.0,False,78.47658980070656,1.0336,1.625,1.6
512.69,239.54,2.0,50.0,10000.0,False,47.39823101500242,1.0336,1.625,1.4286
512.69,239.54,2.0,65.0,13000.0,False,58.78478376026792,1.0336,1.625,1.3
512.69,239.54,2.0,90.0,18000.0,False,73.69518755273717,1.0336,1.625,1.2
512.69,239.54,2.0,130.0,26000.0,False,52.48057566801344,1.0336,1.625,1.1304
512.69,239.54,2.0,200.0,40000.0,False,49.70658069322903,1.0336,1.625,1.0811
512.69,239.54,2.0,350.0,70000.0,False,51.62523975378121,1.0336,1.625,1.0448
512.69,239.54,2.0,600.0,120000.0,False,53.39127858707439,1.0336,1.625,1.0256
512.69,239.54,4.0,5.0,2000.0,True,,1.0336,1.4545,
512.69,239.54,4.0,15.0,6000.0,False,23.188938181212364,1.0336,1.4545,2.0
512.69,239.54,4.0,25.0,10000.0,False,17.365303391417367,1.0336,1.4545,1.4286
512.69,239.54,4.0,35.0,14000.0,False,20.549856054801587,1.0336,1.4545,1.2727
512.69,239.54,4.0,40.0,16000.0,False,17.29739766670417,1.0336,1.4545,1.2308
512.69,239.54,4.0,50.0,20000.0,False,22.409184667842453,1.0336,1.4545,1.1765
512.69,239.54,4.0,65.0,26000.0,False,16.868944862696633,1.0336,1.4545,1.1304
512.69,239.54,4.0,90.0,36000.0,False,12.768484066151927,1.0336,1.4545,1.0909
512.69,239.54,4.0,130.0,52000.0,False,13.727066198343314,1.0336,1.4545,1.0612
512.69,239.54,4.0,200.0,80000.0,False,10.760887101159689,1.0336,1.4545,1.039
512.69,239.54,4.0,350.0,140000.0,False,15.43582107184519,1.0336,1.4545,1.0219
512.69,239.54,4.0,600.0,240000.0,False,15.401568408207709,1.0336,1.4545,1.0127
512.69,239.54,8.0,5.0,4000.0,False,22.687108384706455,1.0336,1.2941,4.0
512.69,239.54,8.0,15.0,12000.0,False,9.475275473342682,1.0336,1.2941,1.3333
512.69,239.54,8.0,25.0,20000.0,False,8.511930783415478,1.0336,1.2941,1.1765
512.69,239.54,8.0,35.0,28000.0,False,6.599159667017417,1.0336,1.2941,1.12
512.69,239.54,8.0,40.0,32000.0,False,4.842387666615215,1.0336,1.2941,1.1034
512.69,239.54,8.0,50.0,40000.0,False,7.1687096586276535,1.0336,1.2941,1.0811
512.69,239.54,8.0,65.0,52000.0,False,6.971980639010465,1.0336,1.2941,1.0612
512.69,239.54,8.0,90.0,72000.0,False,6.607069722968016,1.0336,1.2941,1.0435
512.69,239.54,8.0,130.0,104000.0,False,7.211408173657785,1.0336,1.2941,1.0297
512.69,239.54,8.0,200.0,160000.0,False,5.172601178824788,1.0336,1.2941,1.0191
512.69,239.54,8.0,350.0,280000.0,False,8.258618327595148,1.0336,1.2941,1.0108
512.69,239.54,8.0,600.0,480000.0,False,5.267349769299468,1.0336,1.2941,1.0063
515.0,241.85,0.5,5.0,250.0,True,,1.0375,1.8696,
515.0,241.85,0.5,15.0,750.0,True,,1.0375,1.8696,
515.0,241.85,0.5,25.0,1250.0,True,,1.0375,1.8696,
515.0,241.85,0.5,35.0,1750.0,True,,1.0375,1.8696,
515.0,241.85,0.5,40.0,2000.0,True,,1.0375,1.8696,
515.0,241.85,0.5,50.0,2500.0,True,,1.0375,1.8696,
515.0,241.85,0.5,65.0,3250.0,False,6854.362780651487,1.0375,1.8696,13.0
515.0,241.85,0.5,90.0,4500.0,False,1097.5305370673782,1.0375,1.8696,3.0
515.0,241.85,0.5,130.0,6500.0,False,761.1324116051624,1.0375,1.8696,1.8571
515.0,241.85,0.5,200.0,10000.0,False,845.0857277847282,1.0375,1.8696,1.4286
515.0,241.85,0.5,350.0,17500.0,False,546.8776442587142,1.0375,1.8696,1.2069
515.0,241.85,0.5,600.0,30000.0,False,593.8678029817414,1.0375,1.8696,1.1111
515.0,241.85,1.0,5.0,500.0,True,,1.0375,1.7692,
515.0,241.85,1.0,15.0,1500.0,True,,1.0375,1.7692,
515.0,241.85,1.0,25.0,2500.0,True,,1.0375,1.7692,
515.0,241.85,1.0,35.0,3500.0,False,965.9086384819253,1.0375,1.7692,7.0
515.0,241.85,1.0,40.0,4000.0,False,524.3536875962102,1.0375,1.7692,4.0
515.0,241.85,1.0,50.0,5000.0,False,408.4967980056241,1.0375,1.7692,2.5
515.0,241.85,1.0,65.0,6500.0,False,238.68774225801968,1.0375,1.7692,1.8571
515.0,241.85,1.0,90.0,9000.0,False,152.928453403694,1.0375,1.7692,1.5
515.0,241.85,1.0,130.0,13000.0,False,153.46830228181366,1.0375,1.7692,1.3
515.0,241.85,1.0,200.0,20000.0,False,170.17264559492085,1.0375,1.7692,1.1765
515.0,241.85,1.0,350.0,35000.0,False,154.5556645624826,1.0375,1.7692,1.0938
515.0,241.85,1.0,600.0,60000.0,False,110.8136932635225,1.0375,1.7692,1.0526
515.0,241.85,2.0,5.0,1000.0,True,,1.0375,1.625,
515.0,241.85,2.0,15.0,3000.0,True,,1.0375,1.625,
515.0,241.85,2.0,25.0,5000.0,False,91.89072991680109,1.0375,1.625,2.5
515.0,241.85,2.0,35.0,7000.0,False,65.71442003582703,1.0375,1.625,1.75
515.0,241.85,2.0,40.0,8000.0,False,62.062627055554856,1.0375,1.625,1.6
515.0,241.85,2.0,50.0,10000.0,False,47.619803019510265,1.0375,1.625,1.4286
515.0,241.85,2.0,65.0,13000.0,False,48.47602748771453,1.0375,1.625,1.3
515.0,241.85,2.0,90.0,18000.0,False,44.07932196905595,1.0375,1.625,1.2
515.0,241.85,2.0,130.0,26000.0,False,52.00256841463186,1.0375,1.625,1.1304
515.0,241.85,2.0,200.0,40000.0,False,50.013378368698795,1.0375,1.625,1.0811
515.0,241.85,2.0,350.0,70000.0,False,41.88349573701396,1.0375,1.625,1.0448
515.0,241.85,2.0,600.0,120000.0,False,39.62549156307507,1.0375,1.625,1.0256
515.0,241.85,4.0,5.0,2000.0,True,,1.0375,1.4545,
515.0,241.85,4.0,15.0,6000.0,False,28.76777957954681,1.0375,1.4545,2.0
515.0,241.85,4.0,25.0,10000.0,False,17.80196504004674,1.0375,1.4545,1.4286
515.0,241.85,4.0,35.0,14000.0,False,15.093397754197783,1.0375,1.4545,1.2727
515.0,241.85,4.0,40.0,16000.0,False,15.055243748421722,1.0375,1.4545,1.2308
515.0,241.85,4.0,50.0,20000.0,False,15.065647073913171,1.0375,1.4545,1.1765
515.0,241.85,4.0,65.0,26000.0,False,13.372514196159592,1.0375,1.4545,1.1304
515.0,241.85,4.0,90.0,36000.0,False,15.743703062016282,1.0375,1.4545,1.0909
515.0,241.85,4.0,130.0,52000.0,False,16.676506631455617,1.0375,1.4545,1.0612
515.0,241.85,4.0,200.0,80000.0,False,11.533739812042256,1.0375,1.4545,1.039
515.0,241.85,4.0,350.0,140000.0,False,14.447927408831653,1.0375,1.4545,1.0219
515.0,241.85,4.0,600.0,240000.0,False,13.800551868156164,1.0375,1.4545,1.0127
515.0,241.85,8.0,5.0,4000.0,False,22.912085970633733,1.0375,1.2941,4.0
515.0,241.85,8.0,15.0,12000.0,False,7.241911104441585,1.0375,1.2941,1.3333
515.0,241.85,8.0,25.0,20000.0,False,5.148075299342095,1.0375,1.2941,1.1765
515.0,241.85,8.0,35.0,28000.0,False,5.04357002442186,1.0375,1.2941,1.12
515.0,241.85,8.0,40.0,32000.0,False,6.031510568152669,1.0375,1.2941,1.1034
515.0,241.85,8.0,50.0,40000.0,False,6.864907455222249,1.0375,1.2941,1.0811
515.0,241.85,8.0,65.0,52000.0,False,4.143078845146627,1.0375,1.2941,1.0612
515.0,241.85,8.0,90.0,72000.0,False,5.980848696712944,1.0375,1.2941,1.0435
515.0,241.85,8.0,130.0,104000.0,False,6.698325448668928,1.0375,1.2941,1.0297
515.0,241.85,8.0,200.0,160000.0,False,5.4201202821575105,1.0375,1.2941,1.0191
515.0,241.85,8.0,350.0,280000.0,False,5.974177015962338,1.0375,1.2941,1.0108
515.0,241.85,8.0,600.0,480000.0,False,4.928098086303355,1.0375,1.2941,1.0063
517.31,244.16,0.5,5.0,250.0,True,,1.0414,1.8696,
517.31,244.16,0.5,15.0,750.0,True,,1.0414,1.8696,
517.31,244.16,0.5,25.0,1250.0,True,,1.0414,1.8696,
517.31,244.16,0.5,35.0,1750.0,True,,1.0414,1.8696,
517.31,244.16,0.5,40.0,2000.0,True,,1.0414,1.8696,
517.31,244.16,0.5,50.0,2500.0,True,,1.0414,1.8696,
517.31,244.16,0.5,65.0,3250.0,False,5420.100296027918,1.0414,1.8696,13.0
517.31,244.16,0.5,90.0,4500.0,False,998.5462112106592,1.0414,1.8696,3.0
517.31,244.16,0.5,130.0,6500.0,False,554.5810055283911,1.0414,1.8696,1.8571
517.31,244.16,0.5,200.0,10000.0,False,698.4858952761559,1.0414,1.8696,1.4286
517.31,244.16,0.5,350.0,17500.0,False,441.9196878357856,1.0414,1.8696,1.2069
517.31,244.16,0.5,600.0,30000.0,False,440.47624228453515,1.0414,1.8696,1.1111
517.31,244.16,1.0,5.0,500.0,True,,1.0414,1.7692,
517.31,244.16,1.0,15.0,1500.0,True,,1.0414,1.7692,
517.31,244.16,1.0,25.0,2500.0,True,,1.0414,1.7692,
517.31,244.16,1.0,35.0,3500.0,False,682.032249601981,1.0414,1.7692,7.0
517.31,244.16,1.0,40.0,4000.0,False,388.35972567132353,1.0414,1.7692,4.0
517.31,244.16,1.0,50.0,5000.0,False,292.17361845607456,1.0414,1.7692,2.5
517.31,244.16,1.0,65.0,6500.0,False,199.6839290565379,1.0414,1.7692,1.8571
517.31,244.16,1.0,90.0,9000.0,False,190.4317552592443,1.0414,1.7692,1.5
517.31,244.16,1.0,130.0,13000.0,False,166.89721765227807,1.0414,1.7692,1.3
517.31,244.16,1.0,200.0,20000.0,False,148.08397461654653,1.0414,1.7692,1.1765
517.31,244.16,1.0,350.0,35000.0,False,135.98375224278973,1.0414,1.7692,1.0938
517.31,244.16,1.0,600.0,60000.0,False,159.98685531767498,1.0414,1.7692,1.0526
517.31,244.16,2.0,5.0,1000.0,True,,1.0414,1.625,
517.31,244.16,2.0,15.0,3000.0,True,,1.0414,1.625,
517.31,244.16,2.0,25.0,5000.0,False,78.62028953041147,1.0414,1.625,2.5
517.31,244.16,2.0,35.0,7000.0,False,64.06214924581464,1.0414,1.625,1.75
517.31,244.16,2.0,40.0,8000.0,False,69.99230017149712,1.0414,1.625,1.6
517.31,244.16,2.0,50.0,10000.0,False,63.74138588046839,1.0414,1.625,1.4286
517.31,244.16,2.0,65.0,13000.0,False,38.767328897500626,1.0414,1.625,1.3
517.31,244.16,2.0,90.0,18000.0,False,42.26445293764383,1.0414,1.625,1.2
517.31,244.16,2.0,130.0,26000.0,False,51.151848093128855,1.0414,1.625,1.1304
517.31,244.16,2.0,200.0,40000.0,False,43.0624567050344,1.0414,1.625,1.0811
517.31,244.16,2.0,350.0,70000.0,False,39.708696277083355,1.0414,1.625,1.0448
517.31,244.16,2.0,600.0,120000.0,False,36.64009893870904,1.0414,1.625,1.0256
517.31,244.16,4.0,5.0,2000.0,True,,1.0414,1.4545,
517.31,244.16,4.0,15.0,6000.0,False,23.955897790163657,1.0414,1.4545,2.0
517.31,244.16,4.0,25.0,10000.0,False,18.926164116391693,1.0414,1.4545,1.4286
517.31,244.16,4.0,35.0,14000.0,False,15.548177733365574,1.0414,1.4545,1.2727
517.31,244.16,4.0,40.0,16000.0,False,15.516284382460329,1.0414,1.4545,1.2308
517.31,244.16,4.0,50.0,20000.0,False,15.103798093131664,1.0414,1.4545,1.1765
517.31,244.16,4.0,65.0,26000.0,False,12.955612590729782,1.0414,1.4545,1.1304
517.31,244.16,4.0,90.0,36000.0,False,14.991273860574685,1.0414,1.4545,1.0909
517.31,244.16,4.0,130.0,52000.0,False,20.846740891264613,1.0414,1.4545,1.0612
517.31,244.16,4.0,200.0,80000.0,False,10.097730776859358,1.0414,1.4545,1.039
517.31,244.16,4.0,350.0,140000.0,False,13.611307505688027,1.0414,1.4545,1.0219
517.31,244.16,4.0,600.0,240000.0,False,11.463725836127024,1.0414,1.4545,1.0127
517.31,244.16,8.0,5.0,4000.0,False,21.382353178359974,1.0414,1.2941,4.0
517.31,244.16,8.0,15.0,12000.0,False,6.581922722454606,1.0414,1.2941,1.3333
517.31,244.16,8.0,25.0,20000.0,False,6.465357845341279,1.0414,1.2941,1.1765
517.31,244.16,8.0,35.0,28000.0,False,6.549023064370847,1.0414,1.2941,1.12
517.31,244.16,8.0,40.0,32000.0,False,5.567602089907285,1.0414,1.2941,1.1034
517.31,244.16,8.0,50.0,40000.0,False,6.2803807083659136,1.0414,1.2941,1.0811
517.31,244.16,8.0,65.0,52000.0,False,3.659915108204257,1.0414,1.2941,1.0612
517.31,244.16,8.0,90.0,72000.0,False,6.493415577258286,1.0414,1.2941,1.0435
517.31,244.16,8.0,130.0,104000.0,False,5.339814536337528,1.0414,1.2941,1.0297
517.31,244.16,8.0,200.0,160000.0,False,5.872413627661087,1.0414,1.2941,1.0191
517.31,244.16,8.0,350.0,280000.0,False,4.126592275625897,1.0414,1.2941,1.0108
517.31,244.16,8.0,600.0,480000.0,False,4.354959658647727,1.0414,1.2941,1.0063
519.62,246.47,0.5,5.0,250.0,True,,1.0452,1.8696,
519.62,246.47,0.5,15.0,750.0,True,,1.0452,1.8696,
519.62,246.47,0.5,25.0,1250.0,True,,1.0452,1.8696,
519.62,246.47,0.5,35.0,1750.0,True,,1.0452,1.8696,
519.62,246.47,0.5,40.0,2000.0,True,,1.0452,1.8696,
519.62,246.47,0.5,50.0,2500.0,True,,1.0452,1.8696,
519.62,246.47,0.5,65.0,3250.0,False,5083.366054331434,1.0452,1.8696,13.0
519.62,246.47,0.5,90.0,4500.0,False,1144.7544443991035,1.0452,1.8696,3.0
519.62,246.47,0.5,130.0,6500.0,False,741.2873413921728,1.0452,1.8696,1.8571
519.62,246.47,0.5,200.0,10000.0,False,643.0619383644639,1.0452,1.8696,1.4286
519.62,246.47,0.5,350.0,17500.0,False,354.3049605951288,1.0452,1.8696,1.2069
519.62,246.47,0.5,600.0,30000.0,False,491.92300241894844,1.0452,1.8696,1.1111
519.62,246.47,1.0,5.0,500.0,True,,1.0452,1.7692,
519.62,246.47,1.0,15.0,1500.0,True,,1.0452,1.7692,
519.62,246.47,1.0,25.0,2500.0,True,,1.0452,1.7692,
519.62,246.47,1.0,35.0,3500.0,False,757.746748702278,1.0452,1.7692,7.0
519.62,246.47,1.0,40.0,4000.0,False,419.4414191107442,1.0452,1.7692,4.0
519.62,246.47,1.0,50.0,5000.0,False,216.76639140850864,1.0452,1.7692,2.5
519.62,246.47,1.0,65.0,6500.0,False,216.52224670708975,1.0452,1.7692,1.8571
519.62,246.47,1.0,90.0,9000.0,False,112.90488291221078,1.0452,1.7692,1.5
519.62,246.47,1.0,130.0,13000.0,False,154.90625938515495,1.0452,1.7692,1.3
519.62,246.47,1.0,200.0,20000.0,False,101.68703822297468,1.0452,1.7692,1.1765
519.62,246.47,1.0,350.0,35000.0,False,119.20296580496817,1.0452,1.7692,1.0938
519.62,246.47,1.0,600.0,60000.0,False,111.78917802900557,1.0452,1.7692,1.0526
519.62,246.47,2.0,5.0,1000.0,True,,1.0452,1.625,
519.62,246.47,2.0,15.0,3000.0,True,,1.0452,1.625,
519.62,246.47,2.0,25.0,5000.0,False,99.11326105625731,1.0452,1.625,2.5
519.62,246.47,2.0,35.0,7000.0,False,56.676479775325696,1.0452,1.625,1.75
519.62,246.47,2.0,40.0,8000.0,False,47.9627485813006,1.0452,1.625,1.6
519.62,246.47,2.0,50.0,10000.0,False,44.04563840577174,1.0452,1.625,1.4286
519.62,246.47,2.0,65.0,13000.0,False,52.34406048484528,1.0452,1.625,1.3
519.62,246.47,2.0,90.0,18000.0,False,43.2634382233123,1.0452,1.625,1.2
519.62,246.47,2.0,130.0,26000.0,False,35.49172668435459,1.0452,1.625,1.1304
519.62,246.47,2.0,200.0,40000.0,False,34.710296491076,1.0452,1.625,1.0811
519.62,246.47,2.0,350.0,70000.0,False,27.474762399777703,1.0452,1.625,1.0448
519.62,246.47,2.0,600.0,120000.0,False,36.16640797145957,1.0452,1.625,1.0256
519.62,246.47,4.0,5.0,2000.0,True,,1.0452,1.4545,
519.62,246.47,4.0,15.0,6000.0,False,17.564432694763568,1.0452,1.4545,2.0
519.62,246.47,4.0,25.0,10000.0,False,18.286179887259244,1.0452,1.4545,1.4286
519.62,246.47,4.0,35.0,14000.0,False,14.837480697394955,1.0452,1.4545,1.2727
519.62,246.47,4.0,40.0,16000.0,False,20.133463833034902,1.0452,1.4545,1.2308
519.62,246.47,4.0,50.0,20000.0,False,11.406686970024051,1.0452,1.4545,1.1765
519.62,246.47,4.0,65.0,26000.0,False,12.729271345184161,1.0452,1.4545,1.1304
519.62,246.47,4.0,90.0,36000.0,False,16.337379372323348,1.0452,1.4545,1.0909
519.62,246.47,4.0,130.0,52000.0,False,14.509926912283767,1.0452,1.4545,1.0612
519.62,246.47,4.0,200.0,80000.0,False,10.702641374075153,1.0452,1.4545,1.039
519.62,246.47,4.0,350.0,140000.0,False,12.08491250724099,1.0452,1.4545,1.0219
519.62,246.47,4.0,600.0,240000.0,False,11.583478886209829,1.0452,1.4545,1.0127
519.62,246.47,8.0,5.0,4000.0,False,18.436135317404922,1.0452,1.2941,4.0
519.62,246.47,8.0,15.0,12000.0,False,5.304761855601761,1.0452,1.2941,1.3333
519.62,246.47,8.0,25.0,20000.0,False,5.128666800897021,1.0452,1.2941,1.1765
519.62,246.47,8.0,35.0,28000.0,False,3.8936448659267504,1.0452,1.2941,1.12
519.62,246.47,8.0,40.0,32000.0,False,4.975040264984357,1.0452,1.2941,1.1034
519.62,246.47,8.0,50.0,40000.0,False,5.109949471118099,1.0452,1.2941,1.0811
519.62,246.47,8.0,65.0,52000.0,False,4.531420117201902,1.0452,1.2941,1.0612
519.62,246.47,8.0,90.0,72000.0,False,3.6183816008377914,1.0452,1.2941,1.0435
519.62,246.47,8.0,130.0,104000.0,False,5.276563508586072,1.0452,1.2941,1.0297
519.62,246.47,8.0,200.0,160000.0,False,4.755641697429685,1.0452,1.2941,1.0191
519.62,246.47,8.0,350.0,280000.0,False,4.0052047618803766,1.0452,1.2941,1.0108
519.62,246.47,8.0,600.0,480000.0,False,4.262707063753369,1.0452,1.2941,1.0063
521.92,248.77,0.5,5.0,250.0,True,,1.0489,1.8696,
521.92,248.77,0.5,15.0,750.0,True,,1.0489,1.8696,
521.92,248.77,0.5,25.0,1250.0,True,,1.0489,1.8696,
521.92,248.77,0.5,35.0,1750.0,True,,1.0489,1.8696,
521.92,248.77,0.5,40.0,2000.0,True,,1.0489,1.8696,
521.92,248.77,0.5,50.0,2500.0,True,,1.0489,1.8696,
521.92,248.77,0.5,65.0,3250.0,False,3580.825946705959,1.0489,1.8696,13.0
521.92,248.77,0.5,90.0,4500.0,False,887.4042130903217,1.0489,1.8696,3.0
521.92,248.77,0.5,130.0,6500.0,False,591.0303227170317,1.0489,1.8696,1.8571
521.92,248.77,0.5,200.0,10000.0,False,592.5515555983062,1.0489,1.8696,1.4286
521.92,248.77,0.5,350.0,17500.0,False,378.2769275593701,1.0489,1.8696,1.2069
521.92,248.77,0.5,600.0,30000.0,False,421.9523452317293,1.0489,1.8696,1.1111
521.92,248.77,1.0,5.0,500.0,True,,1.0489,1.7692,
521.92,248.77,1.0,15.0,1500.0,True,,1.0489,1.7692,
521.92,248.77,1.0,25.0,2500.0,True,,1.0489,1.7692,
521.92,248.77,1.0,35.0,3500.0,False,629.5281035375784,1.0489,1.7692,7.0
521.92,248.77,1.0,40.0,4000.0,False,404.759989666333,1.0489,1.7692,4.0
521.92,248.77,1.0,50.0,5000.0,False,238.6240222575905,1.0489,1.7692,2.5
521.92,248.77,1.0,65.0,6500.0,False,206.39782102528955,1.0489,1.7692,1.8571
521.92,248.77,1.0,90.0,9000.0,False,134.96981832209647,1.0489,1.7692,1.5
521.92,248.77,1.0,130.0,13000.0,False,100.11232494352116,1.0489,1.7692,1.3
521.92,248.77,1.0,200.0,20000.0,False,93.22671785536444,1.0489,1.7692,1.1765
521.92,248.77,1.0,350.0,35000.0,False,98.4588124172754,1.0489,1.7692,1.0938
521.92,248.77,1.0,600.0,60000.0,False,85.09277032089928,1.0489,1.7692,1.0526
521.92,248.77,2.0,5.0,1000.0,True,,1.0489,1.625,
521.92,248.77,2.0,15.0,3000.0,True,,1.0489,1.625,
521.92,248.77,2.0,25.0,5000.0,False,79.75626654685728,1.0489,1.625,2.5
521.92,248.77,2.0,35.0,7000.0,False,48.955089888441606,1.0489,1.625,1.75
521.92,248.77,2.0,40.0,8000.0,False,68.53519394118219,1.0489,1.625,1.6
521.92,248.77,2.0,50.0,10000.0,False,33.02188542708099,1.0489,1.625,1.4286
521.92,248.77,2.0,65.0,13000.0,False,40.207840865679934,1.0489,1.625,1.3
521.92,248.77,2.0,90.0,18000.0,False,30.395099203645664,1.0489,1.625,1.2
521.92,248.77,2.0,130.0,26000.0,False,31.492357670991208,1.0489,1.625,1.1304
521.92,248.77,2.0,200.0,40000.0,False,33.12629057203605,1.0489,1.625,1.0811
521.92,248.77,2.0,350.0,70000.0,False,22.112646798370218,1.0489,1.625,1.0448
521.92,248.77,2.0,600.0,120000.0,False,31.880499031822723,1.0489,1.625,1.0256
521.92,248.77,4.0,5.0,2000.0,True,,1.0489,1.4545,
521.92,248.77,4.0,15.0,6000.0,False,27.437081877806293,1.0489,1.4545,2.0
521.92,248.77,4.0,25.0,10000.0,False,13.76282822405845,1.0489,1.4545,1.4286
521.92,248.77,4.0,35.0,14000.0,False,13.645985653763203,1.0489,1.4545,1.2727
521.92,248.77,4.0,40.0,16000.0,False,14.800926356809107,1.0489,1.4545,1.2308
521.92,248.77,4.0,50.0,20000.0,False,11.837092770039714,1.0489,1.4545,1.1765
521.92,248.77,4.0,65.0,26000.0,False,10.684247340726145,1.0489,1.4545,1.1304
521.92,248.77,4.0,90.0,36000.0,False,7.996173127538033,1.0489,1.4545,1.0909
521.92,248.77,4.0,130.0,52000.0,False,12.047825414456437,1.0489,1.4545,1.0612
521.92,248.77,4.0,200.0,80000.0,False,10.533473123988147,1.0489,1.4545,1.039
521.92,248.77,4.0,350.0,140000.0,False,9.052772558183694,1.0489,1.4545,1.0219
521.92,248.77,4.0,600.0,240000.0,False,10.64276629750683,1.0489,1.4545,1.0127
521.92,248.77,8.0,5.0,4000.0,False,14.600826978562209,1.0489,1.2941,4.0
521.92,248.77,8.0,15.0,12000.0,False,4.907447821256441,1.0489,1.2941,1.3333
521.92,248.77,8.0,25.0,20000.0,False,5.133555324210791,1.0489,1.2941,1.1765
521.92,248.77,8.0,35.0,28000.0,False,3.6506571244529664,1.0489,1.2941,1.12
521.92,248.77,8.0,40.0,32000.0,False,5.144217290582743,1.0489,1.2941,1.1034
521.92,248.77,8.0,50.0,40000.0,False,3.4925931348014014,1.0489,1.2941,1.0811
521.92,248.77,8.0,65.0,52000.0,False,3.828044395507677,1.0489,1.2941,1.0612
521.92,248.77,8.0,90.0,72000.0,False,5.54744468938551,1.0489,1.2941,1.0435
521.92,248.77,8.0,130.0,104000.0,False,4.858401422655026,1.0489,1.2941,1.0297
521.92,248.77,8.0,200.0,160000.0,False,4.120211391403672,1.0489,1.2941,1.0191
521.92,248.77,8.0,350.0,280000.0,False,3.497430047124118,1.0489,1.2941,1.0108
521.92,248.77,8.0,600.0,480000.0,False,3.703264133136453,1.0489,1.2941,1.0063
523.53,250.38,0.5,5.0,250.0,True,,1.0514,1.8696,
523.53,250.38,0.5,15.0,750.0,True,,1.0514,1.8696,
523.53,250.38,0.5,25.0,1250.0,True,,1.0514,1.8696,
523.53,250.38,0.5,35.0,1750.0,True,,1.0514,1.8696,
523.53,250.38,0.5,40.0,2000.0,True,,1.0514,1.8696,
523.53,250.38,0.5,50.0,2500.0,True,,1.0514,1.8696,
523.53,250.38,0.5,65.0,3250.0,False,4221.454754390405,1.0514,1.8696,13.0
523.53,250.38,0.5,90.0,4500.0,False,968.9714954744136,1.0514,1.8696,3.0
523.53,250.38,0.5,130.0,6500.0,False,588.3976474279413,1.0514,1.8696,1.8571
523.53,250.38,0.5,200.0,10000.0,False,456.7081147812294,1.0514,1.8696,1.4286
523.53,250.38,0.5,350.0,17500.0,False,375.3618096472157,1.0514,1.8696,1.2069
523.53,250.38,0.5,600.0,30000.0,False,287.45264304203124,1.0514,1.8696,1.1111
523.53,250.38,1.0,5.0,500.0,True,,1.0514,1.7692,
523.53,250.38,1.0,15.0,1500.0,True,,1.0514,1.7692,
523.53,250.38,1.0,25.0,2500.0,True,,1.0514,1.7692,
523.53,250.38,1.0,35.0,3500.0,False,588.0052757413448,1.0514,1.7692,7.0
523.53,250.38,1.0,40.0,4000.0,False,416.45997214498357,1.0514,1.7692,4.0
523.53,250.38,1.0,50.0,5000.0,False,184.81271661982007,1.0514,1.7692,2.5
523.53,250.38,1.0,65.0,6500.0,False,163.84293641604418,1.0514,1.7692,1.8571
523.53,250.38,1.0,90.0,9000.0,False,120.398178168449,1.0514,1.7692,1.5
523.53,250.38,1.0,130.0,13000.0,False,119.98529712938925,1.0514,1.7692,1.3
523.53,250.38,1.0,200.0,20000.0,False,100.7383271754827,1.0514,1.7692,1.1765
523.53,250.38,1.0,350.0,35000.0,False,123.90604674969192,1.0514,1.7692,1.0938
523.53,250.38,1.0,600.0,60000.0,False,103.08801624627989,1.0514,1.7692,1.0526
523.53,250.38,2.0,5.0,1000.0,True,,1.0514,1.625,
523.53,250.38,2.0,15.0,3000.0,True,,1.0514,1.625,
523.53,250.38,2.0,25.0,5000.0,False,57.3497017559407,1.0514,1.625,2.5
523.53,250.38,2.0,35.0,7000.0,False,54.05204484352556,1.0514,1.625,1.75
523.53,250.38,2.0,40.0,8000.0,False,39.78353912606552,1.0514,1.625,1.6
523.53,250.38,2.0,50.0,10000.0,False,36.58992299041628,1.0514,1.625,1.4286
523.53,250.38,2.0,65.0,13000.0,False,38.05697974485996,1.0514,1.625,1.3
523.53,250.38,2.0,90.0,18000.0,False,31.131084759802658,1.0514,1.625,1.2
523.53,250.38,2.0,130.0,26000.0,False,36.09585651146415,1.0514,1.625,1.1304
523.53,250.38,2.0,200.0,40000.0,False,26.881341418651306,1.0514,1.625,1.0811
523.53,250.38,2.0,350.0,70000.0,False,26.591936371573986,1.0514,1.625,1.0448
523.53,250.38,2.0,600.0,120000.0,False,25.95877129687326,1.0514,1.625,1.0256
523.53,250.38,4.0,5.0,2000.0,True,,1.0514,1.4545,
523.53,250.38,4.0,15.0,6000.0,False,17.638925295655195,1.0514,1.4545,2.0
523.53,250.38,4.0,25.0,10000.0,False,16.173278958622685,1.0514,1.4545,1.4286
523.53,250.38,4.0,35.0,14000.0,False,13.427277295941732,1.0514,1.4545,1.2727
523.53,250.38,4.0,40.0,16000.0,False,15.270726789630826,1.0514,1.4545,1.2308
523.53,250.38,4.0,50.0,20000.0,False,15.870663089078386,1.0514,1.4545,1.1765
523.53,250.38,4.0,65.0,26000.0,False,9.298020457179913,1.0514,1.4545,1.1304
523.53,250.38,4.0,90.0,36000.0,False,10.58439770560586,1.0514,1.4545,1.0909
523.53,250.38,4.0,130.0,52000.0,False,8.540334102498866,1.0514,1.4545,1.0612
523.53,250.38,4.0,200.0,80000.0,False,8.876320204999402,1.0514,1.4545,1.039
523.53,250.38,4.0,350.0,140000.0,False,8.925888516466145,1.0514,1.4545,1.0219
523.53,250.38,4.0,600.0,240000.0,False,8.296322192137286,1.0514,1.4545,1.0127
523.53,250.38,8.0,5.0,4000.0,False,12.671327152207228,1.0514,1.2941,4.0
523.53,250.38,8.0,15.0,12000.0,False,4.839782985153568,1.0514,1.2941,1.3333
523.53,250.38,8.0,25.0,20000.0,False,3.635845315836876,1.0514,1.2941,1.1765
523.53,250.38,8.0,35.0,28000.0,False,4.713723724964132,1.0514,1.2941,1.12
523.53,250.38,8.0,40.0,32000.0,False,3.566581266253423,1.0514,1.2941,1.1034
523.53,250.38,8.0,50.0,40000.0,False,6.111836820282075,1.0514,1.2941,1.0811
523.53,250.38,8.0,65.0,52000.0,False,3.6786514054207005,1.0514,1.2941,1.0612
523.53,250.38,8.0,90.0,72000.0,False,3.9125632699851116,1.0514,1.2941,1.0435
523.53,250.38,8.0,130.0,104000.0,False,3.1449552807740773,1.0514,1.2941,1.0297
523.53,250.38,8.0,200.0,160000.0,False,4.882572535482852,1.0514,1.2941,1.0191
523.53,250.38,8.0,350.0,280000.0,False,4.435000220029986,1.0514,1.2941,1.0108
523.53,250.38,8.0,600.0,480000.0,False,3.90257838830641,1.0514,1.2941,1.0063
524.23,251.08,0.5,5.0,250.0,True,,1.0526,1.8696,
524.23,251.08,0.5,15.0,750.0,True,,1.0526,1.8696,
524.23,251.08,0.5,25.0,1250.0,True,,1.0526,1.8696,
524.23,251.08,0.5,35.0,1750.0,True,,1.0526,1.8696,
524.23,251.08,0.5,40.0,2000.0,True,,1.0526,1.8696,
524.23,251.08,0.5,50.0,2500.0,True,,1.0526,1.8696,
524.23,251.08,0.5,65.0,3250.0,False,3306.310343999032,1.0526,1.8696,13.0
524.23,251.08,0.5,90.0,4500.0,False,963.7881336798523,1.0526,1.8696,3.0
524.23,251.08,0.5,130.0,6500.0,False,488.5704720916037,1.0526,1.8696,1.8571
524.23,251.08,0.5,200.0,10000.0,False,553.7356491394567,1.0526,1.8696,1.4286
524.23,251.08,0.5,350.0,17500.0,False,424.1514619694045,1.0526,1.8696,1.2069
524.23,251.08,0.5,600.0,30000.0,False,350.8418468744574,1.0526,1.8696,1.1111
524.23,251.08,1.0,5.0,500.0,True,,1.0526,1.7692,
524.23,251.08,1.0,15.0,1500.0,True,,1.0526,1.7692,
524.23,251.08,1.0,25.0,2500.0,True,,1.0526,1.7692,
524.23,251.08,1.0,35.0,3500.0,False,427.2720510840143,1.0526,1.7692,7.0
524.23,251.08,1.0,40.0,4000.0,False,303.61155267357873,1.0526,1.7692,4.0
524.23,251.08,1.0,50.0,5000.0,False,243.81799732880305,1.0526,1.7692,2.5
524.23,251.08,1.0,65.0,6500.0,False,195.96555322359757,1.0526,1.7692,1.8571
524.23,251.08,1.0,90.0,9000.0,False,155.83655171952282,1.0526,1.7692,1.5
524.23,251.08,1.0,130.0,13000.0,False,90.06480320969725,1.0526,1.7692,1.3
524.23,251.08,1.0,200.0,20000.0,False,108.279831466057,1.0526,1.7692,1.1765
524.23,251.08,1.0,350.0,35000.0,False,112.0456720040032,1.0526,1.7692,1.0938
524.23,251.08,1.0,600.0,60000.0,False,72.20505752810529,1.0526,1.7692,1.0526
524.23,251.08,2.0,5.0,1000.0,True,,1.0526,1.625,
524.23,251.08,2.0,15.0,3000.0,True,,1.0526,1.625,
524.23,251.08,2.0,25.0,5000.0,False,67.58710368694481,1.0526,1.625,2.5
524.23,251.08,2.0,35.0,7000.0,False,49.353282783414166,1.0526,1.625,1.75
524.23,251.08,2.0,40.0,8000.0,False,41.396696292045775,1.0526,1.625,1.6
524.23,251.08,2.0,50.0,10000.0,False,29.28755852275029,1.0526,1.625,1.4286
524.23,251.08,2.0,65.0,13000.0,False,33.50925550408611,1.0526,1.625,1.3
524.23,251.08,2.0,90.0,18000.0,False,30.924163811566522,1.0526,1.625,1.2
524.23,251.08,2.0,130.0,26000.0,False,29.92527969189225,1.0526,1.625,1.1304
524.23,251.08,2.0,200.0,40000.0,False,26.889959498165037,1.0526,1.625,1.0811
524.23,251.08,2.0,350.0,70000.0,False,26.460761461084772,1.0526,1.625,1.0448
524.23,251.08,2.0,600.0,120000.0,False,27.59608740681799,1.0526,1.625,1.0256
524.23,251.08,4.0,5.0,2000.0,True,,1.0526,1.4545,
524.23,251.08,4.0,15.0,6000.0,False,19.885421547850456,1.0526,1.4545,2.0
524.23,251.08,4.0,25.0,10000.0,False,12.6984817100519,1.0526,1.4545,1.4286
524.23,251.08,4.0,35.0,14000.0,False,11.136034748690589,1.0526,1.4545,1.2727
524.23,251.08,4.0,40.0,16000.0,False,11.611128328842845,1.0526,1.4545,1.2308
524.23,251.08,4.0,50.0,20000.0,False,8.205897040058165,1.0526,1.4545,1.1765
524.23,251.08,4.0,65.0,26000.0,False,11.298038172517803,1.0526,1.4545,1.1304
524.23,251.08,4.0,90.0,36000.0,False,10.149235869281197,1.0526,1.4545,1.0909
524.23,251.08,4.0,130.0,52000.0,False,9.932864997990182,1.0526,1.4545,1.0612
524.23,251.08,4.0,200.0,80000.0,False,11.165211914662638,1.0526,1.4545,1.039
524.23,251.08,4.0,350.0,140000.0,False,7.0937255905209415,1.0526,1.4545,1.0219
524.23,251.08,4.0,600.0,240000.0,False,7.007459385272706,1.0526,1.4545,1.0127
524.23,251.08,8.0,5.0,4000.0,False,14.982159917952359,1.0526,1.2941,4.0
524.23,251.08,8.0,15.0,12000.0,False,4.787985506950447,1.0526,1.2941,1.3333
524.23,251.08,8.0,25.0,20000.0,False,4.338552154641509,1.0526,1.2941,1.1765
524.23,251.08,8.0,35.0,28000.0,False,3.7565644912440037,1.0526,1.2941,1.12
524.23,251.08,8.0,40.0,32000.0,False,4.382364156402771,1.0526,1.2941,1.1034
524.23,251.08,8.0,50.0,40000.0,False,4.469839868912608,1.0526,1.2941,1.0811
524.23,251.08,8.0,65.0,52000.0,False,4.102169504169034,1.0526,1.2941,1.0612
524.23,251.08,8.0,90.0,72000.0,False,3.607195361465933,1.0526,1.2941,1.0435
524.23,251.08,8.0,130.0,104000.0,False,2.698273679920465,1.0526,1.2941,1.0297
524.23,251.08,8.0,200.0,160000.0,False,4.111585241398796,1.0526,1.2941,1.0191
524.23,251.08,8.0,350.0,280000.0,False,4.364600289843163,1.0526,1.2941,1.0108
524.23,251.08,8.0,600.0,480000.0,False,3.9846464629962166,1.0526,1.2941,1.0063
526.54,253.39,0.5,5.0,250.0,True,,1.0561,1.8696,
526.54,253.39,0.5,15.0,750.0,True,,1.0561,1.8696,
526.54,253.39,0.5,25.0,1250.0,True,,1.0561,1.8696,
526.54,253.39,0.5,35.0,1750.0,True,,1.0561,1.8696,
526.54,253.39,0.5,40.0,2000.0,True,,1.0561,1.8696,
526.54,253.39,0.5,50.0,2500.0,True,,1.0561,1.8696,
526.54,253.39,0.5,65.0,3250.0,False,3201.487820753731,1.0561,1.8696,13.0
526.54,253.39,0.5,90.0,4500.0,False,932.6680773493283,1.0561,1.8696,3.0
526.54,253.39,0.5,130.0,6500.0,False,593.7667681022665,1.0561,1.8696,1.8571
526.54,253.39,0.5,200.0,10000.0,False,507.1796664296943,1.0561,1.8696,1.4286
526.54,253.39,0.5,350.0,17500.0,False,297.3778862196636,1.0561,1.8696,1.2069
526.54,253.39,0.5,600.0,30000.0,False,301.79870618811725,1.0561,1.8696,1.1111
526.54,253.39,1.0,5.0,500.0,True,,1.0561,1.7692,
526.54,253.39,1.0,15.0,1500.0,True,,1.0561,1.7692,
526.54,253.39,1.0,25.0,2500.0,True,,1.0561,1.7692,
526.54,253.39,1.0,35.0,3500.0,False,621.8362839831251,1.0561,1.7692,7.0
526.54,253.39,1.0,40.0,4000.0,False,320.4037003138661,1.0561,1.7692,4.0
526.54,253.39,1.0,50.0,5000.0,False,167.89981863777436,1.0561,1.7692,2.5
526.54,253.39,1.0,65.0,6500.0,False,156.9469018703326,1.0561,1.7692,1.8571
526.54,253.39,1.0,90.0,9000.0,False,129.92277630358987,1.0561,1.7692,1.5
526.54,253.39,1.0,130.0,13000.0,False,104.60952317802581,1.0561,1.7692,1.3
526.54,253.39,1.0,200.0,20000.0,False,96.55690859629954,1.0561,1.7692,1.1765
526.54,253.39,1.0,350.0,35000.0,False,83.5530839485612,1.0561,1.7692,1.0938
526.54,253.39,1.0,600.0,60000.0,False,104.34586714963993,1.0561,1.7692,1.0526
526.54,253.39,2.0,5.0,1000.0,True,,1.0561,1.625,
526.54,253.39,2.0,15.0,3000.0,True,,1.0561,1.625,
526.54,253.39,2.0,25.0,5000.0,False,53.3678124067301,1.0561,1.625,2.5
526.54,253.39,2.0,35.0,7000.0,False,39.155408831734505,1.0561,1.625,1.75
526.54,253.39,2.0,40.0,8000.0,False,39.1606475005763,1.0561,1.625,1.6
526.54,253.39,2.0,50.0,10000.0,False,39.82675585495622,1.0561,1.625,1.4286
526.54,253.39,2.0,65.0,13000.0,False,25.375374222757717,1.0561,1.625,1.3
526.54,253.39,2.0,90.0,18000.0,False,24.090027069879284,1.0561,1.625,1.2
526.54,253.39,2.0,130.0,26000.0,False,20.347619800488058,1.0561,1.625,1.1304
526.54,253.39,2.0,200.0,40000.0,False,26.54620291968631,1.0561,1.625,1.0811
526.54,253.39,2.0,350.0,70000.0,False,21.58670565072951,1.0561,1.625,1.0448
526.54,253.39,2.0,600.0,120000.0,False,23.656932181300483,1.0561,1.625,1.0256
526.54,253.39,4.0,5.0,2000.0,True,,1.0561,1.4545,
526.54,253.39,4.0,15.0,6000.0,False,18.551194398448132,1.0561,1.4545,2.0
526.54,253.39,4.0,25.0,10000.0,False,10.898485142393495,1.0561,1.4545,1.4286
526.54,253.39,4.0,35.0,14000.0,False,11.06774061668014,1.0561,1.4545,1.2727
526.54,253.39,4.0,40.0,16000.0,False,9.88401637268705,1.0561,1.4545,1.2308
526.54,253.39,4.0,50.0,20000.0,False,10.930055093538535,1.0561,1.4545,1.1765
526.54,253.39,4.0,65.0,26000.0,False,10.19657416999509,1.0561,1.4545,1.1304
526.54,253.39,4.0,90.0,36000.0,False,8.259810030642596,1.0561,1.4545,1.0909
526.54,253.39,4.0,130.0,52000.0,False,8.691155709340705,1.0561,1.4545,1.0612
526.54,253.39,4.0,200.0,80000.0,False,10.205869423535434,1.0561,1.4545,1.039
526.54,253.39,4.0,350.0,140000.0,False,9.105223804862865,1.0561,1.4545,1.0219
526.54,253.39,4.0,600.0,240000.0,False,6.897884287178956,1.0561,1.4545,1.0127
526.54,253.39,8.0,5.0,4000.0,False,14.322633473809521,1.0561,1.2941,4.0
526.54,253.39,8.0,15.0,12000.0,False,3.677357616297441,1.0561,1.2941,1.3333
526.54,253.39,8.0,25.0,20000.0,False,4.719013937016338,1.0561,1.2941,1.1765
526.54,253.39,8.0,35.0,28000.0,False,4.238237451486853,1.0561,1.2941,1.12
526.54,253.39,8.0,40.0,32000.0,False,3.740154311491596,1.0561,1.2941,1.1034
526.54,253.39,8.0,50.0,40000.0,False,3.59214832994875,1.0561,1.2941,1.0811
526.54,253.39,8.0,65.0,52000.0,False,3.337668663060908,1.0561,1.2941,1.0612
526.54,253.39,8.0,90.0,72000.0,False,3.749198872878118,1.0561,1.2941,1.0435
526.54,253.39,8.0,130.0,104000.0,False,3.160902641999809,1.0561,1.2941,1.0297
526.54,253.39,8.0,200.0,160000.0,False,3.4262537619492672,1.0561,1.2941,1.0191
526.54,253.39,8.0,350.0,280000.0,False,3.738805697056609,1.0561,1.2941,1.0108
526.54,253.39,8.0,600.0,480000.0,False,3.00177147966164,1.0561,1.2941,1.0063
528.85,255.7,0.5,5.0,250.0,True,,1.0597,1.8696,
528.85,255.7,0.5,15.0,750.0,True,,1.0597,1.8696,
528.85,255.7,0.5,25.0,1250.0,True,,1.0597,1.8696,
528.85,255.7,0.5,35.0,1750.0,True,,1.0597,1.8696,
528.85,255.7,0.5,40.0,2000.0,True,,1.0597,1.8696,
528.85,255.7,0.5,50.0,2500.0,True,,1.0597,1.8696,
528.85,255.7,0.5,65.0,3250.0,False,3008.351598967011,1.0597,1.8696,13.0
528.85,255.7,0.5,90.0,4500.0,False,636.5637603114218,1.0597,1.8696,3.0
528.85,255.7,0.5,130.0,6500.0,False,401.8164596067704,1.0597,1.8696,1.8571
528.85,255.7,0.5,200.0,10000.0,False,275.62541915753036,1.0597,1.8696,1.4286
528.85,255.7,0.5,350.0,17500.0,False,341.77535673385927,1.0597,1.8696,1.2069
528.85,255.7,0.5,600.0,30000.0,False,369.9340759667156,1.0597,1.8696,1.1111
528.85,255.7,1.0,5.0,500.0,True,,1.0597,1.7692,
528.85,255.7,1.0,15.0,1500.0,True,,1.0597,1.7692,
528.85,255.7,1.0,25.0,2500.0,True,,1.0597,1.7692,
528.85,255.7,1.0,35.0,3500.0,False,621.8162128094441,1.0597,1.7692,7.0
528.85,255.7,1.0,40.0,4000.0,False,224.8237514891269,1.0597,1.7692,4.0
528.85,255.7,1.0,50.0,5000.0,False,199.92734255343498,1.0597,1.7692,2.5
528.85,255.7,1.0,65.0,6500.0,False,164.89192208194493,1.0597,1.7692,1.8571
528.85,255.7,1.0,90.0,9000.0,False,100.47196081435752,1.0597,1.7692,1.5
528.85,255.7,1.0,130.0,13000.0,False,94.68129476940861,1.0597,1.7692,1.3
528.85,255.7,1.0,200.0,20000.0,False,62.443993598584115,1.0597,1.7692,1.1765
528.85,255.7,1.0,350.0,35000.0,False,81.65945930623501,1.0597,1.7692,1.0938
528.85,255.7,1.0,600.0,60000.0,False,64.37300805531973,1.0597,1.7692,1.0526
528.85,255.7,2.0,5.0,1000.0,True,,1.0597,1.625,
528.85,255.7,2.0,15.0,3000.0,True,,1.0597,1.625,
528.85,255.7,2.0,25.0,5000.0,False,56.855676683446156,1.0597,1.625,2.5
528.85,255.7,2.0,35.0,7000.0,False,30.560717241530604,1.0597,1.625,1.75
528.85,255.7,2.0,40.0,8000.0,False,38.31005702700608,1.0597,1.625,1.6
528.85,255.7,2.0,50.0,10000.0,False,36.76814809987482,1.0597,1.625,1.4286
528.85,255.7,2.0,65.0,13000.0,False,25.51247044213879,1.0597,1.625,1.3
528.85,255.7,2.0,90.0,18000.0,False,22.332951955185788,1.0597,1.625,1.2
528.85,255.7,2.0,130.0,26000.0,False,18.056016441002793,1.0597,1.625,1.1304
528.85,255.7,2.0,200.0,40000.0,False,22.926182446448482,1.0597,1.625,1.0811
528.85,255.7,2.0,350.0,70000.0,False,21.133165199363443,1.0597,1.625,1.0448
528.85,255.7,2.0,600.0,120000.0,False,17.93842357136163,1.0597,1.625,1.0256
528.85,255.7,4.0,5.0,2000.0,True,,1.0597,1.4545,
528.85,255.7,4.0,15.0,6000.0,False,16.24100875672951,1.0597,1.4545,2.0
528.85,255.7,4.0,25.0,10000.0,False,10.131190575499804,1.0597,1.4545,1.4286
528.85,255.7,4.0,35.0,14000.0,False,8.217295311393054,1.0597,1.4545,1.2727
528.85,255.7,4.0,40.0,16000.0,False,8.592527741362005,1.0597,1.4545,1.2308
528.85,255.7,4.0,50.0,20000.0,False,10.481943023326423,1.0597,1.4545,1.1765
528.85,255.7,4.0,65.0,26000.0,False,9.388469787524366,1.0597,1.4545,1.1304
528.85,255.7,4.0,90.0,36000.0,False,8.116888751965996,1.0597,1.4545,1.0909
528.85,255.7,4.0,130.0,52000.0,False,8.8350664556065,1.0597,1.4545,1.0612
528.85,255.7,4.0,200.0,80000.0,False,6.622837302832,1.0597,1.4545,1.039
528.85,255.7,4.0,350.0,140000.0,False,7.790900625660138,1.0597,1.4545,1.0219
528.85,255.7,4.0,600.0,240000.0,False,7.854735404320522,1.0597,1.4545,1.0127
528.85,255.7,8.0,5.0,4000.0,False,10.927494553599148,1.0597,1.2941,4.0
528.85,255.7,8.0,15.0,12000.0,False,4.172285584027846,1.0597,1.2941,1.3333
528.85,255.7,8.0,25.0,20000.0,False,3.0676661961181817,1.0597,1.2941,1.1765
528.85,255.7,8.0,35.0,28000.0,False,3.5440316240624465,1.0597,1.2941,1.12
528.85,255.7,8.0,40.0,32000.0,False,3.513743709697857,1.0597,1.2941,1.1034
528.85,255.7,8.0,50.0,40000.0,False,2.0459264605799943,1.0597,1.2941,1.0811
528.85,255.7,8.0,65.0,52000.0,False,3.7189167903594145,1.0597,1.2941,1.0612
528.85,255.7,8.0,90.0,72000.0,False,1.9364916229921634,1.0597,1.2941,1.0435
528.85,255.7,8.0,130.0,104000.0,False,2.7519952470066955,1.0597,1.2941,1.0297
528.85,255.7,8.0,200.0,160000.0,False,3.4840429249969134,1.0597,1.2941,1.0191
528.85,255.7,8.0,350.0,280000.0,False,2.8253782591855665,1.0597,1.2941,1.0108
528.85,255.7,8.0,600.0,480000.0,False,2.367429766935577,1.0597,1.2941,1.0063
531.15,258.0,0.5,5.0,250.0,True,,1.0631,1.8696,
531.15,258.0,0.5,15.0,750.0,True,,1.0631,1.8696,
531.15,258.0,0.5,25.0,1250.0,True,,1.0631,1.8696,
531.15,258.0,0.5,35.0,1750.0,True,,1.0631,1.8696,
531.15,258.0,0.5,40.0,2000.0,True,,1.0631,1.8696,
531.15,258.0,0.5,50.0,2500.0,True,,1.0631,1.8696,
531.15,258.0,0.5,65.0,3250.0,False,2530.890579405815,1.0631,1.8696,13.0
531.15,258.0,0.5,90.0,4500.0,False,802.7841552459354,1.0631,1.8696,3.0
531.15,258.0,0.5,130.0,6500.0,False,319.33836886654666,1.0631,1.8696,1.8571
531.15,258.0,0.5,200.0,10000.0,False,388.17696784396236,1.0631,1.8696,1.4286
531.15,258.0,0.5,350.0,17500.0,False,274.5750544262164,1.0631,1.8696,1.2069
531.15,258.0,0.5,600.0,30000.0,False,213.13780862222345,1.0631,1.8696,1.1111
531.15,258.0,1.0,5.0,500.0,True,,1.0631,1.7692,
531.15,258.0,1.0,15.0,1500.0,True,,1.0631,1.7692,
531.15,258.0,1.0,25.0,2500.0,True,,1.0631,1.7692,
531.15,258.0,1.0,35.0,3500.0,False,415.79343166181087,1.0631,1.7692,7.0
531.15,258.0,1.0,40.0,4000.0,False,222.61780010444076,1.0631,1.7692,4.0
531.15,258.0,1.0,50.0,5000.0,False,184.5591857890609,1.0631,1.7692,2.5
531.15,258.0,1.0,65.0,6500.0,False,134.37697145814582,1.0631,1.7692,1.8571
531.15,258.0,1.0,90.0,9000.0,False,75.13876682003037,1.0631,1.7692,1.5
531.15,258.0,1.0,130.0,13000.0,False,79.32641195317736,1.0631,1.7692,1.3
531.15,258.0,1.0,200.0,20000.0,False,67.00630841230912,1.0631,1.7692,1.1765
531.15,258.0,1.0,350.0,35000.0,False,86.08923238269645,1.0631,1.7692,1.0938
531.15,258.0,1.0,600.0,60000.0,False,55.73030736891965,1.0631,1.7692,1.0526
531.15,258.0,2.0,5.0,1000.0,True,,1.0631,1.625,
531.15,258.0,2.0,15.0,3000.0,True,,1.0631,1.625,
531.15,258.0,2.0,25.0,5000.0,False,63.43500202121604,1.0631,1.625,2.5
531.15,258.0,2.0,35.0,7000.0,False,34.73376507951821,1.0631,1.625,1.75
531.15,258.0,2.0,40.0,8000.0,False,26.810783129373895,1.0631,1.625,1.6
531.15,258.0,2.0,50.0,10000.0,False,25.74330286103776,1.0631,1.625,1.4286
531.15,258.0,2.0,65.0,13000.0,False,22.993512989917807,1.0631,1.625,1.3
531.15,258.0,2.0,90.0,18000.0,False,19.77106470618645,1.0631,1.625,1.2
531.15,258.0,2.0,130.0,26000.0,False,22.87208210857625,1.0631,1.625,1.1304
531.15,258.0,2.0,200.0,40000.0,False,17.936987160296447,1.0631,1.625,1.0811
531.15,258.0,2.0,350.0,70000.0,False,15.026846758178072,1.0631,1.625,1.0448
531.15,258.0,2.0,600.0,120000.0,False,19.326109997303085,1.0631,1.625,1.0256
531.15,258.0,4.0,5.0,2000.0,True,,1.0631,1.4545,
531.15,258.0,4.0,15.0,6000.0,False,10.46429320810335,1.0631,1.4545,2.0
531.15,258.0,4.0,25.0,10000.0,False,8.750412810554028,1.0631,1.4545,1.4286
531.15,258.0,4.0,35.0,14000.0,False,7.61444184900027,1.0631,1.4545,1.2727
531.15,258.0,4.0,40.0,16000.0,False,7.405381886672109,1.0631,1.4545,1.2308
531.15,258.0,4.0,50.0,20000.0,False,10.890746226536193,1.0631,1.4545,1.1765
531.15,258.0,4.0,65.0,26000.0,False,7.817103746401124,1.0631,1.4545,1.1304
531.15,258.0,4.0,90.0,36000.0,False,7.760657750116507,1.0631,1.4545,1.0909
531.15,258.0,4.0,130.0,52000.0,False,5.574561947928998,1.0631,1.4545,1.0612
531.15,258.0,4.0,200.0,80000.0,False,6.458368983951275,1.0631,1.4545,1.039
531.15,258.0,4.0,350.0,140000.0,False,7.237001442084587,1.0631,1.4545,1.0219
531.15,258.0,4.0,600.0,240000.0,False,5.954513534123969,1.0631,1.4545,1.0127
531.15,258.0,8.0,5.0,4000.0,False,12.143299809403961,1.0631,1.2941,4.0
531.15,258.0,8.0,15.0,12000.0,False,2.9492513502903965,1.0631,1.2941,1.3333
531.15,258.0,8.0,25.0,20000.0,False,2.985710622894761,1.0631,1.2941,1.1765
531.15,258.0,8.0,35.0,28000.0,False,2.717452099898837,1.0631,1.2941,1.12
531.15,258.0,8.0,40.0,32000.0,False,2.9962513152615293,1.0631,1.2941,1.1034
531.15,258.0,8.0,50.0,40000.0,False,2.601691485142657,1.0631,1.2941,1.0811
531.15,258.0,8.0,65.0,52000.0,False,2.699490767048209,1.0631,1.2941,1.0612
531.15,258.0,8.0,90.0,72000.0,False,2.6682261135465626,1.0631,1.2941,1.0435
531.15,258.0,8.0,130.0,104000.0,False,2.4433889576128713,1.0631,1.2941,1.0297
531.15,258.0,8.0,200.0,160000.0,False,2.9036421540349577,1.0631,1.2941,1.0191
531.15,258.0,8.0,350.0,280000.0,False,2.775425662210275,1.0631,1.2941,1.0108
531.15,258.0,8.0,600.0,480000.0,False,2.630703485073116,1.0631,1.2941,1.0063
533.46,260.31,0.5,5.0,250.0,True,,1.0665,1.8696,
533.46,260.31,0.5,15.0,750.0,True,,1.0665,1.8696,
533.46,260.31,0.5,25.0,1250.0,True,,1.0665,1.8696,
533.46,260.31,0.5,35.0,1750.0,True,,1.0665,1.8696,
533.46,260.31,0.5,40.0,2000.0,True,,1.0665,1.8696,
533.46,260.31,0.5,50.0,2500.0,True,,1.0665,1.8696,
533.46,260.31,0.5,65.0,3250.0,False,2527.9938259371092,1.0665,1.8696,13.0
533.46,260.31,0.5,90.0,4500.0,False,701.2711373673169,1.0665,1.8696,3.0
533.46,260.31,0.5,130.0,6500.0,False,371.840417636203,1.0665,1.8696,1.8571
533.46,260.31,0.5,200.0,10000.0,False,283.00683698659606,1.0665,1.8696,1.4286
533.46,260.31,0.5,350.0,17500.0,False,254.31062210597392,1.0665,1.8696,1.2069
533.46,260.31,0.5,600.0,30000.0,False,297.27249913393257,1.0665,1.8696,1.1111
533.46,260.31,1.0,5.0,500.0,True,,1.0665,1.7692,
533.46,260.31,1.0,15.0,1500.0,True,,1.0665,1.7692,
533.46,260.31,1.0,25.0,2500.0,True,,1.0665,1.7692,
533.46,260.31,1.0,35.0,3500.0,False,335.6152398686323,1.0665,1.7692,7.0
533.46,260.31,1.0,40.0,4000.0,False,263.19140985787396,1.0665,1.7692,4.0
533.46,260.31,1.0,50.0,5000.0,False,110.32424637857565,1.0665,1.7692,2.5
533.46,260.31,1.0,65.0,6500.0,False,112.4758856243857,1.0665,1.7692,1.8571
533.46,260.31,1.0,90.0,9000.0,False,111.36757298087691,1.0665,1.7692,1.5
533.46,260.31,1.0,130.0,13000.0,False,82.0044250358297,1.0665,1.7692,1.3
533.46,260.31,1.0,200.0,20000.0,False,70.7548692729465,1.0665,1.7692,1.1765
533.46,260.31,1.0,350.0,35000.0,False,58.94786474635425,1.0665,1.7692,1.0938
533.46,260.31,1.0,600.0,60000.0,False,61.995328844129745,1.0665,1.7692,1.0526
533.46,260.31,2.0,5.0,1000.0,True,,1.0665,1.625,
533.46,260.31,2.0,15.0,3000.0,True,,1.0665,1.625,
533.46,260.31,2.0,25.0,5000.0,False,43.42064328483553,1.0665,1.625,2.5
533.46,260.31,2.0,35.0,7000.0,False,28.055171072151264,1.0665,1.625,1.75
533.46,260.31,2.0,40.0,8000.0,False,27.632039671312647,1.0665,1.625,1.6
533.46,260.31,2.0,50.0,10000.0,False,26.546178151050484,1.0665,1.625,1.4286
533.46,260.31,2.0,65.0,13000.0,False,20.899711903798313,1.0665,1.625,1.3
533.46,260.31,2.0,90.0,18000.0,False,19.17932649493505,1.0665,1.625,1.2
533.46,260.31,2.0,130.0,26000.0,False,16.626860276854053,1.0665,1.625,1.1304
533.46,260.31,2.0,200.0,40000.0,False,20.67704123297767,1.0665,1.625,1.0811
533.46,260.31,2.0,350.0,70000.0,False,20.4514704006053,1.0665,1.625,1.0448
533.46,260.31,2.0,600.0,120000.0,False,19.154171883039115,1.0665,1.625,1.0256
533.46,260.31,4.0,5.0,2000.0,True,,1.0665,1.4545,
533.46,260.31,4.0,15.0,6000.0,False,14.332587555332735,1.0665,1.4545,2.0
533.46,260.31,4.0,25.0,10000.0,False,8.975226130717793,1.0665,1.4545,1.4286
533.46,260.31,4.0,35.0,14000.0,False,8.369354305350784,1.0665,1.4545,1.2727
533.46,260.31,4.0,40.0,16000.0,False,7.987102225211911,1.0665,1.4545,1.2308
533.46,260.31,4.0,50.0,20000.0,False,7.195105237897227,1.0665,1.4545,1.1765
533.46,260.31,4.0,65.0,26000.0,False,6.472691947478153,1.0665,1.4545,1.1304
533.46,260.31,4.0,90.0,36000.0,False,9.42859704194801,1.0665,1.4545,1.0909
533.46,260.31,4.0,130.0,52000.0,False,6.148719284270399,1.0665,1.4545,1.0612
533.46,260.31,4.0,200.0,80000.0,False,5.829624536589965,1.0665,1.4545,1.039
533.46,260.31,4.0,350.0,140000.0,False,6.762387515575413,1.0665,1.4545,1.0219
533.46,260.31,4.0,600.0,240000.0,False,6.520623398797239,1.0665,1.4545,1.0127
533.46,260.31,8.0,5.0,4000.0,False,7.761785355327495,1.0665,1.2941,4.0
533.46,260.31,8.0,15.0,12000.0,False,3.779986964019826,1.0665,1.2941,1.3333
533.46,260.31,8.0,25.0,20000.0,False,2.778820323316536,1.0665,1.2941,1.1765
533.46,260.31,8.0,35.0,28000.0,False,2.2712396218048627,1.0665,1.2941,1.12
533.46,260.31,8.0,40.0,32000.0,False,3.159438873909618,1.0665,1.2941,1.1034
533.46,260.31,8.0,50.0,40000.0,False,2.8446772813571433,1.0665,1.2941,1.0811
533.46,260.31,8.0,65.0,52000.0,False,2.103029390209229,1.0665,1.2941,1.0612
533.46,260.31,8.0,90.0,72000.0,False,3.2634136870540735,1.0665,1.2941,1.0435
533.46,260.31,8.0,130.0,104000.0,False,2.72297964341993,1.0665,1.2941,1.0297
533.46,260.31,8.0,200.0,160000.0,False,2.437652150985688,1.0665,1.2941,1.0191
533.46,260.31,8.0,350.0,280000.0,False,3.0738832609985676,1.0665,1.2941,1.0108
533.46,260.31,8.0,600.0,480000.0,False,2.468969929101824,1.0665,1.2941,1.0063
535.77,262.62,0.5,5.0,250.0,True,,1.0698,1.8696,
535.77,262.62,0.5,15.0,750.0,True,,1.0698,1.8696,
535.77,262.62,0.5,25.0,1250.0,True,,1.0698,1.8696,
535.77,262.62,0.5,35.0,1750.0,True,,1.0698,1.8696,
535.77,262.62,0.5,40.0,2000.0,True,,1.0698,1.8696,
535.77,262.62,0.5,50.0,2500.0,True,,1.0698,1.8696,
535.77,262.62,0.5,65.0,3250.0,False,2429.53176891466,1.0698,1.8696,13.0
535.77,262.62,0.5,90.0,4500.0,False,509.93547859052075,1.0698,1.8696,3.0
535.77,262.62,0.5,130.0,6500.0,False,380.3278744447084,1.0698,1.8696,1.8571
535.77,262.62,0.5,200.0,10000.0,False,287.97749160138517,1.0698,1.8696,1.4286
535.77,262.62,0.5,350.0,17500.0,False,227.00480538833776,1.0698,1.8696,1.2069
535.77,262.62,0.5,600.0,30000.0,False,185.22651776904678,1.0698,1.8696,1.1111
535.77,262.62,1.0,5.0,500.0,True,,1.0698,1.7692,
535.77,262.62,1.0,15.0,1500.0,True,,1.0698,1.7692,
535.77,262.62,1.0,25.0,2500.0,True,,1.0698,1.7692,
535.77,262.62,1.0,35.0,3500.0,False,378.5789062298824,1.0698,1.7692,7.0
535.77,262.62,1.0,40.0,4000.0,False,209.94580754618912,1.0698,1.7692,4.0
535.77,262.62,1.0,50.0,5000.0,False,108.55907326983636,1.0698,1.7692,2.5
535.77,262.62,1.0,65.0,6500.0,False,78.98770840587333,1.0698,1.7692,1.8571
535.77,262.62,1.0,90.0,9000.0,False,86.59681267778322,1.0698,1.7692,1.5
535.77,262.62,1.0,130.0,13000.0,False,46.67020311308989,1.0698,1.7692,1.3
535.77,262.62,1.0,200.0,20000.0,False,64.35118851395906,1.0698,1.7692,1.1765
535.77,262.62,1.0,350.0,35000.0,False,53.9967897045663,1.0698,1.7692,1.0938
535.77,262.62,1.0,600.0,60000.0,False,67.93525914522678,1.0698,1.7692,1.0526
535.77,262.62,2.0,5.0,1000.0,True,,1.0698,1.625,
535.77,262.62,2.0,15.0,3000.0,True,,1.0698,1.625,
535.77,262.62,2.0,25.0,5000.0,False,37.88822580379047,1.0698,1.625,2.5
535.77,262.62,2.0,35.0,7000.0,False,31.52901769908506,1.0698,1.625,1.75
535.77,262.62,2.0,40.0,8000.0,False,24.6022143120758,1.0698,1.625,1.6
535.77,262.62,2.0,50.0,10000.0,False,23.71498354524549,1.0698,1.625,1.4286
535.77,262.62,2.0,65.0,13000.0,False,23.694895438918277,1.0698,1.625,1.3
535.77,262.62,2.0,90.0,18000.0,False,18.270872001662415,1.0698,1.625,1.2
535.77,262.62,2.0,130.0,26000.0,False,21.422793098637083,1.0698,1.625,1.1304
535.77,262.62,2.0,200.0,40000.0,False,15.199716227234944,1.0698,1.625,1.0811
535.77,262.62,2.0,350.0,70000.0,False,17.8207132689133,1.0698,1.625,1.0448
535.77,262.62,2.0,600.0,120000.0,False,19.22254223171797,1.0698,1.625,1.0256
535.77,262.62,4.0,5.0,2000.0,True,,1.0698,1.4545,
535.77,262.62,4.0,15.0,6000.0,False,12.387427820531952,1.0698,1.4545,2.0
535.77,262.62,4.0,25.0,10000.0,False,10.683184293993747,1.0698,1.4545,1.4286
535.77,262.62,4.0,35.0,14000.0,False,6.367299426022826,1.0698,1.4545,1.2727
535.77,262.62,4.0,40.0,16000.0,False,5.614183960591344,1.0698,1.4545,1.2308
535.77,262.62,4.0,50.0,20000.0,False,5.685379796456089,1.0698,1.4545,1.1765
535.77,262.62,4.0,65.0,26000.0,False,7.002015075701229,1.0698,1.4545,1.1304
535.77,262.62,4.0,90.0,36000.0,False,6.59445461257509,1.0698,1.4545,1.0909
535.77,262.62,4.0,130.0,52000.0,False,6.045360920626877,1.0698,1.4545,1.0612
535.77,262.62,4.0,200.0,80000.0,False,4.924914548751061,1.0698,1.4545,1.039
535.77,262.62,4.0,350.0,140000.0,False,6.431584039389688,1.0698,1.4545,1.0219
535.77,262.62,4.0,600.0,240000.0,False,4.727527478771976,1.0698,1.4545,1.0127
535.77,262.62,8.0,5.0,4000.0,False,10.315934897036186,1.0698,1.2941,4.0
535.77,262.62,8.0,15.0,12000.0,False,4.436433618386966,1.0698,1.2941,1.3333
535.77,262.62,8.0,25.0,20000.0,False,2.6940336809899628,1.0698,1.2941,1.1765
535.77,262.62,8.0,35.0,28000.0,False,2.6494389068242885,1.0698,1.2941,1.12
535.77,262.62,8.0,40.0,32000.0,False,2.221236640647806,1.0698,1.2941,1.1034
535.77,262.62,8.0,50.0,40000.0,False,1.786007214565752,1.0698,1.2941,1.0811
535.77,262.62,8.0,65.0,52000.0,False,2.101325833223147,1.0698,1.2941,1.0612
535.77,262.62,8.0,90.0,72000.0,False,1.9197180127688904,1.0698,1.2941,1.0435
535.77,262.62,8.0,130.0,104000.0,False,1.7963784653464254,1.0698,1.2941,1.0297
535.77,262.62,8.0,200.0,160000.0,False,2.860038195563812,1.0698,1.2941,1.0191
535.77,262.62,8.0,350.0,280000.0,False,2.282461471379955,1.0698,1.2941,1.0108
535.77,262.62,8.0,600.0,480000.0,False,2.308910408805177,1.0698,1.2941,1.0063
536.95,263.8,0.5,5.0,250.0,True,,1.0715,1.8696,
536.95,263.8,0.5,15.0,750.0,True,,1.0715,1.8696,
536.95,263.8,0.5,25.0,1250.0,True,,1.0715,1.8696,
536.95,263.8,0.5,35.0,1750.0,True,,1.0715,1.8696,
536.95,263.8,0.5,40.0,2000.0,True,,1.0715,1.8696,
536.95,263.8,0.5,50.0,2500.0,True,,1.0715,1.8696,
536.95,263.8,0.5,65.0,3250.0,False,2213.723296832903,1.0715,1.8696,13.0
536.95,263.8,0.5,90.0,4500.0,False,521.3996082886165,1.0715,1.8696,3.0
536.95,263.8,0.5,130.0,6500.0,False,382.81694888056427,1.0715,1.8696,1.8571
536.95,263.8,0.5,200.0,10000.0,False,253.57496520987738,1.0715,1.8696,1.4286
536.95,263.8,0.5,350.0,17500.0,False,233.1055711784839,1.0715,1.8696,1.2069
536.95,263.8,0.5,600.0,30000.0,False,192.44203565626435,1.0715,1.8696,1.1111
536.95,263.8,1.0,5.0,500.0,True,,1.0715,1.7692,
536.95,263.8,1.0,15.0,1500.0,True,,1.0715,1.7692,
536.95,263.8,1.0,25.0,2500.0,True,,1.0715,1.7692,
536.95,263.8,1.0,35.0,3500.0,False,335.2009827203764,1.0715,1.7692,7.0
536.95,263.8,1.0,40.0,4000.0,False,163.26919165925636,1.0715,1.7692,4.0
536.95,263.8,1.0,50.0,5000.0,False,93.66939022897542,1.0715,1.7692,2.5
536.95,263.8,1.0,65.0,6500.0,False,90.01245126479452,1.0715,1.7692,1.8571
536.95,263.8,1.0,90.0,9000.0,False,76.25497786321428,1.0715,1.7692,1.5
536.95,263.8,1.0,130.0,13000.0,False,54.032614899516226,1.0715,1.7692,1.3
536.95,263.8,1.0,200.0,20000.0,False,58.99724716778577,1.0715,1.7692,1.1765
536.95,263.8,1.0,350.0,35000.0,False,55.579705633836994,1.0715,1.7692,1.0938
536.95,263.8,1.0,600.0,60000.0,False,38.39914441093161,1.0715,1.7692,1.0526
536.95,263.8,2.0,5.0,1000.0,True,,1.0715,1.625,
536.95,263.8,2.0,15.0,3000.0,True,,1.0715,1.625,
536.95,263.8,2.0,25.0,5000.0,False,33.80166702408849,1.0715,1.625,2.5
536.95,263.8,2.0,35.0,7000.0,False,28.852408140802137,1.0715,1.625,1.75
536.95,263.8,2.0,40.0,8000.0,False,26.299515769678994,1.0715,1.625,1.6
536.95,263.8,2.0,50.0,10000.0,False,18.63630938037061,1.0715,1.625,1.4286
536.95,263.8,2.0,65.0,13000.0,False,20.648022675356632,1.0715,1.625,1.3
536.95,263.8,2.0,90.0,18000.0,False,21.69692898619615,1.0715,1.625,1.2
536.95,263.8,2.0,130.0,26000.0,False,19.700644570055022,1.0715,1.625,1.1304
536.95,263.8,2.0,200.0,40000.0,False,16.529666926244843,1.0715,1.625,1.0811
536.95,263.8,2.0,350.0,70000.0,False,15.106033963286041,1.0715,1.625,1.0448
536.95,263.8,2.0,600.0,120000.0,False,14.474727878853061,1.0715,1.625,1.0256
536.95,263.8,4.0,5.0,2000.0,True,,1.0715,1.4545,
536.95,263.8,4.0,15.0,6000.0,False,11.438302665628795,1.0715,1.4545,2.0
536.95,263.8,4.0,25.0,10000.0,False,7.842737924558359,1.0715,1.4545,1.4286
536.95,263.8,4.0,35.0,14000.0,False,7.4574990967770365,1.0715,1.4545,1.2727
536.95,263.8,4.0,40.0,16000.0,False,6.6930380912189715,1.0715,1.4545,1.2308
536.95,263.8,4.0,50.0,20000.0,False,7.092096397930535,1.0715,1.4545,1.1765
536.95,263.8,4.0,65.0,26000.0,False,6.113128432715388,1.0715,1.4545,1.1304
536.95,263.8,4.0,90.0,36000.0,False,6.542779943506794,1.0715,1.4545,1.0909
536.95,263.8,4.0,130.0,52000.0,False,6.447511836401786,1.0715,1.4545,1.0612
536.95,263.8,4.0,200.0,80000.0,False,4.90958627647065,1.0715,1.4545,1.039
536.95,263.8,4.0,350.0,140000.0,False,4.154064897847176,1.0715,1.4545,1.0219
536.95,263.8,4.0,600.0,240000.0,False,6.805629716635571,1.0715,1.4545,1.0127
536.95,263.8,8.0,5.0,4000.0,False,8.563117685364084,1.0715,1.2941,4.0
536.95,263.8,8.0,15.0,12000.0,False,2.123743549798348,1.0715,1.2941,1.3333
536.95,263.8,8.0,25.0,20000.0,False,2.17736879622311,1.0715,1.2941,1.1765
536.95,263.8,8.0,35.0,28000.0,False,2.590318905993751,1.0715,1.2941,1.12
536.95,263.8,8.0,40.0,32000.0,False,2.179639981015685,1.0715,1.2941,1.1034
536.95,263.8,8.0,50.0,40000.0,False,2.0623033665846298,1.0715,1.2941,1.0811
536.95,263.8,8.0,65.0,52000.0,False,2.697234174646489,1.0715,1.2941,1.0612
536.95,263.8,8.0,90.0,72000.0,False,1.837007173360641,1.0715,1.2941,1.0435
536.95,263.8,8.0,130.0,104000.0,False,1.8817807713818486,1.0715,1.2941,1.0297
536.95,263.8,8.0,200.0,160000.0,False,2.1669207483757846,1.0715,1.2941,1.0191
536.95,263.8,8.0,350.0,280000.0,False,2.2078330308874916,1.0715,1.2941,1.0108
536.95,263.8,8.0,600.0,480000.0,False,2.23310330990873,1.0715,1.2941,1.0063
538.08,264.93,0.5,5.0,250.0,True,,1.0731,1.8696,
538.08,264.93,0.5,15.0,750.0,True,,1.0731,1.8696,
538.08,264.93,0.5,25.0,1250.0,True,,1.0731,1.8696,
538.08,264.93,0.5,35.0,1750.0,True,,1.0731,1.8696,
538.08,264.93,0.5,40.0,2000.0,True,,1.0731,1.8696,
538.08,264.93,0.5,50.0,2500.0,True,,1.0731,1.8696,
538.08,264.93,0.5,65.0,3250.0,False,2532.1456139236634,1.0731,1.8696,13.0
538.08,264.93,0.5,90.0,4500.0,False,525.0987334806125,1.0731,1.8696,3.0
538.08,264.93,0.5,130.0,6500.0,False,339.554351225069,1.0731,1.8696,1.8571
538.08,264.93,0.5,200.0,10000.0,False,233.45300231158217,1.0731,1.8696,1.4286
538.08,264.93,0.5,350.0,17500.0,False,206.98456057729882,1.0731,1.8696,1.2069
538.08,264.93,0.5,600.0,30000.0,False,191.8431036699429,1.0731,1.8696,1.1111
538.08,264.93,1.0,5.0,500.0,True,,1.0731,1.7692,
538.08,264.93,1.0,15.0,1500.0,True,,1.0731,1.7692,
538.08,264.93,1.0,25.0,2500.0,True,,1.0731,1.7692,
538.08,264.93,1.0,35.0,3500.0,False,347.1198319323895,1.0731,1.7692,7.0
538.08,264.93,1.0,40.0,4000.0,False,215.65297535392708,1.0731,1.7692,4.0
538.08,264.93,1.0,50.0,5000.0,False,130.45883965249647,1.0731,1.7692,2.5
538.08,264.93,1.0,65.0,6500.0,False,89.76246887839196,1.0731,1.7692,1.8571
538.08,264.93,1.0,90.0,9000.0,False,63.78967849906306,1.0731,1.7692,1.5
538.08,264.93,1.0,130.0,13000.0,False,63.05517527130191,1.0731,1.7692,1.3
538.08,264.93,1.0,200.0,20000.0,False,56.250304232515845,1.0731,1.7692,1.1765
538.08,264.93,1.0,350.0,35000.0,False,54.05946171092922,1.0731,1.7692,1.0938
538.08,264.93,1.0,600.0,60000.0,False,70.37001705520618,1.0731,1.7692,1.0526
538.08,264.93,2.0,5.0,1000.0,True,,1.0731,1.625,
538.08,264.93,2.0,15.0,3000.0,True,,1.0731,1.625,
538.08,264.93,2.0,25.0,5000.0,False,34.14325333066469,1.0731,1.625,2.5
538.08,264.93,2.0,35.0,7000.0,False,27.54440231916582,1.0731,1.625,1.75
538.08,264.93,2.0,40.0,8000.0,False,27.746595025364137,1.0731,1.625,1.6
538.08,264.93,2.0,50.0,10000.0,False,21.4176515880432,1.0731,1.625,1.4286
538.08,264.93,2.0,65.0,13000.0,False,27.272564237625176,1.0731,1.625,1.3
538.08,264.93,2.0,90.0,18000.0,False,16.75096476590973,1.0731,1.625,1.2
538.08,264.93,2.0,130.0,26000.0,False,17.532492909057446,1.0731,1.625,1.1304
538.08,264.93,2.0,200.0,40000.0,False,14.167928746447155,1.0731,1.625,1.0811
538.08,264.93,2.0,350.0,70000.0,False,14.642292736118034,1.0731,1.625,1.0448
538.08,264.93,2.0,600.0,120000.0,False,15.728873284983958,1.0731,1.625,1.0256
538.08,264.93,4.0,5.0,2000.0,True,,1.0731,1.4545,
538.08,264.93,4.0,15.0,6000.0,False,11.531614510958853,1.0731,1.4545,2.0
538.08,264.93,4.0,25.0,10000.0,False,7.610575023508526,1.0731,1.4545,1.4286
538.08,264.93,4.0,35.0,14000.0,False,7.807063070044936,1.0731,1.4545,1.2727
538.08,264.93,4.0,40.0,16000.0,False,6.161955199689485,1.0731,1.4545,1.2308
538.08,264.93,4.0,50.0,20000.0,False,5.684216003656045,1.0731,1.4545,1.1765
538.08,264.93,4.0,65.0,26000.0,False,8.612370928754185,1.0731,1.4545,1.1304
538.08,264.93,4.0,90.0,36000.0,False,5.877588659907921,1.0731,1.4545,1.0909
538.08,264.93,4.0,130.0,52000.0,False,4.8379967968954185,1.0731,1.4545,1.0612
538.08,264.93,4.0,200.0,80000.0,False,4.754450895906765,1.0731,1.4545,1.039
538.08,264.93,4.0,350.0,140000.0,False,4.505320677685469,1.0731,1.4545,1.0219
538.08,264.93,4.0,600.0,240000.0,False,5.918385825631691,1.0731,1.4545,1.0127
538.08,264.93,8.0,5.0,4000.0,False,7.431004456298276,1.0731,1.2941,4.0
538.08,264.93,8.0,15.0,12000.0,False,2.6666145670903614,1.0731,1.2941,1.3333
538.08,264.93,8.0,25.0,20000.0,False,2.2864854485215096,1.0731,1.2941,1.1765
538.08,264.93,8.0,35.0,28000.0,False,2.4524212900420244,1.0731,1.2941,1.12
538.08,264.93,8.0,40.0,32000.0,False,1.9068482163579148,1.0731,1.2941,1.1034
538.08,264.93,8.0,50.0,40000.0,False,1.805159530138874,1.0731,1.2941,1.0811
538.08,264.93,8.0,65.0,52000.0,False,2.1534932438684566,1.0731,1.2941,1.0612
538.08,264.93,8.0,90.0,72000.0,False,2.2405621154954636,1.0731,1.2941,1.0435
538.08,264.93,8.0,130.0,104000.0,False,2.123728989718298,1.0731,1.2941,1.0297
538.08,264.93,8.0,200.0,160000.0,False,1.770980277190736,1.0731,1.2941,1.0191
538.08,264.93,8.0,350.0,280000.0,False,2.1955181874996037,1.0731,1.2941,1.0108
538.08,264.93,8.0,600.0,480000.0,False,1.7659940723373218,1.0731,1.2941,1.0063
540.38,267.23,0.5,5.0,250.0,True,,1.0762,1.8696,
540.38,267.23,0.5,15.0,750.0,True,,1.0762,1.8696,
540.38,267.23,0.5,25.0,1250.0,True,,1.0762,1.8696,
540.38,267.23,0.5,35.0,1750.0,True,,1.0762,1.8696,
540.38,267.23,0.5,40.0,2000.0,True,,1.0762,1.8696,
540.38,267.23,0.5,50.0,2500.0,True,,1.0762,1.8696,
540.38,267.23,0.5,65.0,3250.0,False,1849.9814198275794,1.0762,1.8696,13.0
540.38,267.23,0.5,90.0,4500.0,False,400.7074355622191,1.0762,1.8696,3.0
540.38,267.23,0.5,130.0,6500.0,False,347.38208186155185,1.0762,1.8696,1.8571
540.38,267.23,0.5,200.0,10000.0,False,241.74911875065618,1.0762,1.8696,1.4286
540.38,267.23,0.5,350.0,17500.0,False,203.36726910205647,1.0762,1.8696,1.2069
540.38,267.23,0.5,600.0,30000.0,False,206.16040746059244,1.0762,1.8696,1.1111
540.38,267.23,1.0,5.0,500.0,True,,1.0762,1.7692,
540.38,267.23,1.0,15.0,1500.0,True,,1.0762,1.7692,
540.38,267.23,1.0,25.0,2500.0,True,,1.0762,1.7692,
540.38,267.23,1.0,35.0,3500.0,False,464.20571775611177,1.0762,1.7692,7.0
540.38,267.23,1.0,40.0,4000.0,False,134.6165976389632,1.0762,1.7692,4.0
540.38,267.23,1.0,50.0,5000.0,False,97.32486629115515,1.0762,1.7692,2.5
540.38,267.23,1.0,65.0,6500.0,False,73.63593992115466,1.0762,1.7692,1.8571
540.38,267.23,1.0,90.0,9000.0,False,57.41826393094875,1.0762,1.7692,1.5
540.38,267.23,1.0,130.0,13000.0,False,48.09831052340399,1.0762,1.7692,1.3
540.38,267.23,1.0,200.0,20000.0,False,48.91534959159042,1.0762,1.7692,1.1765
540.38,267.23,1.0,350.0,35000.0,False,39.63219830172979,1.0762,1.7692,1.0938
540.38,267.23,1.0,600.0,60000.0,False,48.13790557417763,1.0762,1.7692,1.0526
540.38,267.23,2.0,5.0,1000.0,True,,1.0762,1.625,
540.38,267.23,2.0,15.0,3000.0,True,,1.0762,1.625,
540.38,267.23,2.0,25.0,5000.0,False,33.713918321293626,1.0762,1.625,2.5
540.38,267.23,2.0,35.0,7000.0,False,25.16956096541824,1.0762,1.625,1.75
540.38,267.23,2.0,40.0,8000.0,False,23.104517832376448,1.0762,1.625,1.6
540.38,267.23,2.0,50.0,10000.0,False,20.925975842340346,1.0762,1.625,1.4286
540.38,267.23,2.0,65.0,13000.0,False,16.448235425919904,1.0762,1.625,1.3
540.38,267.23,2.0,90.0,18000.0,False,22.07307071323431,1.0762,1.625,1.2
540.38,267.23,2.0,130.0,26000.0,False,15.668185703466026,1.0762,1.625,1.1304
540.38,267.23,2.0,200.0,40000.0,False,10.940309717478291,1.0762,1.625,1.0811
540.38,267.23,2.0,350.0,70000.0,False,12.028893403735383,1.0762,1.625,1.0448
540.38,267.23,2.0,600.0,120000.0,False,10.570928491827571,1.0762,1.625,1.0256
540.38,267.23,4.0,5.0,2000.0,True,,1.0762,1.4545,
540.38,267.23,4.0,15.0,6000.0,False,9.223660936947393,1.0762,1.4545,2.0
540.38,267.23,4.0,25.0,10000.0,False,6.452249365838413,1.0762,1.4545,1.4286
540.38,267.23,4.0,35.0,14000.0,False,5.457129127786019,1.0762,1.4545,1.2727
540.38,267.23,4.0,40.0,16000.0,False,7.654570574965957,1.0762,1.4545,1.2308
540.38,267.23,4.0,50.0,20000.0,False,5.876086676745717,1.0762,1.4545,1.1765
540.38,267.23,4.0,65.0,26000.0,False,5.798166372408996,1.0762,1.4545,1.1304
540.38,267.23,4.0,90.0,36000.0,False,4.363938618148235,1.0762,1.4545,1.0909
540.38,267.23,4.0,130.0,52000.0,False,4.202066110248602,1.0762,1.4545,1.0612
540.38,267.23,4.0,200.0,80000.0,False,4.805526867504949,1.0762,1.4545,1.039
540.38,267.23,4.0,350.0,140000.0,False,4.824162845915892,1.0762,1.4545,1.0219
540.38,267.23,4.0,600.0,240000.0,False,3.525973949075135,1.0762,1.4545,1.0127
540.38,267.23,8.0,5.0,4000.0,False,6.919175854743708,1.0762,1.2941,4.0
540.38,267.23,8.0,15.0,12000.0,False,2.3746290684699596,1.0762,1.2941,1.3333
540.38,267.23,8.0,25.0,20000.0,False,2.024443632330257,1.0762,1.2941,1.1765
540.38,267.23,8.0,35.0,28000.0,False,1.7618572038804254,1.0762,1.2941,1.12
540.38,267.23,8.0,40.0,32000.0,False,1.8086092038263095,1.0762,1.2941,1.1034
540.38,267.23,8.0,50.0,40000.0,False,1.871014919134978,1.0762,1.2941,1.0811
540.38,267.23,8.0,65.0,52000.0,False,1.9118890462121412,1.0762,1.2941,1.0612
540.38,267.23,8.0,90.0,72000.0,False,2.030590648348487,1.0762,1.2941,1.0435
540.38,267.23,8.0,130.0,104000.0,False,2.1521065900214595,1.0762,1.2941,1.0297
540.38,267.23,8.0,200.0,160000.0,False,1.7329483562123371,1.0762,1.2941,1.0191
540.38,267.23,8.0,350.0,280000.0,False,1.6776550692450476,1.0762,1.2941,1.0108
540.38,267.23,8.0,600.0,480000.0,False,1.9097385020289834,1.0762,1.2941,1.0063
542.69,269.54,0.5,5.0,250.0,True,,1.0793,1.8696,
542.69,269.54,0.5,15.0,750.0,True,,1.0793,1.8696,
542.69,269.54,0.5,25.0,1250.0,True,,1.0793,1.8696,
542.69,269.54,0.5,35.0,1750.0,True,,1.0793,1.8696,
542.69,269.54,0.5,40.0,2000.0,True,,1.0793,1.8696,
542.69,269.54,0.5,50.0,2500.0,True,,1.0793,1.8696,
542.69,269.54,0.5,65.0,3250.0,False,1986.9755279431042,1.0793,1.8696,13.0
542.69,269.54,0.5,90.0,4500.0,False,392.0051804548158,1.0793,1.8696,3.0
542.69,269.54,0.5,130.0,6500.0,False,291.6023506806086,1.0793,1.8696,1.8571
542.69,269.54,0.5,200.0,10000.0,False,230.76631533993304,1.0793,1.8696,1.4286
542.69,269.54,0.5,350.0,17500.0,False,204.30174289032266,1.0793,1.8696,1.2069
542.69,269.54,0.5,600.0,30000.0,False,202.3302944600705,1.0793,1.8696,1.1111
542.69,269.54,1.0,5.0,500.0,True,,1.0793,1.7692,
542.69,269.54,1.0,15.0,1500.0,True,,1.0793,1.7692,
542.69,269.54,1.0,25.0,2500.0,True,,1.0793,1.7692,
542.69,269.54,1.0,35.0,3500.0,False,242.26896163205896,1.0793,1.7692,7.0
542.69,269.54,1.0,40.0,4000.0,False,157.9818076531669,1.0793,1.7692,4.0
542.69,269.54,1.0,50.0,5000.0,False,98.69982553505159,1.0793,1.7692,2.5
542.69,269.54,1.0,65.0,6500.0,False,72.12703689215904,1.0793,1.7692,1.8571
542.69,269.54,1.0,90.0,9000.0,False,53.63363889825026,1.0793,1.7692,1.5
542.69,269.54,1.0,130.0,13000.0,False,41.0024063491655,1.0793,1.7692,1.3
542.69,269.54,1.0,200.0,20000.0,False,47.01758303346223,1.0793,1.7692,1.1765
542.69,269.54,1.0,350.0,35000.0,False,38.41544538148838,1.0793,1.7692,1.0938
542.69,269.54,1.0,600.0,60000.0,False,42.02619477291026,1.0793,1.7692,1.0526
542.69,269.54,2.0,5.0,1000.0,True,,1.0793,1.625,
542.69,269.54,2.0,15.0,3000.0,True,,1.0793,1.625,
542.69,269.54,2.0,25.0,5000.0,False,26.91355321517605,1.0793,1.625,2.5
542.69,269.54,2.0,35.0,7000.0,False,17.995339940068785,1.0793,1.625,1.75
542.69,269.54,2.0,40.0,8000.0,False,20.097474881816698,1.0793,1.625,1.6
542.69,269.54,2.0,50.0,10000.0,False,17.721152260675474,1.0793,1.625,1.4286
542.69,269.54,2.0,65.0,13000.0,False,17.19643949465973,1.0793,1.625,1.3
542.69,269.54,2.0,90.0,18000.0,False,20.199279144553632,1.0793,1.625,1.2
542.69,269.54,2.0,130.0,26000.0,False,14.291165481805047,1.0793,1.625,1.1304
542.69,269.54,2.0,200.0,40000.0,False,14.099926754156389,1.0793,1.625,1.0811
542.69,269.54,2.0,350.0,70000.0,False,10.779155462643601,1.0793,1.625,1.0448
542.69,269.54,2.0,600.0,120000.0,False,10.254611306769961,1.0793,1.625,1.0256
542.69,269.54,4.0,5.0,2000.0,True,,1.0793,1.4545,
542.69,269.54,4.0,15.0,6000.0,False,10.571659237509344,1.0793,1.4545,2.0
542.69,269.54,4.0,25.0,10000.0,False,5.184939342940142,1.0793,1.4545,1.4286
542.69,269.54,4.0,35.0,14000.0,False,4.5365899259723985,1.0793,1.4545,1.2727
542.69,269.54,4.0,40.0,16000.0,False,5.100709729499522,1.0793,1.4545,1.2308
542.69,269.54,4.0,50.0,20000.0,False,4.838453929239546,1.0793,1.4545,1.1765
542.69,269.54,4.0,65.0,26000.0,False,4.115792946754595,1.0793,1.4545,1.1304
542.69,269.54,4.0,90.0,36000.0,False,4.344325715123389,1.0793,1.4545,1.0909
542.69,269.54,4.0,130.0,52000.0,False,5.319795933310545,1.0793,1.4545,1.0612
542.69,269.54,4.0,200.0,80000.0,False,3.837907658866103,1.0793,1.4545,1.039
542.69,269.54,4.0,350.0,140000.0,False,3.4563592328333637,1.0793,1.4545,1.0219
542.69,269.54,4.0,600.0,240000.0,False,4.862598624639526,1.0793,1.4545,1.0127
542.69,269.54,8.0,5.0,4000.0,False,6.936295026742533,1.0793,1.2941,4.0
542.69,269.54,8.0,15.0,12000.0,False,1.9566486858040306,1.0793,1.2941,1.3333
542.69,269.54,8.0,25.0,20000.0,False,1.494546405803448,1.0793,1.2941,1.1765
542.69,269.54,8.0,35.0,28000.0,False,1.613271424496898,1.0793,1.2941,1.12
542.69,269.54,8.0,40.0,32000.0,False,1.7627291889307641,1.0793,1.2941,1.1034
542.69,269.54,8.0,50.0,40000.0,False,2.073921441234468,1.0793,1.2941,1.0811
542.69,269.54,8.0,65.0,52000.0,False,1.4631110143688517,1.0793,1.2941,1.0612
542.69,269.54,8.0,90.0,72000.0,False,1.659490302327531,1.0793,1.2941,1.0435
542.69,269.54,8.0,130.0,104000.0,False,1.8352320981646961,1.0793,1.2941,1.0297
542.69,269.54,8.0,200.0,160000.0,False,1.1483966878350587,1.0793,1.2941,1.0191
542.69,269.54,8.0,350.0,280000.0,False,1.901168882653102,1.0793,1.2941,1.0108
542.69,269.54,8.0,600.0,480000.0,False,1.3573454310817108,1.0793,1.2941,1.0063
545.0,271.85,0.5,5.0,250.0,True,,1.0824,1.8696,
545.0,271.85,0.5,15.0,750.0,True,,1.0824,1.8696,
545.0,271.85,0.5,25.0,1250.0,True,,1.0824,1.8696,
545.0,271.85,0.5,35.0,1750.0,True,,1.0824,1.8696,
545.0,271.85,0.5,40.0,2000.0,True,,1.0824,1.8696,
545.0,271.85,0.5,50.0,2500.0,True,,1.0824,1.8696,
545.0,271.85,0.5,65.0,3250.0,False,1727.927506963958,1.0824,1.8696,13.0
545.0,271.85,0.5,90.0,4500.0,False,393.68223593846835,1.0824,1.8696,3.0
545.0,271.85,0.5,130.0,6500.0,False,276.34676779116387,1.0824,1.8696,1.8571
545.0,271.85,0.5,200.0,10000.0,False,196.22126314146794,1.0824,1.8696,1.4286
545.0,271.85,0.5,350.0,17500.0,False,106.8459388148635,1.0824,1.8696,1.2069
545.0,271.85,0.5,600.0,30000.0,False,124.9074350771879,1.0824,1.8696,1.1111
545.0,271.85,1.0,5.0,500.0,True,,1.0824,1.7692,
545.0,271.85,1.0,15.0,1500.0,True,,1.0824,1.7692,
545.0,271.85,1.0,25.0,2500.0,True,,1.0824,1.7692,
545.0,271.85,1.0,35.0,3500.0,False,255.41206815163403,1.0824,1.7692,7.0
545.0,271.85,1.0,40.0,4000.0,False,138.83478848797876,1.0824,1.7692,4.0
545.0,271.85,1.0,50.0,5000.0,False,95.98285841291073,1.0824,1.7692,2.5
545.0,271.85,1.0,65.0,6500.0,False,74.71504427247817,1.0824,1.7692,1.8571
545.0,271.85,1.0,90.0,9000.0,False,58.73114377942004,1.0824,1.7692,1.5
545.0,271.85,1.0,130.0,13000.0,False,44.990902338348114,1.0824,1.7692,1.3
545.0,271.85,1.0,200.0,20000.0,False,31.874478858816474,1.0824,1.7692,1.1765
545.0,271.85,1.0,350.0,35000.0,False,36.50784786033657,1.0824,1.7692,1.0938
545.0,271.85,1.0,600.0,60000.0,False,40.0442780280214,1.0824,1.7692,1.0526
545.0,271.85,2.0,5.0,1000.0,True,,1.0824,1.625,
545.0,271.85,2.0,15.0,3000.0,True,,1.0824,1.625,
545.0,271.85,2.0,25.0,5000.0,False,23.34320472682628,1.0824,1.625,2.5
545.0,271.85,2.0,35.0,7000.0,False,21.155274867175137,1.0824,1.625,1.75
545.0,271.85,2.0,40.0,8000.0,False,20.16291252959045,1.0824,1.625,1.6
545.0,271.85,2.0,50.0,10000.0,False,16.01118066929466,1.0824,1.625,1.4286
545.0,271.85,2.0,65.0,13000.0,False,9.028439721358621,1.0824,1.625,1.3
545.0,271.85,2.0,90.0,18000.0,False,10.893764725606557,1.0824,1.625,1.2
545.0,271.85,2.0,130.0,26000.0,False,16.49591831609136,1.0824,1.625,1.1304
545.0,271.85,2.0,200.0,40000.0,False,10.952449744084937,1.0824,1.625,1.0811
545.0,271.85,2.0,350.0,70000.0,False,8.53148483825928,1.0824,1.625,1.0448
545.0,271.85,2.0,600.0,120000.0,False,13.574420767883005,1.0824,1.625,1.0256
545.0,271.85,4.0,5.0,2000.0,True,,1.0824,1.4545,
545.0,271.85,4.0,15.0,6000.0,False,7.575294048579912,1.0824,1.4545,2.0
545.0,271.85,4.0,25.0,10000.0,False,6.373556709656921,1.0824,1.4545,1.4286
545.0,271.85,4.0,35.0,14000.0,False,5.015070643446503,1.0824,1.4545,1.2727
545.0,271.85,4.0,40.0,16000.0,False,4.9836616146829344,1.0824,1.4545,1.2308
545.0,271.85,4.0,50.0,20000.0,False,4.696004150204824,1.0824,1.4545,1.1765
545.0,271.85,4.0,65.0,26000.0,False,4.744410643373077,1.0824,1.4545,1.1304
545.0,271.85,4.0,90.0,36000.0,False,5.802956876381328,1.0824,1.4545,1.0909
545.0,271.85,4.0,130.0,52000.0,False,4.640471699794128,1.0824,1.4545,1.0612
545.0,271.85,4.0,200.0,80000.0,False,3.098480917538272,1.0824,1.4545,1.039
545.0,271.85,4.0,350.0,140000.0,False,4.13051614490656,1.0824,1.4545,1.0219
545.0,271.85,4.0,600.0,240000.0,False,4.542795389205222,1.0824,1.4545,1.0127
545.0,271.85,8.0,5.0,4000.0,False,6.996883543736667,1.0824,1.2941,4.0
545.0,271.85,8.0,15.0,12000.0,False,1.8266006749294332,1.0824,1.2941,1.3333
545.0,271.85,8.0,25.0,20000.0,False,2.046285004179635,1.0824,1.2941,1.1765
545.0,271.85,8.0,35.0,28000.0,False,1.8799692212316408,1.0824,1.2941,1.12
545.0,271.85,8.0,40.0,32000.0,False,2.3704576745824943,1.0824,1.2941,1.1034
545.0,271.85,8.0,50.0,40000.0,False,1.410898366430336,1.0824,1.2941,1.0811
545.0,271.85,8.0,65.0,52000.0,False,1.4363119663505537,1.0824,1.2941,1.0612
545.0,271.85,8.0,90.0,72000.0,False,1.455583886854526,1.0824,1.2941,1.0435
545.0,271.85,8.0,130.0,104000.0,False,1.3972449704812053,1.0824,1.2941,1.0297
545.0,271.85,8.0,200.0,160000.0,False,1.3023759591391448,1.0824,1.2941,1.0191
545.0,271.85,8.0,350.0,280000.0,False,0.975442690895255,1.0824,1.2941,1.0108
545.0,271.85,8.0,600.0,480000.0,False,1.3768937437520932,1.0824,1.2941,1.0063
550.37,277.22,0.5,5.0,250.0,True,,1.0891,1.8696,
550.37,277.22,0.5,15.0,750.0,True,,1.0891,1.8696,
550.37,277.22,0.5,25.0,1250.0,True,,1.0891,1.8696,
550.37,277.22,0.5,35.0,1750.0,True,,1.0891,1.8696,
550.37,277.22,0.5,40.0,2000.0,True,,1.0891,1.8696,
550.37,277.22,0.5,50.0,2500.0,True,,1.0891,1.8696,
550.37,277.22,0.5,65.0,3250.0,False,1386.8276642191965,1.0891,1.8696,13.0
550.37,277.22,0.5,90.0,4500.0,False,281.1954860285397,1.0891,1.8696,3.0
550.37,277.22,0.5,130.0,6500.0,False,250.57730641818338,1.0891,1.8696,1.8571
550.37,277.22,0.5,200.0,10000.0,False,144.4744118546873,1.0891,1.8696,1.4286
550.37,277.22,0.5,350.0,17500.0,False,147.83956791199617,1.0891,1.8696,1.2069
550.37,277.22,0.5,600.0,30000.0,False,116.6286170446157,1.0891,1.8696,1.1111
550.37,277.22,1.0,5.0,500.0,True,,1.0891,1.7692,
550.37,277.22,1.0,15.0,1500.0,True,,1.0891,1.7692,
550.37,277.22,1.0,25.0,2500.0,True,,1.0891,1.7692,
550.37,277.22,1.0,35.0,3500.0,False,226.01475888640027,1.0891,1.7692,7.0
550.37,277.22,1.0,40.0,4000.0,False,118.97455546389558,1.0891,1.7692,4.0
550.37,277.22,1.0,50.0,5000.0,False,87.56115671138734,1.0891,1.7692,2.5
550.37,277.22,1.0,65.0,6500.0,False,53.418608942725335,1.0891,1.7692,1.8571
550.37,277.22,1.0,90.0,9000.0,False,46.090749613711296,1.0891,1.7692,1.5
550.37,277.22,1.0,130.0,13000.0,False,39.175175217658726,1.0891,1.7692,1.3
550.37,277.22,1.0,200.0,20000.0,False,32.136908501723106,1.0891,1.7692,1.1765
550.37,277.22,1.0,350.0,35000.0,False,33.151519839827316,1.0891,1.7692,1.0938
550.37,277.22,1.0,600.0,60000.0,False,41.97945314406082,1.0891,1.7692,1.0526
550.37,277.22,2.0,5.0,1000.0,True,,1.0891,1.625,
550.37,277.22,2.0,15.0,3000.0,True,,1.0891,1.625,
550.37,277.22,2.0,25.0,5000.0,False,21.069052351915893,1.0891,1.625,2.5
550.37,277.22,2.0,35.0,7000.0,False,16.35624173409708,1.0891,1.625,1.75
550.37,277.22,2.0,40.0,8000.0,False,16.9580819592379,1.0891,1.625,1.6
550.37,277.22,2.0,50.0,10000.0,False,14.876562622204315,1.0891,1.625,1.4286
550.37,277.22,2.0,65.0,13000.0,False,11.429477768199234,1.0891,1.625,1.3
550.37,277.22,2.0,90.0,18000.0,False,7.366092026912338,1.0891,1.625,1.2
550.37,277.22,2.0,130.0,26000.0,False,10.720757387390552,1.0891,1.625,1.1304
550.37,277.22,2.0,200.0,40000.0,False,6.801304708960921,1.0891,1.625,1.0811
550.37,277.22,2.0,350.0,70000.0,False,11.431437865091805,1.0891,1.625,1.0448
550.37,277.22,2.0,600.0,120000.0,False,9.233267077056945,1.0891,1.625,1.0256
550.37,277.22,4.0,5.0,2000.0,True,,1.0891,1.4545,
550.37,277.22,4.0,15.0,6000.0,False,7.009958028164533,1.0891,1.4545,2.0
550.37,277.22,4.0,25.0,10000.0,False,3.7644121111252598,1.0891,1.4545,1.4286
550.37,277.22,4.0,35.0,14000.0,False,3.0420126914012826,1.0891,1.4545,1.2727
550.37,277.22,4.0,40.0,16000.0,False,3.8612306444268785,1.0891,1.4545,1.2308
550.37,277.22,4.0,50.0,20000.0,False,3.5314616258782014,1.0891,1.4545,1.1765
550.37,277.22,4.0,65.0,26000.0,False,3.1680131607907316,1.0891,1.4545,1.1304
550.37,277.22,4.0,90.0,36000.0,False,3.3332373175108985,1.0891,1.4545,1.0909
550.37,277.22,4.0,130.0,52000.0,False,4.848998720917474,1.0891,1.4545,1.0612
550.37,277.22,4.0,200.0,80000.0,False,3.5524356790216842,1.0891,1.4545,1.039
550.37,277.22,4.0,350.0,140000.0,False,3.6085993945975443,1.0891,1.4545,1.0219
550.37,277.22,4.0,600.0,240000.0,False,3.467392068106226,1.0891,1.4545,1.0127
550.37,277.22,8.0,5.0,4000.0,False,5.820992750594403,1.0891,1.2941,4.0
550.37,277.22,8.0,15.0,12000.0,False,1.5104814811944538,1.0891,1.2941,1.3333
550.37,277.22,8.0,25.0,20000.0,False,1.0075905367185558,1.0891,1.2941,1.1765
550.37,277.22,8.0,35.0,28000.0,False,1.2690872046491377,1.0891,1.2941,1.12
550.37,277.22,8.0,40.0,32000.0,False,1.4527489213951237,1.0891,1.2941,1.1034
550.37,277.22,8.0,50.0,40000.0,False,1.0895324098414487,1.0891,1.2941,1.0811
550.37,277.22,8.0,65.0,52000.0,False,1.204694090731477,1.0891,1.2941,1.0612
550.37,277.22,8.0,90.0,72000.0,False,1.0964210595516208,1.0891,1.2941,1.0435
550.37,277.22,8.0,130.0,104000.0,False,1.503554407887665,1.0891,1.2941,1.0297
550.37,277.22,8.0,200.0,160000.0,False,1.3292351510271272,1.0891,1.2941,1.0191
550.37,277.22,8.0,350.0,280000.0,False,1.2992151225889013,1.0891,1.2941,1.0108
550.37,277.22,8.0,600.0,480000.0,False,1.28758317084575,1.0891,1.2941,1.0063
563.79,290.64,0.5,5.0,250.0,True,,1.1045,1.8696,
563.79,290.64,0.5,15.0,750.0,True,,1.1045,1.8696,
563.79,290.64,0.5,25.0,1250.0,True,,1.1045,1.8696,
563.79,290.64,0.5,35.0,1750.0,True,,1.1045,1.8696,
563.79,290.64,0.5,40.0,2000.0,True,,1.1045,1.8696,
563.79,290.64,0.5,50.0,2500.0,True,,1.1045,1.8696,
563.79,290.64,0.5,65.0,3250.0,False,752.3452286720662,1.1045,1.8696,13.0
563.79,290.64,0.5,90.0,4500.0,False,179.8420671015933,1.1045,1.8696,3.0
563.79,290.64,0.5,130.0,6500.0,False,90.47692547174074,1.1045,1.8696,1.8571
563.79,290.64,0.5,200.0,10000.0,False,59.89194229752602,1.1045,1.8696,1.4286
563.79,290.64,0.5,350.0,17500.0,False,71.83686114675209,1.1045,1.8696,1.2069
563.79,290.64,0.5,600.0,30000.0,False,67.8834581287494,1.1045,1.8696,1.1111
563.79,290.64,1.0,5.0,500.0,True,,1.1045,1.7692,
563.79,290.64,1.0,15.0,1500.0,True,,1.1045,1.7692,
563.79,290.64,1.0,25.0,2500.0,True,,1.1045,1.7692,
563.79,290.64,1.0,35.0,3500.0,False,138.0258691224513,1.1045,1.7692,7.0
563.79,290.64,1.0,40.0,4000.0,False,83.27397073832891,1.1045,1.7692,4.0
563.79,290.64,1.0,50.0,5000.0,False,52.03579230204518,1.1045,1.7692,2.5
563.79,290.64,1.0,65.0,6500.0,False,26.29758106111828,1.1045,1.7692,1.8571
563.79,290.64,1.0,90.0,9000.0,False,23.40071654661196,1.1045,1.7692,1.5
563.79,290.64,1.0,130.0,13000.0,False,22.978424248976157,1.1045,1.7692,1.3
563.79,290.64,1.0,200.0,20000.0,False,28.288232963475725,1.1045,1.7692,1.1765
563.79,290.64,1.0,350.0,35000.0,False,22.460727280403113,1.1045,1.7692,1.0938
563.79,290.64,1.0,600.0,60000.0,False,20.47785706843885,1.1045,1.7692,1.0526
563.79,290.64,2.0,5.0,1000.0,True,,1.1045,1.625,
563.79,290.64,2.0,15.0,3000.0,True,,1.1045,1.625,
563.79,290.64,2.0,25.0,5000.0,False,11.936594301287103,1.1045,1.625,2.5
563.79,290.64,2.0,35.0,7000.0,False,7.757205377756526,1.1045,1.625,1.75
563.79,290.64,2.0,40.0,8000.0,False,9.114131363298908,1.1045,1.625,1.6
563.79,290.64,2.0,50.0,10000.0,False,6.129186594959361,1.1045,1.625,1.4286
563.79,290.64,2.0,65.0,13000.0,False,6.347652796074431,1.1045,1.625,1.3
563.79,290.64,2.0,90.0,18000.0,False,5.969070133742873,1.1045,1.625,1.2
563.79,290.64,2.0,130.0,26000.0,False,7.264688576293121,1.1045,1.625,1.1304
563.79,290.64,2.0,200.0,40000.0,False,5.1874551532526,1.1045,1.625,1.0811
563.79,290.64,2.0,350.0,70000.0,False,3.667101145032132,1.1045,1.625,1.0448
563.79,290.64,2.0,600.0,120000.0,False,5.5983437746550315,1.1045,1.625,1.0256
563.79,290.64,4.0,5.0,2000.0,True,,1.1045,1.4545,
563.79,290.64,4.0,15.0,6000.0,False,3.1328388268370833,1.1045,1.4545,2.0
563.79,290.64,4.0,25.0,10000.0,False,2.501061550480216,1.1045,1.4545,1.4286
563.79,290.64,4.0,35.0,14000.0,False,2.185406857516811,1.1045,1.4545,1.2727
563.79,290.64,4.0,40.0,16000.0,False,2.054904612799689,1.1045,1.4545,1.2308
563.79,290.64,4.0,50.0,20000.0,False,2.3041588392445544,1.1045,1.4545,1.1765
563.79,290.64,4.0,65.0,26000.0,False,1.5625486758319405,1.1045,1.4545,1.1304
563.79,290.64,4.0,90.0,36000.0,False,1.7561166239938863,1.1045,1.4545,1.0909
563.79,290.64,4.0,130.0,52000.0,False,2.0455665072148976,1.1045,1.4545,1.0612
563.79,290.64,4.0,200.0,80000.0,False,1.6483160002898865,1.1045,1.4545,1.039
563.79,290.64,4.0,350.0,140000.0,False,1.3965238081871232,1.1045,1.4545,1.0219
563.79,290.64,4.0,600.0,240000.0,False,1.947424534413189,1.1045,1.4545,1.0127
563.79,290.64,8.0,5.0,4000.0,False,3.18173908747612,1.1045,1.2941,4.0
563.79,290.64,8.0,15.0,12000.0,False,0.8901210322404618,1.1045,1.2941,1.3333
563.79,290.64,8.0,25.0,20000.0,False,0.5892300844923019,1.1045,1.2941,1.1765
563.79,290.64,8.0,35.0,28000.0,False,0.8368533120985775,1.1045,1.2941,1.12
563.79,290.64,8.0,40.0,32000.0,False,0.5781778637328218,1.1045,1.2941,1.1034
563.79,290.64,8.0,50.0,40000.0,False,0.761055348470852,1.1045,1.2941,1.0811
563.79,290.64,8.0,65.0,52000.0,False,0.6243608585739859,1.1045,1.2941,1.0612
563.79,290.64,8.0,90.0,72000.0,False,0.5893430105493342,1.1045,1.2941,1.0435
563.79,290.64,8.0,130.0,104000.0,False,0.6476876335855741,1.1045,1.2941,1.0297
563.79,290.64,8.0,200.0,160000.0,False,0.6663786349088175,1.1045,1.2941,1.0191
563.79,290.64,8.0,350.0,280000.0,False,0.6168127621133033,1.1045,1.2941,1.0108
563.79,290.64,8.0,600.0,480000.0,False,0.7387796905763425,1.1045,1.2941,1.0063
577.21,304.06,0.5,5.0,250.0,True,,1.1177,1.8696,
577.21,304.06,0.5,15.0,750.0,True,,1.1177,1.8696,
577.21,304.06,0.5,25.0,1250.0,True,,1.1177,1.8696,
577.21,304.06,0.5,35.0,1750.0,True,,1.1177,1.8696,
577.21,304.06,0.5,40.0,2000.0,True,,1.1177,1.8696,
577.21,304.06,0.5,50.0,2500.0,True,,1.1177,1.8696,
577.21,304.06,0.5,65.0,3250.0,False,415.73834201315395,1.1177,1.8696,13.0
577.21,304.06,0.5,90.0,4500.0,False,118.82573945593953,1.1177,1.8696,3.0
577.21,304.06,0.5,130.0,6500.0,False,66.23654231618394,1.1177,1.8696,1.8571
577.21,304.06,0.5,200.0,10000.0,False,43.99423000539548,1.1177,1.8696,1.4286
577.21,304.06,0.5,350.0,17500.0,False,36.24053975830947,1.1177,1.8696,1.2069
577.21,304.06,0.5,600.0,30000.0,False,29.67346454939919,1.1177,1.8696,1.1111
577.21,304.06,1.0,5.0,500.0,True,,1.1177,1.7692,
577.21,304.06,1.0,15.0,1500.0,True,,1.1177,1.7692,
577.21,304.06,1.0,25.0,2500.0,True,,1.1177,1.7692,
577.21,304.06,1.0,35.0,3500.0,False,70.65756728207045,1.1177,1.7692,7.0
577.21,304.06,1.0,40.0,4000.0,False,36.650655593763695,1.1177,1.7692,4.0
577.21,304.06,1.0,50.0,5000.0,False,16.924909806366703,1.1177,1.7692,2.5
577.21,304.06,1.0,65.0,6500.0,False,16.560280125284777,1.1177,1.7692,1.8571
577.21,304.06,1.0,90.0,9000.0,False,12.662376177138158,1.1177,1.7692,1.5
577.21,304.06,1.0,130.0,13000.0,False,15.911482054415192,1.1177,1.7692,1.3
577.21,304.06,1.0,200.0,20000.0,False,8.805946437505098,1.1177,1.7692,1.1765
577.21,304.06,1.0,350.0,35000.0,False,8.514193767434636,1.1177,1.7692,1.0938
577.21,304.06,1.0,600.0,60000.0,False,12.014494885194624,1.1177,1.7692,1.0526
577.21,304.06,2.0,5.0,1000.0,True,,1.1177,1.625,
577.21,304.06,2.0,15.0,3000.0,True,,1.1177,1.625,
577.21,304.06,2.0,25.0,5000.0,False,9.110934597118757,1.1177,1.625,2.5
577.21,304.06,2.0,35.0,7000.0,False,4.6531222127603,1.1177,1.625,1.75
577.21,304.06,2.0,40.0,8000.0,False,4.326941089772832,1.1177,1.625,1.6
577.21,304.06,2.0,50.0,10000.0,False,4.65890454434225,1.1177,1.625,1.4286
577.21,304.06,2.0,65.0,13000.0,False,2.7263654513666675,1.1177,1.625,1.3
577.21,304.06,2.0,90.0,18000.0,False,2.6988144793886364,1.1177,1.625,1.2
577.21,304.06,2.0,130.0,26000.0,False,3.222515941402671,1.1177,1.625,1.1304
577.21,304.06,2.0,200.0,40000.0,False,4.055667222339794,1.1177,1.625,1.0811
577.21,304.06,2.0,350.0,70000.0,False,2.909883948632163,1.1177,1.625,1.0448
577.21,304.06,2.0,600.0,120000.0,False,3.096054062132773,1.1177,1.625,1.0256
577.21,304.06,4.0,5.0,2000.0,True,,1.1177,1.4545,
577.21,304.06,4.0,15.0,6000.0,False,2.423093506266969,1.1177,1.4545,2.0
577.21,304.06,4.0,25.0,10000.0,False,2.002781801069878,1.1177,1.4545,1.4286
577.21,304.06,4.0,35.0,14000.0,False,1.1929917724885477,1.1177,1.4545,1.2727
577.21,304.06,4.0,40.0,16000.0,False,1.2547587424052413,1.1177,1.4545,1.2308
577.21,304.06,4.0,50.0,20000.0,False,1.5803663282020561,1.1177,1.4545,1.1765
577.21,304.06,4.0,65.0,26000.0,False,0.9195249431639534,1.1177,1.4545,1.1304
577.21,304.06,4.0,90.0,36000.0,False,1.3007980989076688,1.1177,1.4545,1.0909
577.21,304.06,4.0,130.0,52000.0,False,0.9310014459185804,1.1177,1.4545,1.0612
577.21,304.06,4.0,200.0,80000.0,False,1.0783386057052382,1.1177,1.4545,1.039
577.21,304.06,4.0,350.0,140000.0,False,1.0071233516541718,1.1177,1.4545,1.0219
577.21,304.06,4.0,600.0,240000.0,False,0.8964672683039783,1.1177,1.4545,1.0127
577.21,304.06,8.0,5.0,4000.0,False,1.3629919449023447,1.1177,1.2941,4.0
577.21,304.06,8.0,15.0,12000.0,False,0.5488102080803748,1.1177,1.2941,1.3333
577.21,304.06,8.0,25.0,20000.0,False,0.5394004681427302,1.1177,1.2941,1.1765
577.21,304.06,8.0,35.0,28000.0,False,0.433753631997428,1.1177,1.2941,1.12
577.21,304.06,8.0,40.0,32000.0,False,0.44034807622520683,1.1177,1.2941,1.1034
577.21,304.06,8.0,50.0,40000.0,False,0.46509705362953074,1.1177,1.2941,1.0811
577.21,304.06,8.0,65.0,52000.0,False,0.36223350829082457,1.1177,1.2941,1.0612
577.21,304.06,8.0,90.0,72000.0,False,0.4604120919715145,1.1177,1.2941,1.0435
577.21,304.06,8.0,130.0,104000.0,False,0.45979479712041005,1.1177,1.2941,1.0297
577.21,304.06,8.0,200.0,160000.0,False,0.594713873242488,1.1177,1.2941,1.0191
577.21,304.06,8.0,350.0,280000.0,False,0.37727143619106746,1.1177,1.2941,1.0108
577.21,304.06,8.0,600.0,480000.0,False,0.3709865440867595,1.1177,1.2941,1.0063
590.63,317.48,0.5,5.0,250.0,True,,1.129,1.8696,
590.63,317.48,0.5,15.0,750.0,True,,1.129,1.8696,
590.63,317.48,0.5,25.0,1250.0,True,,1.129,1.8696,
590.63,317.48,0.5,35.0,1750.0,True,,1.129,1.8696,
590.63,317.48,0.5,40.0,2000.0,True,,1.129,1.8696,
590.63,317.48,0.5,50.0,2500.0,True,,1.129,1.8696,
590.63,317.48,0.5,65.0,3250.0,False,298.5890419899504,1.129,1.8696,13.0
590.63,317.48,0.5,90.0,4500.0,False,69.42533526030446,1.129,1.8696,3.0
590.63,317.48,0.5,130.0,6500.0,False,35.07715569464783,1.129,1.8696,1.8571
590.63,317.48,0.5,200.0,10000.0,False,27.52169191585856,1.129,1.8696,1.4286
590.63,317.48,0.5,350.0,17500.0,False,26.78911921167884,1.129,1.8696,1.2069
590.63,317.48,0.5,600.0,30000.0,False,20.085473208439236,1.129,1.8696,1.1111
590.63,317.48,1.0,5.0,500.0,True,,1.129,1.7692,
590.63,317.48,1.0,15.0,1500.0,True,,1.129,1.7692,
590.63,317.48,1.0,25.0,2500.0,True,,1.129,1.7692,
590.63,317.48,1.0,35.0,3500.0,False,38.06944379024304,1.129,1.7692,7.0
590.63,317.48,1.0,40.0,4000.0,False,23.448703030018244,1.129,1.7692,4.0
590.63,317.48,1.0,50.0,5000.0,False,16.789663745962056,1.129,1.7692,2.5
590.63,317.48,1.0,65.0,6500.0,False,9.810285000838789,1.129,1.7692,1.8571
590.63,317.48,1.0,90.0,9000.0,False,6.58101736451018,1.129,1.7692,1.5
590.63,317.48,1.0,130.0,13000.0,False,5.640408847583889,1.129,1.7692,1.3
590.63,317.48,1.0,200.0,20000.0,False,5.633263173308609,1.129,1.7692,1.1765
590.63,317.48,1.0,350.0,35000.0,False,5.195115775282085,1.129,1.7692,1.0938
590.63,317.48,1.0,600.0,60000.0,False,5.948764731446989,1.129,1.7692,1.0526
590.63,317.48,2.0,5.0,1000.0,True,,1.129,1.625,
590.63,317.48,2.0,15.0,3000.0,True,,1.129,1.625,
590.63,317.48,2.0,25.0,5000.0,False,3.722463282059354,1.129,1.625,2.5
590.63,317.48,2.0,35.0,7000.0,False,2.802829539861545,1.129,1.625,1.75
590.63,317.48,2.0,40.0,8000.0,False,2.5353144161868237,1.129,1.625,1.6
590.63,317.48,2.0,50.0,10000.0,False,2.379821958944793,1.129,1.625,1.4286
590.63,317.48,2.0,65.0,13000.0,False,2.821212697549195,1.129,1.625,1.3
590.63,317.48,2.0,90.0,18000.0,False,2.358534869203729,1.129,1.625,1.2
590.63,317.48,2.0,130.0,26000.0,False,2.016672038905821,1.129,1.625,1.1304
590.63,317.48,2.0,200.0,40000.0,False,1.7954119824493415,1.129,1.625,1.0811
590.63,317.48,2.0,350.0,70000.0,False,1.74236718024661,1.129,1.625,1.0448
590.63,317.48,2.0,600.0,120000.0,False,1.9172784209913722,1.129,1.625,1.0256
590.63,317.48,4.0,5.0,2000.0,True,,1.129,1.4545,
590.63,317.48,4.0,15.0,6000.0,False,1.3355708780692577,1.129,1.4545,2.0
590.63,317.48,4.0,25.0,10000.0,False,0.7627069487944491,1.129,1.4545,1.4286
590.63,317.48,4.0,35.0,14000.0,False,0.7828771068774659,1.129,1.4545,1.2727
590.63,317.48,4.0,40.0,16000.0,False,0.5551498022927436,1.129,1.4545,1.2308
590.63,317.48,4.0,50.0,20000.0,False,0.7429416874088149,1.129,1.4545,1.1765
590.63,317.48,4.0,65.0,26000.0,False,0.7753125747311327,1.129,1.4545,1.1304
590.63,317.48,4.0,90.0,36000.0,False,0.6399196648773842,1.129,1.4545,1.0909
590.63,317.48,4.0,130.0,52000.0,False,0.8525603784237579,1.129,1.4545,1.0612
590.63,317.48,4.0,200.0,80000.0,False,0.5568951644569285,1.129,1.4545,1.039
590.63,317.48,4.0,350.0,140000.0,False,0.6458834832089914,1.129,1.4545,1.0219
590.63,317.48,4.0,600.0,240000.0,False,0.6161846234956337,1.129,1.4545,1.0127
590.63,317.48,8.0,5.0,4000.0,False,0.9313312209608247,1.129,1.2941,4.0
590.63,317.48,8.0,15.0,12000.0,False,0.3097913540037285,1.129,1.2941,1.3333
590.63,317.48,8.0,25.0,20000.0,False,0.2825766824420732,1.129,1.2941,1.1765
590.63,317.48,8.0,35.0,28000.0,False,0.300632253565363,1.129,1.2941,1.12
590.63,317.48,8.0,40.0,32000.0,False,0.3206870675784094,1.129,1.2941,1.1034
590.63,317.48,8.0,50.0,40000.0,False,0.25544044150642786,1.129,1.2941,1.0811
590.63,317.48,8.0,65.0,52000.0,False,0.28346427562500137,1.129,1.2941,1.0612
590.63,317.48,8.0,90.0,72000.0,False,0.2219961067386285,1.129,1.2941,1.0435
590.63,317.48,8.0,130.0,104000.0,False,0.2730156097810225,1.129,1.2941,1.0297
590.63,317.48,8.0,200.0,160000.0,False,0.21486169742206432,1.129,1.2941,1.0191
590.63,317.48,8.0,350.0,280000.0,False,0.28138852326221026,1.129,1.2941,1.0108
590.63,317.48,8.0,600.0,480000.0,False,0.33136848922112705,1.129,1.2941,1.0063
604.05,330.9,0.5,5.0,250.0,True,,1.1386,1.8696,
604.05,330.9,0.5,15.0,750.0,True,,1.1386,1.8696,
604.05,330.9,0.5,25.0,1250.0,True,,1.1386,1.8696,
604.05,330.9,0.5,35.0,1750.0,True,,1.1386,1.8696,
604.05,330.9,0.5,40.0,2000.0,True,,1.1386,1.8696,
604.05,330.9,0.5,50.0,2500.0,True,,1.1386,1.8696,
604.05,330.9,0.5,65.0,3250.0,False,159.23971231352553,1.1386,1.8696,13.0
604.05,330.9,0.5,90.0,4500.0,False,26.93710441024889,1.1386,1.8696,3.0
604.05,330.9,0.5,130.0,6500.0,False,21.34040417891688,1.1386,1.8696,1.8571
604.05,330.9,0.5,200.0,10000.0,False,21.439395295949176,1.1386,1.8696,1.4286
604.05,330.9,0.5,350.0,17500.0,False,16.359154792656494,1.1386,1.8696,1.2069
604.05,330.9,0.5,600.0,30000.0,False,14.389107154138594,1.1386,1.8696,1.1111
604.05,330.9,1.0,5.0,500.0,True,,1.1386,1.7692,
604.05,330.9,1.0,15.0,1500.0,True,,1.1386,1.7692,
604.05,330.9,1.0,25.0,2500.0,True,,1.1386,1.7692,
604.05,330.9,1.0,35.0,3500.0,False,28.71134327272099,1.1386,1.7692,7.0
604.05,330.9,1.0,40.0,4000.0,False,15.165820662254811,1.1386,1.7692,4.0
604.05,330.9,1.0,50.0,5000.0,False,10.580697898616148,1.1386,1.7692,2.5
604.05,330.9,1.0,65.0,6500.0,False,7.516004183160473,1.1386,1.7692,1.8571
604.05,330.9,1.0,90.0,9000.0,False,6.644583783981958,1.1386,1.7692,1.5
604.05,330.9,1.0,130.0,13000.0,False,4.836859058779508,1.1386,1.7692,1.3
604.05,330.9,1.0,200.0,20000.0,False,4.751164367167164,1.1386,1.7692,1.1765
604.05,330.9,1.0,350.0,35000.0,False,3.682621917026033,1.1386,1.7692,1.0938
604.05,330.9,1.0,600.0,60000.0,False,3.3911057592259395,1.1386,1.7692,1.0526
604.05,330.9,2.0,5.0,1000.0,True,,1.1386,1.625,
604.05,330.9,2.0,15.0,3000.0,True,,1.1386,1.625,
604.05,330.9,2.0,25.0,5000.0,False,3.5033959160018493,1.1386,1.625,2.5
604.05,330.9,2.0,35.0,7000.0,False,1.9610369142960529,1.1386,1.625,1.75
604.05,330.9,2.0,40.0,8000.0,False,1.9584681195514229,1.1386,1.625,1.6
604.05,330.9,2.0,50.0,10000.0,False,1.5787964684926703,1.1386,1.625,1.4286
604.05,330.9,2.0,65.0,13000.0,False,1.291512224298136,1.1386,1.625,1.3
604.05,330.9,2.0,90.0,18000.0,False,1.3039470704759406,1.1386,1.625,1.2
604.05,330.9,2.0,130.0,26000.0,False,1.5210917089559233,1.1386,1.625,1.1304
604.05,330.9,2.0,200.0,40000.0,False,1.2746535733121707,1.1386,1.625,1.0811
604.05,330.9,2.0,350.0,70000.0,False,0.8767867545987461,1.1386,1.625,1.0448
604.05,330.9,2.0,600.0,120000.0,False,1.077300118991443,1.1386,1.625,1.0256
604.05,330.9,4.0,5.0,2000.0,True,,1.1386,1.4545,
604.05,330.9,4.0,15.0,6000.0,False,0.9744106048079142,1.1386,1.4545,2.0
604.05,330.9,4.0,25.0,10000.0,False,0.5159175394871325,1.1386,1.4545,1.4286
604.05,330.9,4.0,35.0,14000.0,False,0.36228521339319086,1.1386,1.4545,1.2727
604.05,330.9,4.0,40.0,16000.0,False,0.6096824381688944,1.1386,1.4545,1.2308
604.05,330.9,4.0,50.0,20000.0,False,0.48600520650871604,1.1386,1.4545,1.1765
604.05,330.9,4.0,65.0,26000.0,False,0.41714835425332275,1.1386,1.4545,1.1304
604.05,330.9,4.0,90.0,36000.0,False,0.38476788156120695,1.1386,1.4545,1.0909
604.05,330.9,4.0,130.0,52000.0,False,0.4655026273251429,1.1386,1.4545,1.0612
604.05,330.9,4.0,200.0,80000.0,False,0.35718906436017894,1.1386,1.4545,1.039
604.05,330.9,4.0,350.0,140000.0,False,0.4527053585832063,1.1386,1.4545,1.0219
604.05,330.9,4.0,600.0,240000.0,False,0.4096280717487713,1.1386,1.4545,1.0127
604.05,330.9,8.0,5.0,4000.0,False,0.5978631555767198,1.1386,1.2941,4.0
604.05,330.9,8.0,15.0,12000.0,False,0.19634523920253694,1.1386,1.2941,1.3333
604.05,330.9,8.0,25.0,20000.0,False,0.16511446571447408,1.1386,1.2941,1.1765
604.05,330.9,8.0,35.0,28000.0,False,0.1887720012652054,1.1386,1.2941,1.12
604.05,330.9,8.0,40.0,32000.0,False,0.1396310921951782,1.1386,1.2941,1.1034
604.05,330.9,8.0,50.0,40000.0,False,0.1221241332910491,1.1386,1.2941,1.0811
604.05,330.9,8.0,65.0,52000.0,False,0.1676627765878119,1.1386,1.2941,1.0612
604.05,330.9,8.0,90.0,72000.0,False,0.1652749754403839,1.1386,1.2941,1.0435
604.05,330.9,8.0,130.0,104000.0,False,0.1594406569363424,1.1386,1.2941,1.0297
604.05,330.9,8.0,200.0,160000.0,False,0.1560930816138573,1.1386,1.2941,1.0191
604.05,330.9,8.0,350.0,280000.0,False,0.13880308599564262,1.1386,1.2941,1.0108
604.05,330.9,8.0,600.0,480000.0,False,0.1631642332760873,1.1386,1.2941,1.0063
617.47,344.32,0.5,5.0,250.0,True,,1.1468,1.8696,
617.47,344.32,0.5,15.0,750.0,True,,1.1468,1.8696,
617.47,344.32,0.5,25.0,1250.0,True,,1.1468,1.8696,
617.47,344.32,0.5,35.0,1750.0,True,,1.1468,1.8696,
617.47,344.32,0.5,40.0,2000.0,True,,1.1468,1.8696,
617.47,344.32,0.5,50.0,2500.0,True,,1.1468,1.8696,
617.47,344.32,0.5,65.0,3250.0,False,99.95238617331675,1.1468,1.8696,13.0
617.47,344.32,0.5,90.0,4500.0,False,21.58769659731045,1.1468,1.8696,3.0
617.47,344.32,0.5,130.0,6500.0,False,13.719714423274839,1.1468,1.8696,1.8571
617.47,344.32,0.5,200.0,10000.0,False,14.974506591413057,1.1468,1.8696,1.4286
617.47,344.32,0.5,350.0,17500.0,False,7.202182571951967,1.1468,1.8696,1.2069
617.47,344.32,0.5,600.0,30000.0,False,9.27114628418787,1.1468,1.8696,1.1111
617.47,344.32,1.0,5.0,500.0,True,,1.1468,1.7692,
617.47,344.32,1.0,15.0,1500.0,True,,1.1468,1.7692,
617.47,344.32,1.0,25.0,2500.0,True,,1.1468,1.7692,
617.47,344.32,1.0,35.0,3500.0,False,11.904659067449634,1.1468,1.7692,7.0
617.47,344.32,1.0,40.0,4000.0,False,8.610183384511851,1.1468,1.7692,4.0
617.47,344.32,1.0,50.0,5000.0,False,5.125011997290959,1.1468,1.7692,2.5
617.47,344.32,1.0,65.0,6500.0,False,2.971810077152125,1.1468,1.7692,1.8571
617.47,344.32,1.0,90.0,9000.0,False,3.478868173999421,1.1468,1.7692,1.5
617.47,344.32,1.0,130.0,13000.0,False,2.686514992881048,1.1468,1.7692,1.3
617.47,344.32,1.0,200.0,20000.0,False,1.8785951464380954,1.1468,1.7692,1.1765
617.47,344.32,1.0,350.0,35000.0,False,2.714027324007446,1.1468,1.7692,1.0938
617.47,344.32,1.0,600.0,60000.0,False,2.8560240860749744,1.1468,1.7692,1.0526
617.47,344.32,2.0,5.0,1000.0,True,,1.1468,1.625,
617.47,344.32,2.0,15.0,3000.0,True,,1.1468,1.625,
617.47,344.32,2.0,25.0,5000.0,False,2.1044215762249965,1.1468,1.625,2.5
617.47,344.32,2.0,35.0,7000.0,False,1.2432022550621398,1.1468,1.625,1.75
617.47,344.32,2.0,40.0,8000.0,False,1.0845266348460432,1.1468,1.625,1.6
617.47,344.32,2.0,50.0,10000.0,False,1.1736630823905874,1.1468,1.625,1.4286
617.47,344.32,2.0,65.0,13000.0,False,1.126317050859119,1.1468,1.625,1.3
617.47,344.32,2.0,90.0,18000.0,False,0.9575169293878486,1.1468,1.625,1.2
617.47,344.32,2.0,130.0,26000.0,False,0.6607385478279305,1.1468,1.625,1.1304
617.47,344.32,2.0,200.0,40000.0,False,0.7500574540137385,1.1468,1.625,1.0811
617.47,344.32,2.0,350.0,70000.0,False,0.7512335462641521,1.1468,1.625,1.0448
617.47,344.32,2.0,600.0,120000.0,False,0.5262949526929896,1.1468,1.625,1.0256
617.47,344.32,4.0,5.0,2000.0,True,,1.1468,1.4545,
617.47,344.32,4.0,15.0,6000.0,False,0.4965564579966857,1.1468,1.4545,2.0
617.47,344.32,4.0,25.0,10000.0,False,0.46487549978043946,1.1468,1.4545,1.4286
617.47,344.32,4.0,35.0,14000.0,False,0.32417982951301727,1.1468,1.4545,1.2727
617.47,344.32,4.0,40.0,16000.0,False,0.3552412856510075,1.1468,1.4545,1.2308
617.47,344.32,4.0,50.0,20000.0,False,0.27980755086312936,1.1468,1.4545,1.1765
617.47,344.32,4.0,65.0,26000.0,False,0.2587249382773252,1.1468,1.4545,1.1304
617.47,344.32,4.0,90.0,36000.0,False,0.26729368427053773,1.1468,1.4545,1.0909
617.47,344.32,4.0,130.0,52000.0,False,0.21728184436682918,1.1468,1.4545,1.0612
617.47,344.32,4.0,200.0,80000.0,False,0.20805466220323307,1.1468,1.4545,1.039
617.47,344.32,4.0,350.0,140000.0,False,0.2859317339515711,1.1468,1.4545,1.0219
617.47,344.32,4.0,600.0,240000.0,False,0.287889303422013,1.1468,1.4545,1.0127
617.47,344.32,8.0,5.0,4000.0,False,0.30821513623652064,1.1468,1.2941,4.0
617.47,344.32,8.0,15.0,12000.0,False,0.13783419989034265,1.1468,1.2941,1.3333
617.47,344.32,8.0,25.0,20000.0,False,0.10381853847285927,1.1468,1.2941,1.1765
617.47,344.32,8.0,35.0,28000.0,False,0.10536911758281405,1.1468,1.2941,1.12
617.47,344.32,8.0,40.0,32000.0,False,0.10570397391745795,1.1468,1.2941,1.1034
617.47,344.32,8.0,50.0,40000.0,False,0.11220008282970358,1.1468,1.2941,1.0811
617.47,344.32,8.0,65.0,52000.0,False,0.09606266802153643,1.1468,1.2941,1.0612
617.47,344.32,8.0,90.0,72000.0,False,0.11526727167597177,1.1468,1.2941,1.0435
617.47,344.32,8.0,130.0,104000.0,False,0.09643333377526205,1.1468,1.2941,1.0297
617.47,344.32,8.0,200.0,160000.0,False,0.10005552384883284,1.1468,1.2941,1.0191
617.47,344.32,8.0,350.0,280000.0,False,0.07975443312417331,1.1468,1.2941,1.0108
617.47,344.32,8.0,600.0,480000.0,False,0.1243671507888535,1.1468,1.2941,1.0063
630.89,357.74,0.5,5.0,250.0,True,,1.1538,1.8696,
630.89,357.74,0.5,15.0,750.0,True,,1.1538,1.8696,
630.89,357.74,0.5,25.0,1250.0,True,,1.1538,1.8696,
630.89,357.74,0.5,35.0,1750.0,True,,1.1538,1.8696,
630.89,357.74,0.5,40.0,2000.0,True,,1.1538,1.8696,
630.89,357.74,0.5,50.0,2500.0,True,,1.1538,1.8696,
630.89,357.74,0.5,65.0,3250.0,False,68.1756889552977,1.1538,1.8696,13.0
630.89,357.74,0.5,90.0,4500.0,False,16.31731543982593,1.1538,1.8696,3.0
630.89,357.74,0.5,130.0,6500.0,False,7.131176837478668,1.1538,1.8696,1.8571
630.89,357.74,0.5,200.0,10000.0,False,6.1714546933432155,1.1538,1.8696,1.4286
630.89,357.74,0.5,350.0,17500.0,False,7.102165397537775,1.1538,1.8696,1.2069
630.89,357.74,0.5,600.0,30000.0,False,5.66926297108896,1.1538,1.8696,1.1111
630.89,357.74,1.0,5.0,500.0,True,,1.1538,1.7692,
630.89,357.74,1.0,15.0,1500.0,True,,1.1538,1.7692,
630.89,357.74,1.0,25.0,2500.0,True,,1.1538,1.7692,
630.89,357.74,1.0,35.0,3500.0,False,7.255908396605123,1.1538,1.7692,7.0
630.89,357.74,1.0,40.0,4000.0,False,6.456005286813039,1.1538,1.7692,4.0
630.89,357.74,1.0,50.0,5000.0,False,3.1825928004141852,1.1538,1.7692,2.5
630.89,357.74,1.0,65.0,6500.0,False,3.1699304756806774,1.1538,1.7692,1.8571
630.89,357.74,1.0,90.0,9000.0,False,2.044723670094882,1.1538,1.7692,1.5
630.89,357.74,1.0,130.0,13000.0,False,1.8515871066034721,1.1538,1.7692,1.3
630.89,357.74,1.0,200.0,20000.0,False,1.9393153834913253,1.1538,1.7692,1.1765
630.89,357.74,1.0,350.0,35000.0,False,1.320434847748384,1.1538,1.7692,1.0938
630.89,357.74,1.0,600.0,60000.0,False,1.252747541798461,1.1538,1.7692,1.0526
630.89,357.74,2.0,5.0,1000.0,True,,1.1538,1.625,
630.89,357.74,2.0,15.0,3000.0,True,,1.1538,1.625,
630.89,357.74,2.0,25.0,5000.0,False,1.0316236000250625,1.1538,1.625,2.5
630.89,357.74,2.0,35.0,7000.0,False,0.8419872654153155,1.1538,1.625,1.75
630.89,357.74,2.0,40.0,8000.0,False,0.556933154801872,1.1538,1.625,1.6
630.89,357.74,2.0,50.0,10000.0,False,0.47273876213629207,1.1538,1.625,1.4286
630.89,357.74,2.0,65.0,13000.0,False,0.6251524784887071,1.1538,1.625,1.3
630.89,357.74,2.0,90.0,18000.0,False,0.4658892719027639,1.1538,1.625,1.2
630.89,357.74,2.0,130.0,26000.0,False,0.4529771135281316,1.1538,1.625,1.1304
630.89,357.74,2.0,200.0,40000.0,False,0.34776020049679446,1.1538,1.625,1.0811
630.89,357.74,2.0,350.0,70000.0,False,0.40102706048866676,1.1538,1.625,1.0448
630.89,357.74,2.0,600.0,120000.0,False,0.4353959711443072,1.1538,1.625,1.0256
630.89,357.74,4.0,5.0,2000.0,True,,1.1538,1.4545,
630.89,357.74,4.0,15.0,6000.0,False,0.33594128955945496,1.1538,1.4545,2.0
630.89,357.74,4.0,25.0,10000.0,False,0.18590261680524428,1.1538,1.4545,1.4286
630.89,357.74,4.0,35.0,14000.0,False,0.2384121805721356,1.1538,1.4545,1.2727
630.89,357.74,4.0,40.0,16000.0,False,0.16225813827554483,1.1538,1.4545,1.2308
630.89,357.74,4.0,50.0,20000.0,False,0.15513375981066693,1.1538,1.4545,1.1765
630.89,357.74,4.0,65.0,26000.0,False,0.20797928989157707,1.1538,1.4545,1.1304
630.89,357.74,4.0,90.0,36000.0,False,0.1645086170115421,1.1538,1.4545,1.0909
630.89,357.74,4.0,130.0,52000.0,False,0.14271537513707433,1.1538,1.4545,1.0612
630.89,357.74,4.0,200.0,80000.0,False,0.1482920729892098,1.1538,1.4545,1.039
630.89,357.74,4.0,350.0,140000.0,False,0.18288455109933713,1.1538,1.4545,1.0219
630.89,357.74,4.0,600.0,240000.0,False,0.18433260417379427,1.1538,1.4545,1.0127
630.89,357.74,8.0,5.0,4000.0,False,0.1997430212082896,1.1538,1.2941,4.0
630.89,357.74,8.0,15.0,12000.0,False,0.0747817045223704,1.1538,1.2941,1.3333
630.89,357.74,8.0,25.0,20000.0,False,0.06730932029368399,1.1538,1.2941,1.1765
630.89,357.74,8.0,35.0,28000.0,False,0.05452443396898563,1.1538,1.2941,1.12
630.89,357.74,8.0,40.0,32000.0,False,0.06176541482150001,1.1538,1.2941,1.1034
630.89,357.74,8.0,50.0,40000.0,False,0.06106972429879627,1.1538,1.2941,1.0811
630.89,357.74,8.0,65.0,52000.0,False,0.07107325491342024,1.1538,1.2941,1.0612
630.89,357.74,8.0,90.0,72000.0,False,0.07059290409239638,1.1538,1.2941,1.0435
630.89,357.74,8.0,130.0,104000.0,False,0.055320593472039326,1.1538,1.2941,1.0297
630.89,357.74,8.0,200.0,160000.0,False,0.05570619159679678,1.1538,1.2941,1.0191
630.89,357.74,8.0,350.0,280000.0,False,0.0630338702201494,1.1538,1.2941,1.0108
630.89,357.74,8.0,600.0,480000.0,False,0.052026208844622925,1.1538,1.2941,1.0063
644.32,371.17,0.5,5.0,250.0,True,,1.1597,1.8696,
644.32,371.17,0.5,15.0,750.0,True,,1.1597,1.8696,
644.32,371.17,0.5,25.0,1250.0,True,,1.1597,1.8696,
644.32,371.17,0.5,35.0,1750.0,True,,1.1597,1.8696,
644.32,371.17,0.5,40.0,2000.0,True,,1.1597,1.8696,
644.32,371.17,0.5,50.0,2500.0,True,,1.1597,1.8696,
644.32,371.17,0.5,65.0,3250.0,False,44.55382581786698,1.1597,1.8696,13.0
644.32,371.17,0.5,90.0,4500.0,False,9.289446422502133,1.1597,1.8696,3.0
644.32,371.17,0.5,130.0,6500.0,False,5.038367237066737,1.1597,1.8696,1.8571
644.32,371.17,0.5,200.0,10000.0,False,3.88297683101958,1.1597,1.8696,1.4286
644.32,371.17,0.5,350.0,17500.0,False,4.704707874781581,1.1597,1.8696,1.2069
644.32,371.17,0.5,600.0,30000.0,False,3.405357547641173,1.1597,1.8696,1.1111
644.32,371.17,1.0,5.0,500.0,True,,1.1597,1.7692,
644.32,371.17,1.0,15.0,1500.0,True,,1.1597,1.7692,
644.32,371.17,1.0,25.0,2500.0,True,,1.1597,1.7692,
644.32,371.17,1.0,35.0,3500.0,False,7.938496273103709,1.1597,1.7692,7.0
644.32,371.17,1.0,40.0,4000.0,False,3.2838270636839484,1.1597,1.7692,4.0
644.32,371.17,1.0,50.0,5000.0,False,2.3157465514248186,1.1597,1.7692,2.5
644.32,371.17,1.0,65.0,6500.0,False,2.3577347933661588,1.1597,1.7692,1.8571
644.32,371.17,1.0,90.0,9000.0,False,1.1349830357351778,1.1597,1.7692,1.5
644.32,371.17,1.0,130.0,13000.0,False,0.8671465350422153,1.1597,1.7692,1.3
644.32,371.17,1.0,200.0,20000.0,False,1.2652478819770345,1.1597,1.7692,1.1765
644.32,371.17,1.0,350.0,35000.0,False,0.8567161753486496,1.1597,1.7692,1.0938
644.32,371.17,1.0,600.0,60000.0,False,0.9304824607945179,1.1597,1.7692,1.0526
644.32,371.17,2.0,5.0,1000.0,True,,1.1597,1.625,
644.32,371.17,2.0,15.0,3000.0,True,,1.1597,1.625,
644.32,371.17,2.0,25.0,5000.0,False,0.6246952250435548,1.1597,1.625,2.5
644.32,371.17,2.0,35.0,7000.0,False,0.49705520463045255,1.1597,1.625,1.75
644.32,371.17,2.0,40.0,8000.0,False,0.3785257448766471,1.1597,1.625,1.6
644.32,371.17,2.0,50.0,10000.0,False,0.3793824583988308,1.1597,1.625,1.4286
644.32,371.17,2.0,65.0,13000.0,False,0.3794403689852032,1.1597,1.625,1.3
644.32,371.17,2.0,90.0,18000.0,False,0.281444737639914,1.1597,1.625,1.2
644.32,371.17,2.0,130.0,26000.0,False,0.2776747898436772,1.1597,1.625,1.1304
644.32,371.17,2.0,200.0,40000.0,False,0.2799791138501175,1.1597,1.625,1.0811
644.32,371.17,2.0,350.0,70000.0,False,0.2300602423962305,1.1597,1.625,1.0448
644.32,371.17,2.0,600.0,120000.0,False,0.26264269941092944,1.1597,1.625,1.0256
644.32,371.17,4.0,5.0,2000.0,True,,1.1597,1.4545,
644.32,371.17,4.0,15.0,6000.0,False,0.19094528520428258,1.1597,1.4545,2.0
644.32,371.17,4.0,25.0,10000.0,False,0.12618673873717404,1.1597,1.4545,1.4286
644.32,371.17,4.0,35.0,14000.0,False,0.11460321333276115,1.1597,1.4545,1.2727
644.32,371.17,4.0,40.0,16000.0,False,0.11508539001565816,1.1597,1.4545,1.2308
644.32,371.17,4.0,50.0,20000.0,False,0.10000074847361454,1.1597,1.4545,1.1765
644.32,371.17,4.0,65.0,26000.0,False,0.11759916881450296,1.1597,1.4545,1.1304
644.32,371.17,4.0,90.0,36000.0,False,0.1269036778123511,1.1597,1.4545,1.0909
644.32,371.17,4.0,130.0,52000.0,False,0.09283155573178475,1.1597,1.4545,1.0612
644.32,371.17,4.0,200.0,80000.0,False,0.10479658737123279,1.1597,1.4545,1.039
644.32,371.17,4.0,350.0,140000.0,False,0.0924565850963467,1.1597,1.4545,1.0219
644.32,371.17,4.0,600.0,240000.0,False,0.10032572518913756,1.1597,1.4545,1.0127
644.32,371.17,8.0,5.0,4000.0,False,0.18331486745295636,1.1597,1.2941,4.0
644.32,371.17,8.0,15.0,12000.0,False,0.05214482661986175,1.1597,1.2941,1.3333
644.32,371.17,8.0,25.0,20000.0,False,0.03267305458407946,1.1597,1.2941,1.1765
644.32,371.17,8.0,35.0,28000.0,False,0.043443967343483776,1.1597,1.2941,1.12
644.32,371.17,8.0,40.0,32000.0,False,0.04810632209738962,1.1597,1.2941,1.1034
644.32,371.17,8.0,50.0,40000.0,False,0.03789298818539271,1.1597,1.2941,1.0811
644.32,371.17,8.0,65.0,52000.0,False,0.044648138346667726,1.1597,1.2941,1.0612
644.32,371.17,8.0,90.0,72000.0,False,0.034092801215298195,1.1597,1.2941,1.0435
644.32,371.17,8.0,130.0,104000.0,False,0.02985891571237177,1.1597,1.2941,1.0297
644.32,371.17,8.0,200.0,160000.0,False,0.03771837338445627,1.1597,1.2941,1.0191
644.32,371.17,8.0,350.0,280000.0,False,0.02814429189914909,1.1597,1.2941,1.0108
644.32,371.17,8.0,600.0,480000.0,False,0.035175433667522356,1.1597,1.2941,1.0063
657.74,384.59,0.5,5.0,250.0,True,,1.1647,1.8696,
657.74,384.59,0.5,15.0,750.0,True,,1.1647,1.8696,
657.74,384.59,0.5,25.0,1250.0,True,,1.1647,1.8696,
657.74,384.59,0.5,35.0,1750.0,True,,1.1647,1.8696,
657.74,384.59,0.5,40.0,2000.0,True,,1.1647,1.8696,
657.74,384.59,0.5,50.0,2500.0,True,,1.1647,1.8696,
657.74,384.59,0.5,65.0,3250.0,False,32.27516837965522,1.1647,1.8696,13.0
657.74,384.59,0.5,90.0,4500.0,False,4.611117842401455,1.1647,1.8696,3.0
657.74,384.59,0.5,130.0,6500.0,False,3.137534015241112,1.1647,1.8696,1.8571
657.74,384.59,0.5,200.0,10000.0,False,2.504759104528231,1.1647,1.8696,1.4286
657.74,384.59,0.5,350.0,17500.0,False,2.447034074655638,1.1647,1.8696,1.2069
657.74,384.59,0.5,600.0,30000.0,False,2.152920849251421,1.1647,1.8696,1.1111
657.74,384.59,1.0,5.0,500.0,True,,1.1647,1.7692,
657.74,384.59,1.0,15.0,1500.0,True,,1.1647,1.7692,
657.74,384.59,1.0,25.0,2500.0,True,,1.1647,1.7692,
657.74,384.59,1.0,35.0,3500.0,False,4.994868194042475,1.1647,1.7692,7.0
657.74,384.59,1.0,40.0,4000.0,False,2.669996144349327,1.1647,1.7692,4.0
657.74,384.59,1.0,50.0,5000.0,False,1.557702675036721,1.1647,1.7692,2.5
657.74,384.59,1.0,65.0,6500.0,False,1.09802616601852,1.1647,1.7692,1.8571
657.74,384.59,1.0,90.0,9000.0,False,0.9204247713718084,1.1647,1.7692,1.5
657.74,384.59,1.0,130.0,13000.0,False,0.6608009157434871,1.1647,1.7692,1.3
657.74,384.59,1.0,200.0,20000.0,False,0.7739336755211644,1.1647,1.7692,1.1765
657.74,384.59,1.0,350.0,35000.0,False,0.5354948203979201,1.1647,1.7692,1.0938
657.74,384.59,1.0,600.0,60000.0,False,0.6902028502935366,1.1647,1.7692,1.0526
657.74,384.59,2.0,5.0,1000.0,True,,1.1647,1.625,
657.74,384.59,2.0,15.0,3000.0,True,,1.1647,1.625,
657.74,384.59,2.0,25.0,5000.0,False,0.5316273679279993,1.1647,1.625,2.5
657.74,384.59,2.0,35.0,7000.0,False,0.32149313124998813,1.1647,1.625,1.75
657.74,384.59,2.0,40.0,8000.0,False,0.2773561362713949,1.1647,1.625,1.6
657.74,384.59,2.0,50.0,10000.0,False,0.2700081464794248,1.1647,1.625,1.4286
657.74,384.59,2.0,65.0,13000.0,False,0.15063613238384918,1.1647,1.625,1.3
657.74,384.59,2.0,90.0,18000.0,False,0.22349543528645677,1.1647,1.625,1.2
657.74,384.59,2.0,130.0,26000.0,False,0.19781453957249764,1.1647,1.625,1.1304
657.74,384.59,2.0,200.0,40000.0,False,0.1909665009589999,1.1647,1.625,1.0811
657.74,384.59,2.0,350.0,70000.0,False,0.2067505925863151,1.1647,1.625,1.0448
657.74,384.59,2.0,600.0,120000.0,False,0.18051848278899663,1.1647,1.625,1.0256
657.74,384.59,4.0,5.0,2000.0,True,,1.1647,1.4545,
657.74,384.59,4.0,15.0,6000.0,False,0.10313163918568619,1.1647,1.4545,2.0
657.74,384.59,4.0,25.0,10000.0,False,0.08557169938467511,1.1647,1.4545,1.4286
657.74,384.59,4.0,35.0,14000.0,False,0.07866398682014994,1.1647,1.4545,1.2727
657.74,384.59,4.0,40.0,16000.0,False,0.07661321044680629,1.1647,1.4545,1.2308
657.74,384.59,4.0,50.0,20000.0,False,0.07375117336248906,1.1647,1.4545,1.1765
657.74,384.59,4.0,65.0,26000.0,False,0.08083400648569193,1.1647,1.4545,1.1304
657.74,384.59,4.0,90.0,36000.0,False,0.05671259184863974,1.1647,1.4545,1.0909
657.74,384.59,4.0,130.0,52000.0,False,0.06666423214567171,1.1647,1.4545,1.0612
657.74,384.59,4.0,200.0,80000.0,False,0.07713836351814193,1.1647,1.4545,1.039
657.74,384.59,4.0,350.0,140000.0,False,0.04820003960531658,1.1647,1.4545,1.0219
657.74,384.59,4.0,600.0,240000.0,False,0.06365105213193833,1.1647,1.4545,1.0127
657.74,384.59,8.0,5.0,4000.0,False,0.08660879475415942,1.1647,1.2941,4.0
657.74,384.59,8.0,15.0,12000.0,False,0.02981433432334629,1.1647,1.2941,1.3333
657.74,384.59,8.0,25.0,20000.0,False,0.024281423298044398,1.1647,1.2941,1.1765
657.74,384.59,8.0,35.0,28000.0,False,0.025811234905431267,1.1647,1.2941,1.12
657.74,384.59,8.0,40.0,32000.0,False,0.034382310264520606,1.1647,1.2941,1.1034
657.74,384.59,8.0,50.0,40000.0,False,0.021140925687840657,1.1647,1.2941,1.0811
657.74,384.59,8.0,65.0,52000.0,False,0.0210498977101148,1.1647,1.2941,1.0612
657.74,384.59,8.0,90.0,72000.0,False,0.020291117110847252,1.1647,1.2941,1.0435
657.74,384.59,8.0,130.0,104000.0,False,0.031541271857221595,1.1647,1.2941,1.0297
657.74,384.59,8.0,200.0,160000.0,False,0.022476961126854954,1.1647,1.2941,1.0191
657.74,384.59,8.0,350.0,280000.0,False,0.023803675905694915,1.1647,1.2941,1.0108
657.74,384.59,8.0,600.0,480000.0,False,0.022393392831877856,1.1647,1.2941,1.0063
671.16,398.01,0.5,5.0,250.0,True,,1.169,1.8696,
671.16,398.01,0.5,15.0,750.0,True,,1.169,1.8696,
671.16,398.01,0.5,25.0,1250.0,True,,1.169,1.8696,
671.16,398.01,0.5,35.0,1750.0,True,,1.169,1.8696,
671.16,398.01,0.5,40.0,2000.0,True,,1.169,1.8696,
671.16,398.01,0.5,50.0,2500.0,True,,1.169,1.8696,
671.16,398.01,0.5,65.0,3250.0,False,15.301044559528343,1.169,1.8696,13.0
671.16,398.01,0.5,90.0,4500.0,False,3.927389139078778,1.169,1.8696,3.0
671.16,398.01,0.5,130.0,6500.0,False,3.6415554853113745,1.169,1.8696,1.8571
671.16,398.01,0.5,200.0,10000.0,False,2.38719910071582,1.169,1.8696,1.4286
671.16,398.01,0.5,350.0,17500.0,False,1.440149216898474,1.169,1.8696,1.2069
671.16,398.01,0.5,600.0,30000.0,False,1.660521655575061,1.169,1.8696,1.1111
671.16,398.01,1.0,5.0,500.0,True,,1.169,1.7692,
671.16,398.01,1.0,15.0,1500.0,True,,1.169,1.7692,
671.16,398.01,1.0,25.0,2500.0,True,,1.169,1.7692,
671.16,398.01,1.0,35.0,3500.0,False,2.368187433048788,1.169,1.7692,7.0
671.16,398.01,1.0,40.0,4000.0,False,1.174429324686409,1.169,1.7692,4.0
671.16,398.01,1.0,50.0,5000.0,False,1.116457250513209,1.169,1.7692,2.5
671.16,398.01,1.0,65.0,6500.0,False,0.8470430735326488,1.169,1.7692,1.8571
671.16,398.01,1.0,90.0,9000.0,False,0.672546569867108,1.169,1.7692,1.5
671.16,398.01,1.0,130.0,13000.0,False,0.46432414155544516,1.169,1.7692,1.3
671.16,398.01,1.0,200.0,20000.0,False,0.4397476244619143,1.169,1.7692,1.1765
671.16,398.01,1.0,350.0,35000.0,False,0.4690809730284843,1.169,1.7692,1.0938
671.16,398.01,1.0,600.0,60000.0,False,0.42782580376085616,1.169,1.7692,1.0526
671.16,398.01,2.0,5.0,1000.0,True,,1.169,1.625,
671.16,398.01,2.0,15.0,3000.0,True,,1.169,1.625,
671.16,398.01,2.0,25.0,5000.0,False,0.27790755628030905,1.169,1.625,2.5
671.16,398.01,2.0,35.0,7000.0,False,0.16187079103088056,1.169,1.625,1.75
671.16,398.01,2.0,40.0,8000.0,False,0.1919295397511989,1.169,1.625,1.6
671.16,398.01,2.0,50.0,10000.0,False,0.19805995852137245,1.169,1.625,1.4286
671.16,398.01,2.0,65.0,13000.0,False,0.1280946491254903,1.169,1.625,1.3
671.16,398.01,2.0,90.0,18000.0,False,0.15573858740426041,1.169,1.625,1.2
671.16,398.01,2.0,130.0,26000.0,False,0.14010287752437642,1.169,1.625,1.1304
671.16,398.01,2.0,200.0,40000.0,False,0.14266899070923256,1.169,1.625,1.0811
671.16,398.01,2.0,350.0,70000.0,False,0.14042062232478497,1.169,1.625,1.0448
671.16,398.01,2.0,600.0,120000.0,False,0.10898294886268893,1.169,1.625,1.0256
671.16,398.01,4.0,5.0,2000.0,True,,1.169,1.4545,
671.16,398.01,4.0,15.0,6000.0,False,0.06361224965116594,1.169,1.4545,2.0
671.16,398.01,4.0,25.0,10000.0,False,0.0534555143712831,1.169,1.4545,1.4286
671.16,398.01,4.0,35.0,14000.0,False,0.05895261232724704,1.169,1.4545,1.2727
671.16,398.01,4.0,40.0,16000.0,False,0.045995407984970496,1.169,1.4545,1.2308
671.16,398.01,4.0,50.0,20000.0,False,0.04297485669981302,1.169,1.4545,1.1765
671.16,398.01,4.0,65.0,26000.0,False,0.0348691525283941,1.169,1.4545,1.1304
671.16,398.01,4.0,90.0,36000.0,False,0.057518768084491086,1.169,1.4545,1.0909
671.16,398.01,4.0,130.0,52000.0,False,0.04869046656603214,1.169,1.4545,1.0612
671.16,398.01,4.0,200.0,80000.0,False,0.047271538713145565,1.169,1.4545,1.039
671.16,398.01,4.0,350.0,140000.0,False,0.047895573584678205,1.169,1.4545,1.0219
671.16,398.01,4.0,600.0,240000.0,False,0.044758788758765176,1.169,1.4545,1.0127
671.16,398.01,8.0,5.0,4000.0,False,0.06039289882001927,1.169,1.2941,4.0
671.16,398.01,8.0,15.0,12000.0,False,0.020375719121574033,1.169,1.2941,1.3333
671.16,398.01,8.0,25.0,20000.0,False,0.017281054240273125,1.169,1.2941,1.1765
671.16,398.01,8.0,35.0,28000.0,False,0.02604344993245563,1.169,1.2941,1.12
671.16,398.01,8.0,40.0,32000.0,False,0.01878490033575682,1.169,1.2941,1.1034
671.16,398.01,8.0,50.0,40000.0,False,0.015793808106792345,1.169,1.2941,1.0811
671.16,398.01,8.0,65.0,52000.0,False,0.017822726856331354,1.169,1.2941,1.0612
671.16,398.01,8.0,90.0,72000.0,False,0.014043445475394876,1.169,1.2941,1.0435
671.16,398.01,8.0,130.0,104000.0,False,0.020209906117775317,1.169,1.2941,1.0297
671.16,398.01,8.0,200.0,160000.0,False,0.014454331703371816,1.169,1.2941,1.0191
671.16,398.01,8.0,350.0,280000.0,False,0.017067249750401182,1.169,1.2941,1.0108
671.16,398.01,8.0,600.0,480000.0,False,0.018493008716739635,1.169,1.2941,1.0063
684.58,411.43,0.5,5.0,250.0,True,,1.1727,1.8696,
684.58,411.43,0.5,15.0,750.0,True,,1.1727,1.8696,
684.58,411.43,0.5,25.0,1250.0,True,,1.1727,1.8696,
684.58,411.43,0.5,35.0,1750.0,True,,1.1727,1.8696,
684.58,411.43,0.5,40.0,2000.0,True,,1.1727,1.8696,
684.58,411.43,0.5,50.0,2500.0,True,,1.1727,1.8696,
684.58,411.43,0.5,65.0,3250.0,False,12.558652058998804,1.1727,1.8696,13.0
684.58,411.43,0.5,90.0,4500.0,False,2.7746593516086993,1.1727,1.8696,3.0
684.58,411.43,0.5,130.0,6500.0,False,1.6962241917743406,1.1727,1.8696,1.8571
684.58,411.43,0.5,200.0,10000.0,False,1.2916932769708447,1.1727,1.8696,1.4286
684.58,411.43,0.5,350.0,17500.0,False,1.0093359649734441,1.1727,1.8696,1.2069
684.58,411.43,0.5,600.0,30000.0,False,0.9471320049322015,1.1727,1.8696,1.1111
684.58,411.43,1.0,5.0,500.0,True,,1.1727,1.7692,
684.58,411.43,1.0,15.0,1500.0,True,,1.1727,1.7692,
684.58,411.43,1.0,25.0,2500.0,True,,1.1727,1.7692,
684.58,411.43,1.0,35.0,3500.0,False,2.2521872657362816,1.1727,1.7692,7.0
684.58,411.43,1.0,40.0,4000.0,False,1.0141664293752883,1.1727,1.7692,4.0
684.58,411.43,1.0,50.0,5000.0,False,0.5726242414210039,1.1727,1.7692,2.5
684.58,411.43,1.0,65.0,6500.0,False,0.4429261291901008,1.1727,1.7692,1.8571
684.58,411.43,1.0,90.0,9000.0,False,0.4559253756411263,1.1727,1.7692,1.5
684.58,411.43,1.0,130.0,13000.0,False,0.3707447036604698,1.1727,1.7692,1.3
684.58,411.43,1.0,200.0,20000.0,False,0.3297638335120216,1.1727,1.7692,1.1765
684.58,411.43,1.0,350.0,35000.0,False,0.2711826054608118,1.1727,1.7692,1.0938
684.58,411.43,1.0,600.0,60000.0,False,0.2956292397857139,1.1727,1.7692,1.0526
684.58,411.43,2.0,5.0,1000.0,True,,1.1727,1.625,
684.58,411.43,2.0,15.0,3000.0,True,,1.1727,1.625,
684.58,411.43,2.0,25.0,5000.0,False,0.17999156753941975,1.1727,1.625,2.5
684.58,411.43,2.0,35.0,7000.0,False,0.13346337863820765,1.1727,1.625,1.75
684.58,411.43,2.0,40.0,8000.0,False,0.14673492709904815,1.1727,1.625,1.6
684.58,411.43,2.0,50.0,10000.0,False,0.12914942087885567,1.1727,1.625,1.4286
684.58,411.43,2.0,65.0,13000.0,False,0.08896394962083508,1.1727,1.625,1.3
684.58,411.43,2.0,90.0,18000.0,False,0.08369222053195255,1.1727,1.625,1.2
684.58,411.43,2.0,130.0,26000.0,False,0.091109409330924,1.1727,1.625,1.1304
684.58,411.43,2.0,200.0,40000.0,False,0.11105602873363192,1.1727,1.625,1.0811
684.58,411.43,2.0,350.0,70000.0,False,0.062154379845517416,1.1727,1.625,1.0448
684.58,411.43,2.0,600.0,120000.0,False,0.08479369499655566,1.1727,1.625,1.0256
684.58,411.43,4.0,5.0,2000.0,True,,1.1727,1.4545,
684.58,411.43,4.0,15.0,6000.0,False,0.04434737374727013,1.1727,1.4545,2.0
684.58,411.43,4.0,25.0,10000.0,False,0.035404470750999055,1.1727,1.4545,1.4286
684.58,411.43,4.0,35.0,14000.0,False,0.03284536383985977,1.1727,1.4545,1.2727
684.58,411.43,4.0,40.0,16000.0,False,0.03149648407449957,1.1727,1.4545,1.2308
684.58,411.43,4.0,50.0,20000.0,False,0.029599644413653516,1.1727,1.4545,1.1765
684.58,411.43,4.0,65.0,26000.0,False,0.030845664042746482,1.1727,1.4545,1.1304
684.58,411.43,4.0,90.0,36000.0,False,0.027440934314815504,1.1727,1.4545,1.0909
684.58,411.43,4.0,130.0,52000.0,False,0.023228213115313097,1.1727,1.4545,1.0612
684.58,411.43,4.0,200.0,80000.0,False,0.03183334942625749,1.1727,1.4545,1.039
684.58,411.43,4.0,350.0,140000.0,False,0.031183999649024834,1.1727,1.4545,1.0219
684.58,411.43,4.0,600.0,240000.0,False,0.031323472554586576,1.1727,1.4545,1.0127
684.58,411.43,8.0,5.0,4000.0,False,0.033432240087064455,1.1727,1.2941,4.0
684.58,411.43,8.0,15.0,12000.0,False,0.01468543689234894,1.1727,1.2941,1.3333
684.58,411.43,8.0,25.0,20000.0,False,0.013711738320057131,1.1727,1.2941,1.1765
684.58,411.43,8.0,35.0,28000.0,False,0.010104540677359022,1.1727,1.2941,1.12
684.58,411.43,8.0,40.0,32000.0,False,0.01163656830683555,1.1727,1.2941,1.1034
684.58,411.43,8.0,50.0,40000.0,False,0.011188182244249662,1.1727,1.2941,1.0811
684.58,411.43,8.0,65.0,52000.0,False,0.01473289190917104,1.1727,1.2941,1.0612
684.58,411.43,8.0,90.0,72000.0,False,0.014666566853229283,1.1727,1.2941,1.0435
684.58,411.43,8.0,130.0,104000.0,False,0.008448200356253472,1.1727,1.2941,1.0297
684.58,411.43,8.0,200.0,160000.0,False,0.015601289647333257,1.1727,1.2941,1.0191
684.58,411.43,8.0,350.0,280000.0,False,0.009279658611834381,1.1727,1.2941,1.0108
684.58,411.43,8.0,600.0,480000.0,False,0.0122767487385265,1.1727,1.2941,1.0063
698.0,424.85,0.5,5.0,250.0,True,,1.1758,1.8696,
698.0,424.85,0.5,15.0,750.0,True,,1.1758,1.8696,
698.0,424.85,0.5,25.0,1250.0,True,,1.1758,1.8696,
698.0,424.85,0.5,35.0,1750.0,True,,1.1758,1.8696,
698.0,424.85,0.5,40.0,2000.0,True,,1.1758,1.8696,
698.0,424.85,0.5,50.0,2500.0,True,,1.1758,1.8696,
698.0,424.85,0.5,65.0,3250.0,False,9.351484560008256,1.1758,1.8696,13.0
698.0,424.85,0.5,90.0,4500.0,False,1.6068404657046773,1.1758,1.8696,3.0
698.0,424.85,0.5,130.0,6500.0,False,1.2436373469344773,1.1758,1.8696,1.8571
698.0,424.85,0.5,200.0,10000.0,False,0.8742017758770937,1.1758,1.8696,1.4286
698.0,424.85,0.5,350.0,17500.0,False,0.8156359076268651,1.1758,1.8696,1.2069
698.0,424.85,0.5,600.0,30000.0,False,0.7153183530166115,1.1758,1.8696,1.1111
698.0,424.85,1.0,5.0,500.0,True,,1.1758,1.7692,
698.0,424.85,1.0,15.0,1500.0,True,,1.1758,1.7692,
698.0,424.85,1.0,25.0,2500.0,True,,1.1758,1.7692,
698.0,424.85,1.0,35.0,3500.0,False,1.472085474314496,1.1758,1.7692,7.0
698.0,424.85,1.0,40.0,4000.0,False,0.7110043764463153,1.1758,1.7692,4.0
698.0,424.85,1.0,50.0,5000.0,False,0.42845422834120656,1.1758,1.7692,2.5
698.0,424.85,1.0,65.0,6500.0,False,0.3847228234424686,1.1758,1.7692,1.8571
698.0,424.85,1.0,90.0,9000.0,False,0.28760810166862605,1.1758,1.7692,1.5
698.0,424.85,1.0,130.0,13000.0,False,0.2549864907100775,1.1758,1.7692,1.3
698.0,424.85,1.0,200.0,20000.0,False,0.18714902435973274,1.1758,1.7692,1.1765
698.0,424.85,1.0,350.0,35000.0,False,0.16433335775938746,1.1758,1.7692,1.0938
698.0,424.85,1.0,600.0,60000.0,False,0.16989987032449605,1.1758,1.7692,1.0526
698.0,424.85,2.0,5.0,1000.0,True,,1.1758,1.625,
698.0,424.85,2.0,15.0,3000.0,True,,1.1758,1.625,
698.0,424.85,2.0,25.0,5000.0,False,0.1231726241966966,1.1758,1.625,2.5
698.0,424.85,2.0,35.0,7000.0,False,0.10648083058309732,1.1758,1.625,1.75
698.0,424.85,2.0,40.0,8000.0,False,0.10016517095640717,1.1758,1.625,1.6
698.0,424.85,2.0,50.0,10000.0,False,0.07547675263334118,1.1758,1.625,1.4286
698.0,424.85,2.0,65.0,13000.0,False,0.08713175631786574,1.1758,1.625,1.3
698.0,424.85,2.0,90.0,18000.0,False,0.07967941425635651,1.1758,1.625,1.2
698.0,424.85,2.0,130.0,26000.0,False,0.06340428562342766,1.1758,1.625,1.1304
698.0,424.85,2.0,200.0,40000.0,False,0.05168135467738578,1.1758,1.625,1.0811
698.0,424.85,2.0,350.0,70000.0,False,0.07155943880173529,1.1758,1.625,1.0448
698.0,424.85,2.0,600.0,120000.0,False,0.05495883780648425,1.1758,1.625,1.0256
698.0,424.85,4.0,5.0,2000.0,True,,1.1758,1.4545,
698.0,424.85,4.0,15.0,6000.0,False,0.0378886132961991,1.1758,1.4545,2.0
698.0,424.85,4.0,25.0,10000.0,False,0.02523704251509255,1.1758,1.4545,1.4286
698.0,424.85,4.0,35.0,14000.0,False,0.02070286660592088,1.1758,1.4545,1.2727
698.0,424.85,4.0,40.0,16000.0,False,0.018355368929498763,1.1758,1.4545,1.2308
698.0,424.85,4.0,50.0,20000.0,False,0.024047423124488886,1.1758,1.4545,1.1765
698.0,424.85,4.0,65.0,26000.0,False,0.01868406142481362,1.1758,1.4545,1.1304
698.0,424.85,4.0,90.0,36000.0,False,0.03208920650132839,1.1758,1.4545,1.0909
698.0,424.85,4.0,130.0,52000.0,False,0.016761608269783682,1.1758,1.4545,1.0612
698.0,424.85,4.0,200.0,80000.0,False,0.015993661824075182,1.1758,1.4545,1.039
698.0,424.85,4.0,350.0,140000.0,False,0.02050689088333201,1.1758,1.4545,1.0219
698.0,424.85,4.0,600.0,240000.0,False,0.023678192343128047,1.1758,1.4545,1.0127
698.0,424.85,8.0,5.0,4000.0,False,0.029008392538207906,1.1758,1.2941,4.0
698.0,424.85,8.0,15.0,12000.0,False,0.010434533266219622,1.1758,1.2941,1.3333
698.0,424.85,8.0,25.0,20000.0,False,0.006408269035529479,1.1758,1.2941,1.1765
698.0,424.85,8.0,35.0,28000.0,False,0.00726671498037355,1.1758,1.2941,1.12
698.0,424.85,8.0,40.0,32000.0,False,0.006746339690767231,1.1758,1.2941,1.1034
698.0,424.85,8.0,50.0,40000.0,False,0.005843366231622537,1.1758,1.2941,1.0811
698.0,424.85,8.0,65.0,52000.0,False,0.00775682291275606,1.1758,1.2941,1.0612
698.0,424.85,8.0,90.0,72000.0,False,0.005353431983614428,1.1758,1.2941,1.0435
698.0,424.85,8.0,130.0,104000.0,False,0.006065053501528645,1.1758,1.2941,1.0297
698.0,424.85,8.0,200.0,160000.0,False,0.006752760046656929,1.1758,1.2941,1.0191
698.0,424.85,8.0,350.0,280000.0,False,0.006408861217132873,1.1758,1.2941,1.0108
698.0,424.85,8.0,600.0,480000.0,False,0.007670127701135336,1.1758,1.2941,1.0063
